Event_Timestamp_UTC,Request_Id,Conversation_Id,UserId,User_Name,Group_Name,Box_Name,Client_Type,Channel,Chat_Trigger_Type,Request_Source,Workflow_Area,Agent_Pattern,Plugin_Name,MCP_Server,Tool_Invocation_Count,Model_Name,Estimated_Credits_Used,Prompt_Chars,Response_Chars
2026-05-13T09:04:00Z,req-d3660255cf38,conv-8dae4bb19b,d-92675051d5.33a7a52f-dbf7-4f6b-89c9-43d30a61e104,Nina Patel,Retail Analytics Team,Retail Intelligence,KIRO_IDE,IDE,MANUAL,chat,retail-analytics,spec-driven,Browser,No MCP Invoked,7,Claude_Sonnet_4.6_messages,13.96,2026,7781
2026-05-13T09:04:00Z,req-39ba85c122c7,conv-47d541ba50,d-92675051d5.f12818d1-8f2c-4d54-9188-4f7224a4d103,Ethan Brooks,Payments Modernization Team,Payments Transformation,KIRO_IDE,IDE,MANUAL,spec,legacy-modernization,single-agent,GitHub,github,3,Auto_messages,3.18,5136,11340
2026-05-13T09:16:00Z,req-b0cc3b47bccb,conv-d984e408fa,d-92675051d5.7e23e16f-5eb6-49f0-8e5d-a84c5ad99106,Casey Liu,Retail Analytics Team,Retail Intelligence,KIRO_CLI,CLI,MANUAL,plugin-action,retail-analytics,spec-driven,Direct Kiro,No MCP Invoked,0,Auto_messages,2.72,6235,7437
2026-05-13T09:21:00Z,req-d8d05ef11e2b,conv-646ebceb1b,d-92675051d5.a9a3e94b-b147-4fb7-9934-f5ea941fd110,Aisha Khan,AI SDLC Enablement Team,AI Delivery Acceleration,KIRO_IDE,IDE,MANUAL,mcp-tool,spec-orchestration,orchestrated-multi-agent,Jira,No MCP Invoked,5,Claude_Sonnet_4.6_messages,27.73,5813,5715
2026-05-13T09:29:00Z,req-7653a608668f,conv-68ac4a536a,d-92675051d5.838f6b85-1e72-4404-a193-f1b0dc79d107,Elena Garcia,Platform Reliability Engineering,Platform Reliability,KIRO_CLI,CLI,MANUAL,hook,platform-hardening,human-in-loop,AWS Docs,No MCP Invoked,0,Claude_Sonnet_4.6_messages,4.91,5391,4332
2026-05-13T10:10:00Z,req-a350d3e86ed5,conv-48930ba86f,d-92675051d5.9b1ac779-7da0-470f-bfd8-fba1849ca111,Ben Foster,AI SDLC Enablement Team,AI Delivery Acceleration,KIRO_IDE,IDE,INLINE_CHAT,review,guardrail-evaluation,orchestrated-multi-agent,Jira,github,7,Claude_Sonnet_4.6_messages,15.44,2885,7954
2026-05-13T10:13:00Z,req-429027f2a3cb,conv-fc6dee6807,d-92675051d5.0ec463de-81c2-4f79-9d4c-029f7bb0f101,Priya Nair,Payments Modernization Team,Payments Transformation,PLUGIN,PLUGIN,INLINE_CHAT,review,legacy-modernization,human-in-loop,Direct Kiro,No MCP Invoked,1,DeepSeek_V3.2_messages,4.12,1774,1659
2026-05-13T10:21:00Z,req-87d8a1f3bf83,conv-a1a47c7994,d-92675051d5.9b1ac779-7da0-470f-bfd8-fba1849ca111,Ben Foster,AI SDLC Enablement Team,AI Delivery Acceleration,KIRO_CLI,CLI,MANUAL,chat,guardrail-evaluation,spec-driven,Direct Kiro,jira,1,Claude_Sonnet_4.6_messages,10.83,4989,11100
2026-05-13T10:35:00Z,req-e8ed3a335cd7,conv-032b4f9e80,d-92675051d5.9b1ac779-7da0-470f-bfd8-fba1849ca111,Ben Foster,AI SDLC Enablement Team,AI Delivery Acceleration,KIRO_IDE,IDE,MANUAL,chat,guardrail-evaluation,spec-driven,GitHub,jira,7,Claude_Sonnet_4.6_messages,22.67,1502,8531
2026-05-13T10:43:00Z,req-dad5868cde5e,conv-b83c54f1d4,d-92675051d5.f12818d1-8f2c-4d54-9188-4f7224a4d103,Ethan Brooks,Payments Modernization Team,Payments Transformation,KIRO_IDE,IDE,MANUAL,transform,legacy-modernization,human-in-loop,GitHub,github,6,Auto_messages,3.25,3346,4393
2026-05-13T10:53:00Z,req-befcebdea357,conv-c446303083,d-92675051d5.a9a3e94b-b147-4fb7-9934-f5ea941fd110,Aisha Khan,AI SDLC Enablement Team,AI Delivery Acceleration,PLUGIN,PLUGIN,MANUAL,spec,spec-orchestration,orchestrated-multi-agent,GitHub,No MCP Invoked,1,Claude_Sonnet_4.6_messages,3.55,6075,8934
2026-05-13T11:18:00Z,req-6ae4fd59d58b,conv-587d91c7c2,d-92675051d5.0ec463de-81c2-4f79-9d4c-029f7bb0f101,Priya Nair,Payments Modernization Team,Payments Transformation,PLUGIN,PLUGIN,MANUAL,chat,legacy-modernization,spec-driven,Direct Kiro,aws-docs,8,Claude_Opus_4.6_messages,2.86,4868,6009
2026-05-13T11:20:00Z,req-70da34956534,conv-ae54867b52,d-92675051d5.a9a3e94b-b147-4fb7-9934-f5ea941fd110,Aisha Khan,AI SDLC Enablement Team,AI Delivery Acceleration,KIRO_CLI,CLI,MANUAL,spec,spec-orchestration,orchestrated-multi-agent,Browser,github,7,Auto_messages,6.62,633,4601
2026-05-13T11:24:00Z,req-18fa8072abd3,conv-0a4c853441,d-92675051d5.797d1e6c-6d5f-41a9-8dc7-53d2ef14e102,Marco Silva,Payments Modernization Team,Payments Transformation,KIRO_IDE,IDE,MANUAL,chat,test-generation,human-in-loop,Direct Kiro,No MCP Invoked,3,Qwen3_Coder_Next_messages,31.68,4954,11126
2026-05-13T11:33:00Z,req-c54d74fb0780,conv-a1a47c7994,d-92675051d5.9b1ac779-7da0-470f-bfd8-fba1849ca111,Ben Foster,AI SDLC Enablement Team,AI Delivery Acceleration,KIRO_IDE,IDE,MANUAL,mcp-tool,guardrail-evaluation,orchestrated-multi-agent,Jira,jira,0,DeepSeek_V3.2_messages,17.86,2495,5082
2026-05-13T11:42:00Z,req-c360ab66aa8f,conv-9e01b1e735,d-92675051d5.33a7a52f-dbf7-4f6b-89c9-43d30a61e104,Nina Patel,Retail Analytics Team,Retail Intelligence,PLUGIN,PLUGIN,MANUAL,chat,retail-analytics,human-in-loop,Direct Kiro,github,6,Qwen3_Coder_Next_messages,10.54,2973,1365
2026-05-13T11:49:00Z,req-cacdd33e5b9a,conv-032b4f9e80,d-92675051d5.9b1ac779-7da0-470f-bfd8-fba1849ca111,Ben Foster,AI SDLC Enablement Team,AI Delivery Acceleration,KIRO_CLI,CLI,MANUAL,automation,guardrail-evaluation,human-in-loop,Browser,aws-docs,0,Qwen3_Coder_Next_messages,14.52,2072,10186
2026-05-13T11:59:00Z,req-430d86115bda,conv-89a35e5880,d-92675051d5.797d1e6c-6d5f-41a9-8dc7-53d2ef14e102,Marco Silva,Payments Modernization Team,Payments Transformation,KIRO_CLI,CLI,INLINE_CHAT,review,test-generation,spec-driven,Direct Kiro,aws-docs,5,Claude_Sonnet_4.6_messages,13.08,1451,920
2026-05-13T12:02:00Z,req-66ded3d34894,conv-0006c28e64,d-92675051d5.6273ba8a-bb02-425f-b443-3d4dcb2c9108,Victor Chen,Platform Reliability Engineering,Platform Reliability,KIRO_IDE,IDE,MANUAL,hook,platform-hardening,human-in-loop,Direct Kiro,No MCP Invoked,0,Auto_messages,4.3,6181,6670
2026-05-13T12:12:00Z,req-8e3869204cca,conv-8c2041a7b7,d-92675051d5.f12818d1-8f2c-4d54-9188-4f7224a4d103,Ethan Brooks,Payments Modernization Team,Payments Transformation,KIRO_IDE,IDE,MANUAL,spec,legacy-modernization,spec-driven,Direct Kiro,No MCP Invoked,2,Auto_messages,2.5,3849,11049
2026-05-13T12:20:00Z,req-ff5b089d35d2,conv-7ad85e409b,d-92675051d5.4a0a1ddb-32de-4237-b40f-cbc81f6ae105,Omar Haddad,Retail Analytics Team,Retail Intelligence,KIRO_CLI,CLI,MANUAL,chat,retail-analytics,human-in-loop,Direct Kiro,No MCP Invoked,2,Auto_messages,2.52,652,2425
2026-05-13T12:21:00Z,req-e37b641dc3b1,conv-db4028e4f8,d-92675051d5.a9a3e94b-b147-4fb7-9934-f5ea941fd110,Aisha Khan,AI SDLC Enablement Team,AI Delivery Acceleration,PLUGIN,PLUGIN,MANUAL,chat,spec-orchestration,spec-driven,Direct Kiro,jira,8,Claude_Sonnet_4.6_messages,5.84,1798,5848
2026-05-13T12:28:00Z,req-79c41a5079e4,conv-2b619b7ac5,d-92675051d5.f12818d1-8f2c-4d54-9188-4f7224a4d103,Ethan Brooks,Payments Modernization Team,Payments Transformation,KIRO_IDE,IDE,MANUAL,chat,legacy-modernization,human-in-loop,Direct Kiro,No MCP Invoked,1,Auto_messages,4.2,3385,4620
2026-05-13T12:28:00Z,req-92066c0d6f6e,conv-4d369529de,d-92675051d5.f12818d1-8f2c-4d54-9188-4f7224a4d103,Ethan Brooks,Payments Modernization Team,Payments Transformation,KIRO_IDE,IDE,MANUAL,chat,legacy-modernization,spec-driven,GitHub,github,0,Claude_Sonnet_4.6_messages,4.03,1652,10475
2026-05-13T12:46:00Z,req-2bc1b47acb42,conv-c446303083,d-92675051d5.a9a3e94b-b147-4fb7-9934-f5ea941fd110,Aisha Khan,AI SDLC Enablement Team,AI Delivery Acceleration,KIRO_IDE,IDE,MANUAL,spec,spec-orchestration,human-in-loop,GitHub,aws-docs,1,DeepSeek_V3.2_messages,16.92,6480,1679
2026-05-13T12:47:00Z,req-193de261ee49,conv-89a35e5880,d-92675051d5.797d1e6c-6d5f-41a9-8dc7-53d2ef14e102,Marco Silva,Payments Modernization Team,Payments Transformation,KIRO_IDE,IDE,MANUAL,slash-command,test-generation,human-in-loop,Code Review,No MCP Invoked,6,DeepSeek_V3.2_messages,22.71,4678,10635
2026-05-13T13:02:00Z,req-4239e199d1c5,conv-48930ba86f,d-92675051d5.9b1ac779-7da0-470f-bfd8-fba1849ca111,Ben Foster,AI SDLC Enablement Team,AI Delivery Acceleration,KIRO_CLI,CLI,MANUAL,mcp-tool,guardrail-evaluation,orchestrated-multi-agent,GitHub,No MCP Invoked,1,DeepSeek_V3.2_messages,18.3,6307,6842
2026-05-13T13:03:00Z,req-59e96dc9294c,conv-a7939480a3,d-92675051d5.797d1e6c-6d5f-41a9-8dc7-53d2ef14e102,Marco Silva,Payments Modernization Team,Payments Transformation,KIRO_CLI,CLI,MANUAL,slash-command,test-generation,human-in-loop,Code Review,github,6,Claude_Sonnet_4.6_messages,14.18,2550,3118
2026-05-13T13:04:00Z,req-40c800c71f2a,conv-2a11c89df2,d-92675051d5.0ec463de-81c2-4f79-9d4c-029f7bb0f101,Priya Nair,Payments Modernization Team,Payments Transformation,KIRO_IDE,IDE,MANUAL,spec,legacy-modernization,spec-driven,Direct Kiro,aws-docs,0,Auto_messages,12.71,764,11138
2026-05-13T13:10:00Z,req-73379107ac3b,conv-d984e408fa,d-92675051d5.7e23e16f-5eb6-49f0-8e5d-a84c5ad99106,Casey Liu,Retail Analytics Team,Retail Intelligence,KIRO_IDE,IDE,MANUAL,mcp-tool,retail-analytics,human-in-loop,Browser,github,4,Claude_Sonnet_4.6_messages,4.21,4151,11342
2026-05-13T13:14:00Z,req-1487d5095aa3,conv-c3c4f6daf2,d-92675051d5.6273ba8a-bb02-425f-b443-3d4dcb2c9108,Victor Chen,Platform Reliability Engineering,Platform Reliability,KIRO_IDE,IDE,INLINE_CHAT,review,platform-hardening,human-in-loop,Direct Kiro,No MCP Invoked,1,Auto_messages,3.53,2809,2955
2026-05-13T13:36:00Z,req-a52caf151b3b,conv-b620965609,d-92675051d5.33a7a52f-dbf7-4f6b-89c9-43d30a61e104,Nina Patel,Retail Analytics Team,Retail Intelligence,KIRO_IDE,IDE,MANUAL,spec,retail-analytics,spec-driven,Direct Kiro,No MCP Invoked,0,Claude_Sonnet_4.6_messages,13.86,4144,10505
2026-05-13T13:56:00Z,req-8c51fc60c118,conv-9314484747,d-92675051d5.3b537ba7-2c3b-4a6c-aec6-61e594bd1109,Sam Walker,Platform Reliability Engineering,Platform Reliability,KIRO_IDE,IDE,MANUAL,hook,platform-hardening,single-agent,Direct Kiro,github,3,Qwen3_Coder_Next_messages,2.57,2380,8228
2026-05-13T13:58:00Z,req-db1e17e79bb6,conv-78cc63f035,d-92675051d5.7e23e16f-5eb6-49f0-8e5d-a84c5ad99106,Casey Liu,Retail Analytics Team,Retail Intelligence,KIRO_IDE,IDE,MANUAL,plugin-action,retail-analytics,single-agent,Direct Kiro,aws-docs,8,Auto_messages,2.58,3345,9539
2026-05-13T14:11:00Z,req-b2368a45d292,conv-ae54867b52,d-92675051d5.a9a3e94b-b147-4fb7-9934-f5ea941fd110,Aisha Khan,AI SDLC Enablement Team,AI Delivery Acceleration,KIRO_IDE,IDE,MANUAL,spec,spec-orchestration,orchestrated-multi-agent,Direct Kiro,aws-docs,1,Claude_Sonnet_4.6_messages,17.68,1409,6000
2026-05-13T14:25:00Z,req-cc535a05934e,conv-11430d0169,d-92675051d5.797d1e6c-6d5f-41a9-8dc7-53d2ef14e102,Marco Silva,Payments Modernization Team,Payments Transformation,KIRO_IDE,IDE,MANUAL,slash-command,test-generation,human-in-loop,Direct Kiro,No MCP Invoked,3,Auto_messages,29.79,3956,9458
2026-05-13T14:26:00Z,req-9832a80e2232,conv-9e01b1e735,d-92675051d5.33a7a52f-dbf7-4f6b-89c9-43d30a61e104,Nina Patel,Retail Analytics Team,Retail Intelligence,KIRO_IDE,IDE,MANUAL,plugin-action,retail-analytics,single-agent,GitHub,No MCP Invoked,4,Auto_messages,13.79,4826,9362
2026-05-13T14:52:00Z,req-8cee807daa9a,conv-28798af0e5,d-92675051d5.6273ba8a-bb02-425f-b443-3d4dcb2c9108,Victor Chen,Platform Reliability Engineering,Platform Reliability,KIRO_IDE,IDE,MANUAL,hook,platform-hardening,human-in-loop,Direct Kiro,aws-docs,3,Auto_messages,2.44,3616,1781
2026-05-13T15:20:00Z,req-709a96acae2e,conv-9314484747,d-92675051d5.3b537ba7-2c3b-4a6c-aec6-61e594bd1109,Sam Walker,Platform Reliability Engineering,Platform Reliability,KIRO_CLI,CLI,MANUAL,cli-chat,platform-hardening,human-in-loop,AWS Docs,aws-docs,1,Auto_messages,1.98,4320,3158
2026-05-13T15:25:00Z,req-9dd2121d1c30,conv-c446303083,d-92675051d5.a9a3e94b-b147-4fb7-9934-f5ea941fd110,Aisha Khan,AI SDLC Enablement Team,AI Delivery Acceleration,KIRO_CLI,CLI,MANUAL,mcp-tool,spec-orchestration,human-in-loop,Browser,aws-docs,6,Claude_Sonnet_4.6_messages,7.49,517,11074
2026-05-13T15:39:00Z,req-bee7a5020253,conv-d0fb666d81,d-92675051d5.9b1ac779-7da0-470f-bfd8-fba1849ca111,Ben Foster,AI SDLC Enablement Team,AI Delivery Acceleration,KIRO_IDE,IDE,MANUAL,automation,guardrail-evaluation,human-in-loop,Jira,aws-docs,5,DeepSeek_V3.2_messages,25.99,2485,2220
2026-05-13T15:41:00Z,req-7d3934105c2a,conv-514c9cca33,d-92675051d5.6273ba8a-bb02-425f-b443-3d4dcb2c9108,Victor Chen,Platform Reliability Engineering,Platform Reliability,KIRO_IDE,IDE,MANUAL,mcp-tool,platform-hardening,single-agent,Direct Kiro,github,2,Auto_messages,2.76,1476,2023
2026-05-13T15:48:00Z,req-533ec5130710,conv-363830abec,d-92675051d5.797d1e6c-6d5f-41a9-8dc7-53d2ef14e102,Marco Silva,Payments Modernization Team,Payments Transformation,KIRO_CLI,CLI,MANUAL,plugin-action,test-generation,single-agent,Code Review,aws-docs,1,Claude_Sonnet_4.6_messages,12.67,284,7885
2026-05-13T15:48:00Z,req-a1b501c69020,conv-c95cfa0082,d-92675051d5.838f6b85-1e72-4404-a193-f1b0dc79d107,Elena Garcia,Platform Reliability Engineering,Platform Reliability,KIRO_CLI,CLI,MANUAL,hook,platform-hardening,human-in-loop,Direct Kiro,No MCP Invoked,3,Claude_Sonnet_4.6_messages,3.6,6304,3388
2026-05-13T15:55:00Z,req-d349440bd3cf,conv-db4028e4f8,d-92675051d5.a9a3e94b-b147-4fb7-9934-f5ea941fd110,Aisha Khan,AI SDLC Enablement Team,AI Delivery Acceleration,KIRO_CLI,CLI,MANUAL,chat,spec-orchestration,spec-driven,GitHub,github,3,Claude_Sonnet_4.6_messages,9.69,2022,6464
2026-05-13T15:56:00Z,req-07d0760b9b0f,conv-fc6dee6807,d-92675051d5.0ec463de-81c2-4f79-9d4c-029f7bb0f101,Priya Nair,Payments Modernization Team,Payments Transformation,KIRO_IDE,IDE,MANUAL,chat,legacy-modernization,spec-driven,AWS Transform,github,2,Claude_Sonnet_4.6_messages,9.24,1972,6310
2026-05-13T16:03:00Z,req-1cde68d9d941,conv-f9e7c567c7,d-92675051d5.838f6b85-1e72-4404-a193-f1b0dc79d107,Elena Garcia,Platform Reliability Engineering,Platform Reliability,KIRO_IDE,IDE,MANUAL,hook,platform-hardening,human-in-loop,GitHub,No MCP Invoked,8,Auto_messages,5.34,4241,1765
2026-05-13T16:04:00Z,req-156abdac3785,conv-d0fb666d81,d-92675051d5.9b1ac779-7da0-470f-bfd8-fba1849ca111,Ben Foster,AI SDLC Enablement Team,AI Delivery Acceleration,KIRO_CLI,CLI,MANUAL,automation,guardrail-evaluation,spec-driven,Browser,No MCP Invoked,3,Auto_messages,16.13,2478,4576
2026-05-13T16:12:00Z,req-57d3468a66a1,conv-646ebceb1b,d-92675051d5.a9a3e94b-b147-4fb7-9934-f5ea941fd110,Aisha Khan,AI SDLC Enablement Team,AI Delivery Acceleration,KIRO_CLI,CLI,MANUAL,mcp-tool,spec-orchestration,spec-driven,GitHub,github,3,Claude_Sonnet_4.6_messages,9.26,3594,9744
2026-05-13T16:15:00Z,req-00e641e79ed4,conv-68ac4a536a,d-92675051d5.838f6b85-1e72-4404-a193-f1b0dc79d107,Elena Garcia,Platform Reliability Engineering,Platform Reliability,KIRO_IDE,IDE,MANUAL,cli-chat,platform-hardening,human-in-loop,Direct Kiro,No MCP Invoked,3,Qwen3_Coder_Next_messages,3.68,5083,7670
2026-05-13T16:36:00Z,req-557ad361a4a2,conv-c95cfa0082,d-92675051d5.838f6b85-1e72-4404-a193-f1b0dc79d107,Elena Garcia,Platform Reliability Engineering,Platform Reliability,KIRO_IDE,IDE,INLINE_CHAT,review,platform-hardening,single-agent,AWS Docs,No MCP Invoked,7,Auto_messages,3.9,4600,5221
2026-05-13T16:38:00Z,req-1ad38fdf50f6,conv-5cc991a3e7,d-92675051d5.0ec463de-81c2-4f79-9d4c-029f7bb0f101,Priya Nair,Payments Modernization Team,Payments Transformation,KIRO_IDE,IDE,MANUAL,spec,legacy-modernization,spec-driven,Direct Kiro,No MCP Invoked,1,Claude_Sonnet_4.6_messages,10.32,2329,5384
2026-05-13T16:41:00Z,req-2276bb085d17,conv-db4028e4f8,d-92675051d5.a9a3e94b-b147-4fb7-9934-f5ea941fd110,Aisha Khan,AI SDLC Enablement Team,AI Delivery Acceleration,KIRO_IDE,IDE,MANUAL,chat,spec-orchestration,human-in-loop,Browser,aws-docs,2,DeepSeek_V3.2_messages,28.31,6405,1900
2026-05-13T16:46:00Z,req-151c2e34d21e,conv-363830abec,d-92675051d5.797d1e6c-6d5f-41a9-8dc7-53d2ef14e102,Marco Silva,Payments Modernization Team,Payments Transformation,KIRO_IDE,IDE,MANUAL,slash-command,test-generation,human-in-loop,Code Review,aws-docs,1,Claude_Opus_4.6_messages,17.38,2822,10425
2026-05-13T16:53:00Z,req-72420f259c9e,conv-28798af0e5,d-92675051d5.6273ba8a-bb02-425f-b443-3d4dcb2c9108,Victor Chen,Platform Reliability Engineering,Platform Reliability,KIRO_CLI,CLI,INLINE_CHAT,review,platform-hardening,single-agent,AWS Docs,No MCP Invoked,7,Auto_messages,2.93,3322,8278
2026-05-13T16:54:00Z,req-67c0107de4f4,conv-2f52195220,d-92675051d5.33a7a52f-dbf7-4f6b-89c9-43d30a61e104,Nina Patel,Retail Analytics Team,Retail Intelligence,KIRO_IDE,IDE,MANUAL,mcp-tool,retail-analytics,spec-driven,Direct Kiro,aws-docs,3,Claude_Sonnet_4.6_messages,14.3,2830,7094
2026-05-13T16:54:00Z,req-e22f416dedcf,conv-11430d0169,d-92675051d5.797d1e6c-6d5f-41a9-8dc7-53d2ef14e102,Marco Silva,Payments Modernization Team,Payments Transformation,KIRO_CLI,CLI,MANUAL,plugin-action,test-generation,human-in-loop,Direct Kiro,aws-docs,6,Auto_messages,16.4,4672,2217
2026-05-13T16:55:00Z,req-12e223befc9c,conv-5cc991a3e7,d-92675051d5.0ec463de-81c2-4f79-9d4c-029f7bb0f101,Priya Nair,Payments Modernization Team,Payments Transformation,PLUGIN,PLUGIN,MANUAL,chat,legacy-modernization,spec-driven,Direct Kiro,github,0,Claude_Sonnet_4.6_messages,3.36,3619,9599
2026-05-13T16:58:00Z,req-a71d172f5867,conv-587d91c7c2,d-92675051d5.0ec463de-81c2-4f79-9d4c-029f7bb0f101,Priya Nair,Payments Modernization Team,Payments Transformation,KIRO_IDE,IDE,MANUAL,spec,legacy-modernization,spec-driven,AWS Transform,github,1,Claude_Sonnet_4.6_messages,12.08,479,8133
2026-05-13T17:01:00Z,req-f54d4b29cfde,conv-94e91bfb9c,d-92675051d5.838f6b85-1e72-4404-a193-f1b0dc79d107,Elena Garcia,Platform Reliability Engineering,Platform Reliability,KIRO_CLI,CLI,MANUAL,cli-chat,platform-hardening,human-in-loop,Direct Kiro,github,8,Claude_Sonnet_4.6_messages,2.91,2575,2459
2026-05-13T17:32:00Z,req-9dca2b9ab11e,conv-c3c4f6daf2,d-92675051d5.6273ba8a-bb02-425f-b443-3d4dcb2c9108,Victor Chen,Platform Reliability Engineering,Platform Reliability,KIRO_CLI,CLI,MANUAL,mcp-tool,platform-hardening,single-agent,AWS Docs,github,2,Claude_Sonnet_4.6_messages,1.95,4370,9229
2026-05-13T17:34:00Z,req-468fe7139659,conv-bb178401aa,d-92675051d5.4a0a1ddb-32de-4237-b40f-cbc81f6ae105,Omar Haddad,Retail Analytics Team,Retail Intelligence,KIRO_CLI,CLI,MANUAL,spec,retail-analytics,human-in-loop,GitHub,No MCP Invoked,0,Auto_messages,2.76,4326,9090
2026-05-13T17:35:00Z,req-03f7ba58bda9,conv-e720c5588c,d-92675051d5.a9a3e94b-b147-4fb7-9934-f5ea941fd110,Aisha Khan,AI SDLC Enablement Team,AI Delivery Acceleration,KIRO_CLI,CLI,MANUAL,mcp-tool,spec-orchestration,human-in-loop,Browser,jira,7,Claude_Sonnet_4.6_messages,6.5,4888,1327
2026-05-13T17:37:00Z,req-a07b9e7077bf,conv-02116471a4,d-92675051d5.9b1ac779-7da0-470f-bfd8-fba1849ca111,Ben Foster,AI SDLC Enablement Team,AI Delivery Acceleration,KIRO_IDE,IDE,MANUAL,automation,guardrail-evaluation,human-in-loop,Direct Kiro,jira,4,Claude_Sonnet_4.6_messages,29.04,1877,7005
2026-05-13T17:41:00Z,req-d98477402c15,conv-349a08329b,d-92675051d5.33a7a52f-dbf7-4f6b-89c9-43d30a61e104,Nina Patel,Retail Analytics Team,Retail Intelligence,KIRO_IDE,IDE,MANUAL,chat,retail-analytics,spec-driven,Direct Kiro,aws-docs,3,Claude_Opus_4.6_messages,19.79,4491,2225
2026-05-13T17:54:00Z,req-02cfc857f13f,conv-996f54b983,d-92675051d5.3b537ba7-2c3b-4a6c-aec6-61e594bd1109,Sam Walker,Platform Reliability Engineering,Platform Reliability,KIRO_IDE,IDE,MANUAL,cli-chat,platform-hardening,single-agent,GitHub,github,5,DeepSeek_V3.2_messages,4.33,6244,3003
2026-05-13T18:06:00Z,req-ddb1c0242cd9,conv-e720c5588c,d-92675051d5.a9a3e94b-b147-4fb7-9934-f5ea941fd110,Aisha Khan,AI SDLC Enablement Team,AI Delivery Acceleration,KIRO_IDE,IDE,MANUAL,chat,spec-orchestration,spec-driven,Direct Kiro,No MCP Invoked,3,Claude_Sonnet_4.6_messages,23.29,1537,9718
2026-05-13T18:10:00Z,req-46a249637fbf,conv-996f54b983,d-92675051d5.3b537ba7-2c3b-4a6c-aec6-61e594bd1109,Sam Walker,Platform Reliability Engineering,Platform Reliability,KIRO_CLI,CLI,MANUAL,hook,platform-hardening,single-agent,Direct Kiro,aws-docs,2,Auto_messages,3.29,2968,2861
2026-05-13T18:16:00Z,req-5e66b91399ed,conv-c4d849f4d4,d-92675051d5.4a0a1ddb-32de-4237-b40f-cbc81f6ae105,Omar Haddad,Retail Analytics Team,Retail Intelligence,KIRO_CLI,CLI,MANUAL,spec,retail-analytics,human-in-loop,Direct Kiro,github,0,DeepSeek_V3.2_messages,2.09,2288,5240
2026-05-13T18:26:00Z,req-e14a599cf595,conv-a7939480a3,d-92675051d5.797d1e6c-6d5f-41a9-8dc7-53d2ef14e102,Marco Silva,Payments Modernization Team,Payments Transformation,KIRO_IDE,IDE,INLINE_CHAT,review,test-generation,single-agent,Code Review,github,2,Claude_Sonnet_4.6_messages,20.92,1391,9301
2026-05-13T18:42:00Z,req-5220fc190cc3,conv-a36f2d4e2f,d-92675051d5.0ec463de-81c2-4f79-9d4c-029f7bb0f101,Priya Nair,Payments Modernization Team,Payments Transformation,KIRO_IDE,IDE,MANUAL,transform,legacy-modernization,human-in-loop,Direct Kiro,github,1,Claude_Sonnet_4.6_messages,8.01,709,1014
2026-05-13T18:48:00Z,req-4f1377bada48,conv-f9e7c567c7,d-92675051d5.838f6b85-1e72-4404-a193-f1b0dc79d107,Elena Garcia,Platform Reliability Engineering,Platform Reliability,KIRO_CLI,CLI,MANUAL,hook,platform-hardening,single-agent,GitHub,aws-docs,3,Claude_Opus_4.6_messages,3.97,3054,1663
2026-05-13T18:57:00Z,req-0480e877a47c,conv-514c9cca33,d-92675051d5.6273ba8a-bb02-425f-b443-3d4dcb2c9108,Victor Chen,Platform Reliability Engineering,Platform Reliability,KIRO_CLI,CLI,MANUAL,cli-chat,platform-hardening,human-in-loop,Direct Kiro,No MCP Invoked,0,Auto_messages,3.46,3318,8601
2026-05-14T09:20:00Z,req-a33f4eb8af4c,conv-0a87c3e363,d-92675051d5.4a0a1ddb-32de-4237-b40f-cbc81f6ae105,Omar Haddad,Retail Analytics Team,Retail Intelligence,KIRO_IDE,IDE,MANUAL,chat,retail-analytics,spec-driven,Direct Kiro,No MCP Invoked,3,Auto_messages,2.86,3534,6644
2026-05-14T09:29:00Z,req-2f65ea8bed73,conv-182e66b954,d-92675051d5.838f6b85-1e72-4404-a193-f1b0dc79d107,Elena Garcia,Platform Reliability Engineering,Platform Reliability,KIRO_IDE,IDE,MANUAL,hook,platform-hardening,human-in-loop,AWS Docs,aws-docs,1,Claude_Opus_4.6_messages,4.31,2988,9499
2026-05-14T09:44:00Z,req-da668208ad09,conv-5fd69dd1e9,d-92675051d5.33a7a52f-dbf7-4f6b-89c9-43d30a61e104,Nina Patel,Retail Analytics Team,Retail Intelligence,KIRO_IDE,IDE,MANUAL,mcp-tool,retail-analytics,spec-driven,GitHub,github,5,Claude_Sonnet_4.6_messages,14.3,5124,4039
2026-05-14T09:57:00Z,req-e782f3b3482c,conv-672ae6a8aa,d-92675051d5.f12818d1-8f2c-4d54-9188-4f7224a4d103,Ethan Brooks,Payments Modernization Team,Payments Transformation,KIRO_IDE,IDE,MANUAL,spec,legacy-modernization,human-in-loop,Direct Kiro,No MCP Invoked,3,Auto_messages,2.53,2911,3248
2026-05-14T10:11:00Z,req-8031e5f72f92,conv-fbdf95cfc1,d-92675051d5.a9a3e94b-b147-4fb7-9934-f5ea941fd110,Aisha Khan,AI SDLC Enablement Team,AI Delivery Acceleration,KIRO_CLI,CLI,MANUAL,chat,spec-orchestration,spec-driven,GitHub,jira,5,Claude_Sonnet_4.6_messages,10.39,4334,6840
2026-05-14T10:32:00Z,req-3592be8c91d2,conv-d3e58ef128,d-92675051d5.a9a3e94b-b147-4fb7-9934-f5ea941fd110,Aisha Khan,AI SDLC Enablement Team,AI Delivery Acceleration,KIRO_IDE,IDE,MANUAL,spec,spec-orchestration,human-in-loop,Jira,jira,7,Claude_Sonnet_4.6_messages,11.95,6114,1095
2026-05-14T10:33:00Z,req-4aadd0ced8c3,conv-fa30a8e3ff,d-92675051d5.797d1e6c-6d5f-41a9-8dc7-53d2ef14e102,Marco Silva,Payments Modernization Team,Payments Transformation,KIRO_CLI,CLI,MANUAL,plugin-action,test-generation,spec-driven,Direct Kiro,aws-docs,0,Claude_Sonnet_4.6_messages,14.01,2682,8797
2026-05-14T10:40:00Z,req-a9def64f7320,conv-c8de035f22,d-92675051d5.797d1e6c-6d5f-41a9-8dc7-53d2ef14e102,Marco Silva,Payments Modernization Team,Payments Transformation,KIRO_IDE,IDE,MANUAL,plugin-action,test-generation,single-agent,Code Review,github,8,Claude_Sonnet_4.6_messages,18.41,1069,2830
2026-05-14T10:42:00Z,req-a9067fcb8872,conv-a44adcff0f,d-92675051d5.3b537ba7-2c3b-4a6c-aec6-61e594bd1109,Sam Walker,Platform Reliability Engineering,Platform Reliability,KIRO_IDE,IDE,MANUAL,mcp-tool,platform-hardening,single-agent,AWS Docs,No MCP Invoked,8,DeepSeek_V3.2_messages,2.94,2852,1023
2026-05-14T10:42:00Z,req-62883bc8bd84,conv-78e7072601,d-92675051d5.9b1ac779-7da0-470f-bfd8-fba1849ca111,Ben Foster,AI SDLC Enablement Team,AI Delivery Acceleration,KIRO_IDE,IDE,MANUAL,mcp-tool,guardrail-evaluation,human-in-loop,Direct Kiro,github,1,Claude_Sonnet_4.6_messages,15.79,1313,1807
2026-05-14T10:46:00Z,req-1ab85acffdc4,conv-5ad0b9cb68,d-92675051d5.4a0a1ddb-32de-4237-b40f-cbc81f6ae105,Omar Haddad,Retail Analytics Team,Retail Intelligence,KIRO_CLI,CLI,MANUAL,plugin-action,retail-analytics,human-in-loop,GitHub,aws-docs,2,Auto_messages,3.56,1553,8671
2026-05-14T11:08:00Z,req-c86e1d8ba585,conv-4e151f2c7c,d-92675051d5.59888cc4-2dac-4454-a84e-b7968ad4e112,Chloe Martin,AI SDLC Enablement Team,AI Delivery Acceleration,KIRO_IDE,IDE,MANUAL,mcp-tool,spec-orchestration,human-in-loop,Browser,jira,6,Claude_Sonnet_4.6_messages,5.05,1931,6555
2026-05-14T11:19:00Z,req-1908458f5752,conv-7644a1071f,d-92675051d5.9b1ac779-7da0-470f-bfd8-fba1849ca111,Ben Foster,AI SDLC Enablement Team,AI Delivery Acceleration,KIRO_IDE,IDE,MANUAL,chat,guardrail-evaluation,orchestrated-multi-agent,GitHub,No MCP Invoked,3,Qwen3_Coder_Next_messages,27.61,844,2227
2026-05-14T11:31:00Z,req-f2f54b4d3d5f,conv-9470573d21,d-92675051d5.0ec463de-81c2-4f79-9d4c-029f7bb0f101,Priya Nair,Payments Modernization Team,Payments Transformation,KIRO_IDE,IDE,MANUAL,spec,legacy-modernization,human-in-loop,AWS Transform,github,8,Claude_Sonnet_4.6_messages,7.91,1728,7666
2026-05-14T11:31:00Z,req-ee3386e8d340,conv-77ab6cbed2,d-92675051d5.797d1e6c-6d5f-41a9-8dc7-53d2ef14e102,Marco Silva,Payments Modernization Team,Payments Transformation,KIRO_CLI,CLI,MANUAL,plugin-action,test-generation,spec-driven,Direct Kiro,No MCP Invoked,2,Claude_Sonnet_4.6_messages,13.02,5426,10073
2026-05-14T11:47:00Z,req-f5cf26daefb0,conv-6e3aa74e69,d-92675051d5.0ec463de-81c2-4f79-9d4c-029f7bb0f101,Priya Nair,Payments Modernization Team,Payments Transformation,KIRO_CLI,CLI,INLINE_CHAT,review,legacy-modernization,single-agent,Direct Kiro,No MCP Invoked,2,DeepSeek_V3.2_messages,5.7,602,3007
2026-05-14T11:57:00Z,req-fb5d849087c0,conv-b184e3ca88,d-92675051d5.a9a3e94b-b147-4fb7-9934-f5ea941fd110,Aisha Khan,AI SDLC Enablement Team,AI Delivery Acceleration,KIRO_CLI,CLI,MANUAL,automation,spec-orchestration,orchestrated-multi-agent,Jira,No MCP Invoked,6,Claude_Sonnet_4.6_messages,9.16,2644,11212
2026-05-14T12:04:00Z,req-40970b630b13,conv-0914ad4d59,d-92675051d5.0ec463de-81c2-4f79-9d4c-029f7bb0f101,Priya Nair,Payments Modernization Team,Payments Transformation,KIRO_IDE,IDE,MANUAL,spec,legacy-modernization,human-in-loop,GitHub,No MCP Invoked,5,Claude_Sonnet_4.6_messages,11.13,3746,1051
2026-05-14T12:10:00Z,req-105cdb772a83,conv-cb85a82a27,d-92675051d5.f12818d1-8f2c-4d54-9188-4f7224a4d103,Ethan Brooks,Payments Modernization Team,Payments Transformation,KIRO_IDE,IDE,MANUAL,spec,legacy-modernization,spec-driven,Direct Kiro,No MCP Invoked,2,Qwen3_Coder_Next_messages,3.96,319,9287
2026-05-14T12:14:00Z,req-52f9edc9f85f,conv-0914ad4d59,d-92675051d5.0ec463de-81c2-4f79-9d4c-029f7bb0f101,Priya Nair,Payments Modernization Team,Payments Transformation,KIRO_CLI,CLI,MANUAL,transform,legacy-modernization,human-in-loop,GitHub,github,1,Claude_Sonnet_4.6_messages,3.91,3554,11469
2026-05-14T12:19:00Z,req-223e627f78d9,conv-5c451c7201,d-92675051d5.6273ba8a-bb02-425f-b443-3d4dcb2c9108,Victor Chen,Platform Reliability Engineering,Platform Reliability,KIRO_IDE,IDE,INLINE_CHAT,review,platform-hardening,single-agent,GitHub,github,7,Auto_messages,2.81,5693,2714
2026-05-14T12:21:00Z,req-d0bb7b6aba31,conv-718b9fdb24,d-92675051d5.3b537ba7-2c3b-4a6c-aec6-61e594bd1109,Sam Walker,Platform Reliability Engineering,Platform Reliability,KIRO_IDE,IDE,MANUAL,hook,platform-hardening,human-in-loop,Direct Kiro,No MCP Invoked,1,Qwen3_Coder_Next_messages,2.13,3265,2296
2026-05-14T12:29:00Z,req-a51170e7a478,conv-5ad0b9cb68,d-92675051d5.4a0a1ddb-32de-4237-b40f-cbc81f6ae105,Omar Haddad,Retail Analytics Team,Retail Intelligence,KIRO_IDE,IDE,MANUAL,spec,retail-analytics,single-agent,Direct Kiro,No MCP Invoked,3,DeepSeek_V3.2_messages,2.85,6235,7834
2026-05-14T12:31:00Z,req-567d10300a3c,conv-b38d1abc8d,d-92675051d5.7e23e16f-5eb6-49f0-8e5d-a84c5ad99106,Casey Liu,Retail Analytics Team,Retail Intelligence,KIRO_IDE,IDE,MANUAL,plugin-action,retail-analytics,human-in-loop,Browser,github,7,Auto_messages,3.95,258,6676
2026-05-14T12:33:00Z,req-5bcecd1b2097,conv-19855ce4b7,d-92675051d5.59888cc4-2dac-4454-a84e-b7968ad4e112,Chloe Martin,AI SDLC Enablement Team,AI Delivery Acceleration,KIRO_IDE,IDE,MANUAL,chat,spec-orchestration,human-in-loop,Direct Kiro,jira,5,Qwen3_Coder_Next_messages,3.35,1123,10786
2026-05-14T12:33:00Z,req-2d428d8b553d,conv-e0c0fb4931,d-92675051d5.9b1ac779-7da0-470f-bfd8-fba1849ca111,Ben Foster,AI SDLC Enablement Team,AI Delivery Acceleration,KIRO_IDE,IDE,MANUAL,mcp-tool,guardrail-evaluation,human-in-loop,GitHub,jira,5,DeepSeek_V3.2_messages,24.18,569,1956
2026-05-14T12:38:00Z,req-8bde650d65db,conv-d1dec5c421,d-92675051d5.33a7a52f-dbf7-4f6b-89c9-43d30a61e104,Nina Patel,Retail Analytics Team,Retail Intelligence,KIRO_IDE,IDE,MANUAL,chat,retail-analytics,single-agent,Direct Kiro,No MCP Invoked,2,Qwen3_Coder_Next_messages,13.97,3286,7663
2026-05-14T12:42:00Z,req-9e55e22a2e36,conv-8c49ce5e3b,d-92675051d5.4a0a1ddb-32de-4237-b40f-cbc81f6ae105,Omar Haddad,Retail Analytics Team,Retail Intelligence,KIRO_CLI,CLI,MANUAL,spec,retail-analytics,spec-driven,GitHub,aws-docs,7,Qwen3_Coder_Next_messages,2.48,5580,8506
2026-05-14T12:50:00Z,req-42ef1de75b8e,conv-f6d2903290,d-92675051d5.a9a3e94b-b147-4fb7-9934-f5ea941fd110,Aisha Khan,AI SDLC Enablement Team,AI Delivery Acceleration,KIRO_IDE,IDE,MANUAL,spec,spec-orchestration,human-in-loop,Jira,jira,1,Claude_Sonnet_4.6_messages,21.25,5934,7912
2026-05-14T12:59:00Z,req-dec586798944,conv-77ab6cbed2,d-92675051d5.797d1e6c-6d5f-41a9-8dc7-53d2ef14e102,Marco Silva,Payments Modernization Team,Payments Transformation,KIRO_IDE,IDE,MANUAL,plugin-action,test-generation,spec-driven,Code Review,No MCP Invoked,8,Auto_messages,17.09,3415,1462
2026-05-14T13:05:00Z,req-f4f7e52d3e20,conv-9808a68cf1,d-92675051d5.6273ba8a-bb02-425f-b443-3d4dcb2c9108,Victor Chen,Platform Reliability Engineering,Platform Reliability,KIRO_IDE,IDE,MANUAL,mcp-tool,platform-hardening,single-agent,AWS Docs,github,5,Auto_messages,3.53,3672,4700
2026-05-14T13:13:00Z,req-b640ce333e76,conv-ebff08b720,d-92675051d5.0ec463de-81c2-4f79-9d4c-029f7bb0f101,Priya Nair,Payments Modernization Team,Payments Transformation,KIRO_IDE,IDE,INLINE_CHAT,review,legacy-modernization,spec-driven,GitHub,No MCP Invoked,7,Claude_Opus_4.6_messages,8.4,5779,2456
2026-05-14T13:13:00Z,req-eead93bbd24f,conv-d3e58ef128,d-92675051d5.a9a3e94b-b147-4fb7-9934-f5ea941fd110,Aisha Khan,AI SDLC Enablement Team,AI Delivery Acceleration,KIRO_CLI,CLI,MANUAL,chat,spec-orchestration,human-in-loop,GitHub,No MCP Invoked,7,DeepSeek_V3.2_messages,7.71,4431,3719
2026-05-14T13:24:00Z,req-11c64000ab8d,conv-6e3aa74e69,d-92675051d5.0ec463de-81c2-4f79-9d4c-029f7bb0f101,Priya Nair,Payments Modernization Team,Payments Transformation,KIRO_IDE,IDE,MANUAL,transform,legacy-modernization,human-in-loop,GitHub,github,5,Auto_messages,11.14,4943,6972
2026-05-14T13:26:00Z,req-cd73dcf4f2fa,conv-b184e3ca88,d-92675051d5.a9a3e94b-b147-4fb7-9934-f5ea941fd110,Aisha Khan,AI SDLC Enablement Team,AI Delivery Acceleration,KIRO_IDE,IDE,MANUAL,mcp-tool,spec-orchestration,spec-driven,GitHub,aws-docs,2,Claude_Sonnet_4.6_messages,17.12,1307,10402
2026-05-14T13:27:00Z,req-aefbf3d2110c,conv-997727327b,d-92675051d5.33a7a52f-dbf7-4f6b-89c9-43d30a61e104,Nina Patel,Retail Analytics Team,Retail Intelligence,KIRO_IDE,IDE,MANUAL,spec,retail-analytics,spec-driven,Browser,aws-docs,4,Claude_Opus_4.6_messages,14.58,592,11443
2026-05-14T13:34:00Z,req-ba274e4e6faf,conv-414b4b8485,d-92675051d5.59888cc4-2dac-4454-a84e-b7968ad4e112,Chloe Martin,AI SDLC Enablement Team,AI Delivery Acceleration,KIRO_IDE,IDE,MANUAL,mcp-tool,spec-orchestration,spec-driven,Direct Kiro,No MCP Invoked,3,Auto_messages,6.18,1416,6210
2026-05-14T13:38:00Z,req-96ed4891c741,conv-ebff08b720,d-92675051d5.0ec463de-81c2-4f79-9d4c-029f7bb0f101,Priya Nair,Payments Modernization Team,Payments Transformation,KIRO_CLI,CLI,MANUAL,spec,legacy-modernization,spec-driven,Direct Kiro,No MCP Invoked,1,Claude_Opus_4.6_messages,5.17,2345,5794
2026-05-14T13:57:00Z,req-a780c96d9a72,conv-51772a4ce5,d-92675051d5.838f6b85-1e72-4404-a193-f1b0dc79d107,Elena Garcia,Platform Reliability Engineering,Platform Reliability,KIRO_IDE,IDE,MANUAL,cli-chat,platform-hardening,single-agent,AWS Docs,No MCP Invoked,6,Claude_Sonnet_4.6_messages,2.79,4945,6969
2026-05-14T13:59:00Z,req-0d2d6cd80d31,conv-225ba2c345,d-92675051d5.f12818d1-8f2c-4d54-9188-4f7224a4d103,Ethan Brooks,Payments Modernization Team,Payments Transformation,KIRO_IDE,IDE,MANUAL,transform,legacy-modernization,single-agent,Direct Kiro,github,4,Auto_messages,4.38,1038,9822
2026-05-14T14:14:00Z,req-d148f146f92a,conv-c8de035f22,d-92675051d5.797d1e6c-6d5f-41a9-8dc7-53d2ef14e102,Marco Silva,Payments Modernization Team,Payments Transformation,PLUGIN,PLUGIN,MANUAL,plugin-action,test-generation,single-agent,Code Review,github,4,Claude_Sonnet_4.6_messages,17.73,6450,9920
2026-05-14T14:14:00Z,req-9b0f5063f9f7,conv-01bb5d5143,d-92675051d5.9b1ac779-7da0-470f-bfd8-fba1849ca111,Ben Foster,AI SDLC Enablement Team,AI Delivery Acceleration,KIRO_IDE,IDE,INLINE_CHAT,review,guardrail-evaluation,human-in-loop,GitHub,aws-docs,5,Claude_Sonnet_4.6_messages,21.85,2160,5240
2026-05-14T14:23:00Z,req-fb9a1d68ed63,conv-a7d9f63a28,d-92675051d5.838f6b85-1e72-4404-a193-f1b0dc79d107,Elena Garcia,Platform Reliability Engineering,Platform Reliability,KIRO_IDE,IDE,INLINE_CHAT,review,platform-hardening,single-agent,AWS Docs,aws-docs,2,Claude_Sonnet_4.6_messages,3.37,5270,11179
2026-05-14T14:56:00Z,req-65aac8cf8680,conv-6ccc9385e5,d-92675051d5.838f6b85-1e72-4404-a193-f1b0dc79d107,Elena Garcia,Platform Reliability Engineering,Platform Reliability,KIRO_IDE,IDE,MANUAL,hook,platform-hardening,human-in-loop,AWS Docs,No MCP Invoked,5,Claude_Sonnet_4.6_messages,4.76,3387,7242
2026-05-14T15:05:00Z,req-292f2c02ffb8,conv-4217fa9043,d-92675051d5.838f6b85-1e72-4404-a193-f1b0dc79d107,Elena Garcia,Platform Reliability Engineering,Platform Reliability,KIRO_IDE,IDE,MANUAL,mcp-tool,platform-hardening,single-agent,Direct Kiro,No MCP Invoked,3,Claude_Sonnet_4.6_messages,3.89,5099,5890
2026-05-14T15:10:00Z,req-5467d332ede7,conv-997727327b,d-92675051d5.33a7a52f-dbf7-4f6b-89c9-43d30a61e104,Nina Patel,Retail Analytics Team,Retail Intelligence,PLUGIN,PLUGIN,MANUAL,spec,retail-analytics,single-agent,Browser,No MCP Invoked,5,Claude_Sonnet_4.6_messages,10.66,450,5966
2026-05-14T15:12:00Z,req-848b0089b53a,conv-8c49ce5e3b,d-92675051d5.4a0a1ddb-32de-4237-b40f-cbc81f6ae105,Omar Haddad,Retail Analytics Team,Retail Intelligence,KIRO_IDE,IDE,MANUAL,plugin-action,retail-analytics,single-agent,Browser,aws-docs,4,Auto_messages,3.92,3224,10473
2026-05-14T15:17:00Z,req-39ea0d55c971,conv-2cd14a7e85,d-92675051d5.797d1e6c-6d5f-41a9-8dc7-53d2ef14e102,Marco Silva,Payments Modernization Team,Payments Transformation,KIRO_IDE,IDE,MANUAL,slash-command,test-generation,human-in-loop,Code Review,No MCP Invoked,2,Claude_Sonnet_4.6_messages,14.69,5681,9976
2026-05-14T15:28:00Z,req-232d1fffe2f2,conv-46d3937587,d-92675051d5.59888cc4-2dac-4454-a84e-b7968ad4e112,Chloe Martin,AI SDLC Enablement Team,AI Delivery Acceleration,KIRO_IDE,IDE,MANUAL,chat,spec-orchestration,spec-driven,Direct Kiro,No MCP Invoked,1,Claude_Sonnet_4.6_messages,5.94,3041,3378
2026-05-14T15:52:00Z,req-b2514305e56b,conv-0ad54d674f,d-92675051d5.3b537ba7-2c3b-4a6c-aec6-61e594bd1109,Sam Walker,Platform Reliability Engineering,Platform Reliability,KIRO_IDE,IDE,MANUAL,cli-chat,platform-hardening,human-in-loop,Direct Kiro,aws-docs,6,Auto_messages,2.04,3441,6436
2026-05-14T15:54:00Z,req-8c91d3ca1eb7,conv-ab285cb579,d-92675051d5.9b1ac779-7da0-470f-bfd8-fba1849ca111,Ben Foster,AI SDLC Enablement Team,AI Delivery Acceleration,KIRO_IDE,IDE,MANUAL,chat,guardrail-evaluation,orchestrated-multi-agent,Jira,aws-docs,1,Claude_Sonnet_4.6_messages,17.28,4810,3050
2026-05-14T15:56:00Z,req-71d8d06e9f98,conv-c8de035f22,d-92675051d5.797d1e6c-6d5f-41a9-8dc7-53d2ef14e102,Marco Silva,Payments Modernization Team,Payments Transformation,KIRO_CLI,CLI,INLINE_CHAT,review,test-generation,human-in-loop,Direct Kiro,No MCP Invoked,0,Claude_Sonnet_4.6_messages,12.51,3647,4032
2026-05-14T16:02:00Z,req-b22c9102ac60,conv-66a2e028ae,d-92675051d5.f12818d1-8f2c-4d54-9188-4f7224a4d103,Ethan Brooks,Payments Modernization Team,Payments Transformation,KIRO_IDE,IDE,MANUAL,spec,legacy-modernization,single-agent,Direct Kiro,github,8,Claude_Opus_4.6_messages,5.54,3876,1077
2026-05-14T16:32:00Z,req-78db9ba209c2,conv-9470573d21,d-92675051d5.0ec463de-81c2-4f79-9d4c-029f7bb0f101,Priya Nair,Payments Modernization Team,Payments Transformation,KIRO_CLI,CLI,MANUAL,chat,legacy-modernization,single-agent,GitHub,github,8,Claude_Sonnet_4.6_messages,3.06,4093,4485
2026-05-14T16:46:00Z,req-fba5c3570b92,conv-2cd14a7e85,d-92675051d5.797d1e6c-6d5f-41a9-8dc7-53d2ef14e102,Marco Silva,Payments Modernization Team,Payments Transformation,KIRO_CLI,CLI,MANUAL,slash-command,test-generation,human-in-loop,Code Review,aws-docs,4,Claude_Sonnet_4.6_messages,15.61,4516,3443
2026-05-14T16:57:00Z,req-0acd32d6f3b5,conv-1fbaa6d124,d-92675051d5.0ec463de-81c2-4f79-9d4c-029f7bb0f101,Priya Nair,Payments Modernization Team,Payments Transformation,KIRO_CLI,CLI,MANUAL,transform,legacy-modernization,spec-driven,GitHub,No MCP Invoked,4,Claude_Opus_4.6_messages,4.62,894,4819
2026-05-14T17:11:00Z,req-e4b3fe132ab5,conv-90fb319e6f,d-92675051d5.797d1e6c-6d5f-41a9-8dc7-53d2ef14e102,Marco Silva,Payments Modernization Team,Payments Transformation,KIRO_IDE,IDE,MANUAL,chat,test-generation,spec-driven,Direct Kiro,github,5,Claude_Sonnet_4.6_messages,21.63,744,9107
2026-05-14T17:16:00Z,req-8a81e7207059,conv-fe5bdd71fd,d-92675051d5.33a7a52f-dbf7-4f6b-89c9-43d30a61e104,Nina Patel,Retail Analytics Team,Retail Intelligence,KIRO_IDE,IDE,MANUAL,chat,retail-analytics,spec-driven,Direct Kiro,No MCP Invoked,0,Claude_Sonnet_4.6_messages,15.9,6195,4718
2026-05-14T17:16:00Z,req-afd5e9bd7bb7,conv-20eca15f0d,d-92675051d5.7e23e16f-5eb6-49f0-8e5d-a84c5ad99106,Casey Liu,Retail Analytics Team,Retail Intelligence,KIRO_IDE,IDE,MANUAL,plugin-action,retail-analytics,spec-driven,GitHub,No MCP Invoked,2,Qwen3_Coder_Next_messages,3.82,2955,8112
2026-05-14T17:24:00Z,req-14574d51f7f0,conv-90fb319e6f,d-92675051d5.797d1e6c-6d5f-41a9-8dc7-53d2ef14e102,Marco Silva,Payments Modernization Team,Payments Transformation,KIRO_CLI,CLI,INLINE_CHAT,review,test-generation,human-in-loop,Direct Kiro,No MCP Invoked,2,Claude_Sonnet_4.6_messages,21.7,1357,10035
2026-05-14T17:31:00Z,req-bbe525ea5eab,conv-d0c861c9a1,d-92675051d5.f12818d1-8f2c-4d54-9188-4f7224a4d103,Ethan Brooks,Payments Modernization Team,Payments Transformation,KIRO_IDE,IDE,MANUAL,chat,legacy-modernization,spec-driven,Direct Kiro,aws-docs,4,Auto_messages,5.08,3017,11011
2026-05-14T17:36:00Z,req-8f14fa230371,conv-1fbaa6d124,d-92675051d5.0ec463de-81c2-4f79-9d4c-029f7bb0f101,Priya Nair,Payments Modernization Team,Payments Transformation,KIRO_IDE,IDE,MANUAL,spec,legacy-modernization,spec-driven,GitHub,No MCP Invoked,2,Claude_Sonnet_4.6_messages,7.36,482,3214
2026-05-14T17:50:00Z,req-390aea085764,conv-5baf4e80b8,d-92675051d5.59888cc4-2dac-4454-a84e-b7968ad4e112,Chloe Martin,AI SDLC Enablement Team,AI Delivery Acceleration,KIRO_IDE,IDE,MANUAL,automation,spec-orchestration,human-in-loop,Jira,No MCP Invoked,3,Claude_Sonnet_4.6_messages,4.92,3973,6872
2026-05-14T17:54:00Z,req-544505be72fc,conv-fa30a8e3ff,d-92675051d5.797d1e6c-6d5f-41a9-8dc7-53d2ef14e102,Marco Silva,Payments Modernization Team,Payments Transformation,KIRO_IDE,IDE,MANUAL,chat,test-generation,human-in-loop,Code Review,aws-docs,5,Claude_Sonnet_4.6_messages,26.5,3249,7862
2026-05-14T17:58:00Z,req-d67405980ac0,conv-b70bf16834,d-92675051d5.33a7a52f-dbf7-4f6b-89c9-43d30a61e104,Nina Patel,Retail Analytics Team,Retail Intelligence,KIRO_IDE,IDE,MANUAL,plugin-action,retail-analytics,spec-driven,GitHub,github,7,Claude_Sonnet_4.6_messages,17.55,1023,2571
2026-05-14T18:00:00Z,req-918f25281ed7,conv-3bab40edf1,d-92675051d5.6273ba8a-bb02-425f-b443-3d4dcb2c9108,Victor Chen,Platform Reliability Engineering,Platform Reliability,KIRO_IDE,IDE,INLINE_CHAT,review,platform-hardening,single-agent,AWS Docs,github,7,Auto_messages,3.08,4929,4573
2026-05-14T18:20:00Z,req-4715149e1001,conv-6396d1a587,d-92675051d5.a9a3e94b-b147-4fb7-9934-f5ea941fd110,Aisha Khan,AI SDLC Enablement Team,AI Delivery Acceleration,KIRO_CLI,CLI,MANUAL,chat,spec-orchestration,spec-driven,Browser,jira,6,Claude_Sonnet_4.6_messages,6.0,4440,6361
2026-05-14T18:29:00Z,req-b810ef9ae0dc,conv-f6d2903290,d-92675051d5.a9a3e94b-b147-4fb7-9934-f5ea941fd110,Aisha Khan,AI SDLC Enablement Team,AI Delivery Acceleration,KIRO_CLI,CLI,MANUAL,spec,spec-orchestration,orchestrated-multi-agent,Direct Kiro,jira,6,Claude_Sonnet_4.6_messages,5.47,5547,9217
2026-05-14T18:33:00Z,req-6a80d7e22152,conv-fbdf95cfc1,d-92675051d5.a9a3e94b-b147-4fb7-9934-f5ea941fd110,Aisha Khan,AI SDLC Enablement Team,AI Delivery Acceleration,KIRO_IDE,IDE,MANUAL,mcp-tool,spec-orchestration,human-in-loop,Browser,aws-docs,8,Claude_Sonnet_4.6_messages,22.05,6006,1864
2026-05-14T18:43:00Z,req-597ce569dab8,conv-aafd727277,d-92675051d5.4a0a1ddb-32de-4237-b40f-cbc81f6ae105,Omar Haddad,Retail Analytics Team,Retail Intelligence,KIRO_IDE,IDE,MANUAL,plugin-action,retail-analytics,spec-driven,Direct Kiro,aws-docs,1,Auto_messages,2.56,4823,11505
2026-05-14T18:45:00Z,req-5db6b51b7cd1,conv-6396d1a587,d-92675051d5.a9a3e94b-b147-4fb7-9934-f5ea941fd110,Aisha Khan,AI SDLC Enablement Team,AI Delivery Acceleration,KIRO_IDE,IDE,MANUAL,automation,spec-orchestration,spec-driven,Jira,No MCP Invoked,4,Claude_Sonnet_4.6_messages,14.4,5197,10294
2026-05-15T09:05:00Z,req-ea87b2d2f0b1,conv-3035ca0448,d-92675051d5.a9a3e94b-b147-4fb7-9934-f5ea941fd110,Aisha Khan,AI SDLC Enablement Team,AI Delivery Acceleration,KIRO_CLI,CLI,MANUAL,mcp-tool,spec-orchestration,orchestrated-multi-agent,Direct Kiro,aws-docs,1,Claude_Sonnet_4.6_messages,9.97,1926,3896
2026-05-15T09:13:00Z,req-532dcebd2edf,conv-a1aac1cdda,d-92675051d5.0ec463de-81c2-4f79-9d4c-029f7bb0f101,Priya Nair,Payments Modernization Team,Payments Transformation,PLUGIN,PLUGIN,MANUAL,chat,legacy-modernization,spec-driven,Direct Kiro,aws-docs,4,Claude_Sonnet_4.6_messages,4.53,1261,11633
2026-05-15T09:32:00Z,req-ee04cb5d4fa8,conv-10374c41f5,d-92675051d5.797d1e6c-6d5f-41a9-8dc7-53d2ef14e102,Marco Silva,Payments Modernization Team,Payments Transformation,KIRO_CLI,CLI,MANUAL,slash-command,test-generation,single-agent,Direct Kiro,aws-docs,1,Claude_Sonnet_4.6_messages,10.43,2525,3188
2026-05-15T09:34:00Z,req-0391b6fffcc3,conv-4d87acfa31,d-92675051d5.838f6b85-1e72-4404-a193-f1b0dc79d107,Elena Garcia,Platform Reliability Engineering,Platform Reliability,KIRO_CLI,CLI,MANUAL,cli-chat,platform-hardening,human-in-loop,Direct Kiro,aws-docs,4,DeepSeek_V3.2_messages,2.6,5427,10030
2026-05-15T09:41:00Z,req-41d95dde3a31,conv-9f1d7f66e8,d-92675051d5.6273ba8a-bb02-425f-b443-3d4dcb2c9108,Victor Chen,Platform Reliability Engineering,Platform Reliability,KIRO_CLI,CLI,MANUAL,cli-chat,platform-hardening,single-agent,Direct Kiro,aws-docs,7,Auto_messages,3.48,6031,5862
2026-05-15T10:18:00Z,req-d76a22766762,conv-b01a63c5bc,d-92675051d5.9b1ac779-7da0-470f-bfd8-fba1849ca111,Ben Foster,AI SDLC Enablement Team,AI Delivery Acceleration,KIRO_CLI,CLI,MANUAL,chat,guardrail-evaluation,orchestrated-multi-agent,GitHub,jira,6,Claude_Opus_4.6_messages,17.82,1063,2502
2026-05-15T10:25:00Z,req-387ce0fba498,conv-6e4389e7d2,d-92675051d5.f12818d1-8f2c-4d54-9188-4f7224a4d103,Ethan Brooks,Payments Modernization Team,Payments Transformation,KIRO_IDE,IDE,MANUAL,chat,legacy-modernization,human-in-loop,Direct Kiro,github,0,Auto_messages,3.1,5801,7031
2026-05-15T10:27:00Z,req-90619e1894ee,conv-10374c41f5,d-92675051d5.797d1e6c-6d5f-41a9-8dc7-53d2ef14e102,Marco Silva,Payments Modernization Team,Payments Transformation,KIRO_IDE,IDE,MANUAL,plugin-action,test-generation,single-agent,Direct Kiro,No MCP Invoked,1,Claude_Sonnet_4.6_messages,17.29,5693,5062
2026-05-15T10:45:00Z,req-edb6b42e4e3e,conv-3ae2e7c8b6,d-92675051d5.0ec463de-81c2-4f79-9d4c-029f7bb0f101,Priya Nair,Payments Modernization Team,Payments Transformation,KIRO_IDE,IDE,MANUAL,transform,legacy-modernization,spec-driven,AWS Transform,github,0,Qwen3_Coder_Next_messages,13.45,2279,7188
2026-05-15T10:46:00Z,req-319967a1e83f,conv-94e7af2cd2,d-92675051d5.33a7a52f-dbf7-4f6b-89c9-43d30a61e104,Nina Patel,Retail Analytics Team,Retail Intelligence,KIRO_IDE,IDE,MANUAL,chat,retail-analytics,single-agent,Direct Kiro,github,3,DeepSeek_V3.2_messages,11.74,5686,1066
2026-05-15T10:50:00Z,req-80b005e71678,conv-52d29aa900,d-92675051d5.797d1e6c-6d5f-41a9-8dc7-53d2ef14e102,Marco Silva,Payments Modernization Team,Payments Transformation,KIRO_CLI,CLI,MANUAL,plugin-action,test-generation,human-in-loop,Direct Kiro,aws-docs,4,Claude_Sonnet_4.6_messages,17.19,1373,6030
2026-05-15T11:32:00Z,req-8564a145c720,conv-bf90c2ffd9,d-92675051d5.f12818d1-8f2c-4d54-9188-4f7224a4d103,Ethan Brooks,Payments Modernization Team,Payments Transformation,KIRO_CLI,CLI,INLINE_CHAT,review,legacy-modernization,spec-driven,GitHub,No MCP Invoked,6,Auto_messages,2.34,3027,1793
2026-05-15T11:38:00Z,req-8966bd79ec13,conv-ade6152f9a,d-92675051d5.797d1e6c-6d5f-41a9-8dc7-53d2ef14e102,Marco Silva,Payments Modernization Team,Payments Transformation,KIRO_IDE,IDE,INLINE_CHAT,review,test-generation,spec-driven,GitHub,No MCP Invoked,6,Claude_Sonnet_4.6_messages,26.6,2462,7174
2026-05-15T11:42:00Z,req-6e59adb7c15b,conv-ba2ba80520,d-92675051d5.a9a3e94b-b147-4fb7-9934-f5ea941fd110,Aisha Khan,AI SDLC Enablement Team,AI Delivery Acceleration,KIRO_CLI,CLI,MANUAL,chat,spec-orchestration,spec-driven,GitHub,No MCP Invoked,1,Auto_messages,9.27,4449,2602
2026-05-15T11:44:00Z,req-83e447044ac6,conv-9f1d7f66e8,d-92675051d5.6273ba8a-bb02-425f-b443-3d4dcb2c9108,Victor Chen,Platform Reliability Engineering,Platform Reliability,KIRO_IDE,IDE,INLINE_CHAT,review,platform-hardening,human-in-loop,Direct Kiro,No MCP Invoked,1,Claude_Sonnet_4.6_messages,3.56,5367,1427
2026-05-15T11:50:00Z,req-1ec44db60632,conv-5f6538215a,d-92675051d5.9b1ac779-7da0-470f-bfd8-fba1849ca111,Ben Foster,AI SDLC Enablement Team,AI Delivery Acceleration,KIRO_IDE,IDE,MANUAL,automation,guardrail-evaluation,orchestrated-multi-agent,Direct Kiro,jira,0,Claude_Opus_4.6_messages,29.22,6119,4237
2026-05-15T11:53:00Z,req-593f486ddc3d,conv-1df310e8ac,d-92675051d5.9b1ac779-7da0-470f-bfd8-fba1849ca111,Ben Foster,AI SDLC Enablement Team,AI Delivery Acceleration,KIRO_IDE,IDE,INLINE_CHAT,review,guardrail-evaluation,human-in-loop,Jira,aws-docs,5,DeepSeek_V3.2_messages,26.31,368,7855
2026-05-15T12:00:00Z,req-902bb58f6052,conv-fc8178aaf1,d-92675051d5.59888cc4-2dac-4454-a84e-b7968ad4e112,Chloe Martin,AI SDLC Enablement Team,AI Delivery Acceleration,KIRO_CLI,CLI,MANUAL,spec,spec-orchestration,human-in-loop,Direct Kiro,github,0,DeepSeek_V3.2_messages,3.0,727,9059
2026-05-15T12:05:00Z,req-12c4a10cd66d,conv-bf90c2ffd9,d-92675051d5.f12818d1-8f2c-4d54-9188-4f7224a4d103,Ethan Brooks,Payments Modernization Team,Payments Transformation,KIRO_IDE,IDE,MANUAL,chat,legacy-modernization,human-in-loop,GitHub,No MCP Invoked,1,Claude_Opus_4.6_messages,3.44,1943,11044
2026-05-15T12:11:00Z,req-08f6cd245953,conv-f2435f0e19,d-92675051d5.a9a3e94b-b147-4fb7-9934-f5ea941fd110,Aisha Khan,AI SDLC Enablement Team,AI Delivery Acceleration,KIRO_IDE,IDE,MANUAL,spec,spec-orchestration,orchestrated-multi-agent,Jira,jira,6,Claude_Sonnet_4.6_messages,22.04,845,3327
2026-05-15T12:18:00Z,req-9bd821245094,conv-7a0e3388be,d-92675051d5.f12818d1-8f2c-4d54-9188-4f7224a4d103,Ethan Brooks,Payments Modernization Team,Payments Transformation,KIRO_IDE,IDE,MANUAL,chat,legacy-modernization,single-agent,Direct Kiro,aws-docs,5,Claude_Opus_4.6_messages,4.34,3650,1380
2026-05-15T12:25:00Z,req-c4c7f3c42a60,conv-96671bf405,d-92675051d5.a9a3e94b-b147-4fb7-9934-f5ea941fd110,Aisha Khan,AI SDLC Enablement Team,AI Delivery Acceleration,KIRO_IDE,IDE,MANUAL,spec,spec-orchestration,spec-driven,Jira,jira,6,Claude_Opus_4.6_messages,27.8,3226,11478
2026-05-15T12:28:00Z,req-d04755c50c47,conv-b20b54fb3a,d-92675051d5.0ec463de-81c2-4f79-9d4c-029f7bb0f101,Priya Nair,Payments Modernization Team,Payments Transformation,KIRO_IDE,IDE,MANUAL,spec,legacy-modernization,spec-driven,Direct Kiro,aws-docs,0,Claude_Sonnet_4.6_messages,10.99,5299,7743
2026-05-15T12:34:00Z,req-9382f52071c3,conv-33073806e1,d-92675051d5.3b537ba7-2c3b-4a6c-aec6-61e594bd1109,Sam Walker,Platform Reliability Engineering,Platform Reliability,KIRO_CLI,CLI,MANUAL,hook,platform-hardening,single-agent,GitHub,github,3,Auto_messages,3.17,1040,1078
2026-05-15T12:35:00Z,req-88347ee3c597,conv-ba2ba80520,d-92675051d5.a9a3e94b-b147-4fb7-9934-f5ea941fd110,Aisha Khan,AI SDLC Enablement Team,AI Delivery Acceleration,KIRO_IDE,IDE,MANUAL,chat,spec-orchestration,orchestrated-multi-agent,Jira,aws-docs,5,Claude_Sonnet_4.6_messages,17.65,2567,2044
2026-05-15T12:42:00Z,req-519940416653,conv-2db3c4540e,d-92675051d5.33a7a52f-dbf7-4f6b-89c9-43d30a61e104,Nina Patel,Retail Analytics Team,Retail Intelligence,KIRO_IDE,IDE,MANUAL,mcp-tool,retail-analytics,human-in-loop,GitHub,aws-docs,8,Qwen3_Coder_Next_messages,18.96,1773,9677
2026-05-15T12:57:00Z,req-ad348f7f577f,conv-c8773afe01,d-92675051d5.838f6b85-1e72-4404-a193-f1b0dc79d107,Elena Garcia,Platform Reliability Engineering,Platform Reliability,KIRO_CLI,CLI,MANUAL,mcp-tool,platform-hardening,single-agent,Direct Kiro,github,2,Claude_Opus_4.6_messages,2.89,5439,7154
2026-05-15T12:59:00Z,req-c0a605190b98,conv-33073806e1,d-92675051d5.3b537ba7-2c3b-4a6c-aec6-61e594bd1109,Sam Walker,Platform Reliability Engineering,Platform Reliability,PLUGIN,PLUGIN,MANUAL,cli-chat,platform-hardening,human-in-loop,Direct Kiro,github,7,Auto_messages,1.13,3565,2556
2026-05-15T13:05:00Z,req-e0e7c07db480,conv-a003293e81,d-92675051d5.0ec463de-81c2-4f79-9d4c-029f7bb0f101,Priya Nair,Payments Modernization Team,Payments Transformation,KIRO_IDE,IDE,INLINE_CHAT,review,legacy-modernization,human-in-loop,GitHub,github,7,Claude_Sonnet_4.6_messages,7.59,1162,9815
2026-05-15T13:32:00Z,req-410d22d6b8d9,conv-0fe1dd7af3,d-92675051d5.f12818d1-8f2c-4d54-9188-4f7224a4d103,Ethan Brooks,Payments Modernization Team,Payments Transformation,KIRO_IDE,IDE,MANUAL,chat,legacy-modernization,human-in-loop,Direct Kiro,github,7,Claude_Opus_4.6_messages,4.62,1677,6325
2026-05-15T13:33:00Z,req-8edf0d42ae35,conv-7a0e3388be,d-92675051d5.f12818d1-8f2c-4d54-9188-4f7224a4d103,Ethan Brooks,Payments Modernization Team,Payments Transformation,KIRO_CLI,CLI,MANUAL,transform,legacy-modernization,single-agent,Direct Kiro,No MCP Invoked,1,Auto_messages,2.88,674,7236
2026-05-15T13:40:00Z,req-95d220d1997c,conv-142c91e4c9,d-92675051d5.797d1e6c-6d5f-41a9-8dc7-53d2ef14e102,Marco Silva,Payments Modernization Team,Payments Transformation,KIRO_CLI,CLI,MANUAL,slash-command,test-generation,human-in-loop,Direct Kiro,aws-docs,3,Claude_Sonnet_4.6_messages,12.55,755,8519
2026-05-15T13:58:00Z,req-01388aa67a29,conv-3667fc30bf,d-92675051d5.33a7a52f-dbf7-4f6b-89c9-43d30a61e104,Nina Patel,Retail Analytics Team,Retail Intelligence,KIRO_IDE,IDE,MANUAL,plugin-action,retail-analytics,human-in-loop,GitHub,No MCP Invoked,1,Claude_Sonnet_4.6_messages,13.62,4508,6406
2026-05-15T14:10:00Z,req-64653612e7c2,conv-47caa37bbd,d-92675051d5.a9a3e94b-b147-4fb7-9934-f5ea941fd110,Aisha Khan,AI SDLC Enablement Team,AI Delivery Acceleration,KIRO_CLI,CLI,MANUAL,mcp-tool,spec-orchestration,orchestrated-multi-agent,GitHub,jira,4,Qwen3_Coder_Next_messages,7.01,5643,8743
2026-05-15T14:12:00Z,req-4a6c44b21463,conv-6e4389e7d2,d-92675051d5.f12818d1-8f2c-4d54-9188-4f7224a4d103,Ethan Brooks,Payments Modernization Team,Payments Transformation,KIRO_CLI,CLI,INLINE_CHAT,review,legacy-modernization,single-agent,GitHub,No MCP Invoked,5,Claude_Opus_4.6_messages,2.04,6023,10502
2026-05-15T14:31:00Z,req-477dee0af53d,conv-3035ca0448,d-92675051d5.a9a3e94b-b147-4fb7-9934-f5ea941fd110,Aisha Khan,AI SDLC Enablement Team,AI Delivery Acceleration,KIRO_IDE,IDE,MANUAL,automation,spec-orchestration,orchestrated-multi-agent,Browser,No MCP Invoked,6,Claude_Sonnet_4.6_messages,20.73,748,7194
2026-05-15T14:33:00Z,req-6940a61290f0,conv-142c91e4c9,d-92675051d5.797d1e6c-6d5f-41a9-8dc7-53d2ef14e102,Marco Silva,Payments Modernization Team,Payments Transformation,KIRO_IDE,IDE,INLINE_CHAT,review,test-generation,spec-driven,Direct Kiro,aws-docs,3,Qwen3_Coder_Next_messages,21.43,2494,10414
2026-05-15T14:54:00Z,req-20cf46b93d4b,conv-cdd254a864,d-92675051d5.6273ba8a-bb02-425f-b443-3d4dcb2c9108,Victor Chen,Platform Reliability Engineering,Platform Reliability,KIRO_CLI,CLI,MANUAL,mcp-tool,platform-hardening,human-in-loop,GitHub,No MCP Invoked,0,Auto_messages,4.66,4169,9611
2026-05-15T14:57:00Z,req-8b56c8740fa8,conv-80a0093f96,d-92675051d5.59888cc4-2dac-4454-a84e-b7968ad4e112,Chloe Martin,AI SDLC Enablement Team,AI Delivery Acceleration,KIRO_CLI,CLI,MANUAL,automation,spec-orchestration,spec-driven,GitHub,github,6,Auto_messages,2.45,2733,5230
2026-05-15T15:08:00Z,req-cec09749a7b1,conv-6193e7a2ff,d-92675051d5.7e23e16f-5eb6-49f0-8e5d-a84c5ad99106,Casey Liu,Retail Analytics Team,Retail Intelligence,KIRO_IDE,IDE,MANUAL,mcp-tool,retail-analytics,single-agent,Browser,No MCP Invoked,6,Auto_messages,3.09,3706,5322
2026-05-15T15:20:00Z,req-ae42a31a425b,conv-91c981a90f,d-92675051d5.59888cc4-2dac-4454-a84e-b7968ad4e112,Chloe Martin,AI SDLC Enablement Team,AI Delivery Acceleration,KIRO_CLI,CLI,MANUAL,mcp-tool,spec-orchestration,spec-driven,Jira,No MCP Invoked,0,Claude_Sonnet_4.6_messages,4.72,3444,2197
2026-05-15T15:26:00Z,req-7ab43cdfea22,conv-f2fde35b7e,d-92675051d5.838f6b85-1e72-4404-a193-f1b0dc79d107,Elena Garcia,Platform Reliability Engineering,Platform Reliability,KIRO_IDE,IDE,MANUAL,cli-chat,platform-hardening,single-agent,AWS Docs,No MCP Invoked,6,Claude_Sonnet_4.6_messages,3.93,759,1076
2026-05-15T15:38:00Z,req-9996b0fcf93c,conv-a646105b83,d-92675051d5.3b537ba7-2c3b-4a6c-aec6-61e594bd1109,Sam Walker,Platform Reliability Engineering,Platform Reliability,KIRO_CLI,CLI,MANUAL,mcp-tool,platform-hardening,human-in-loop,Direct Kiro,aws-docs,7,Auto_messages,2.24,4050,3842
2026-05-15T15:42:00Z,req-d13f74ca35c8,conv-4d87acfa31,d-92675051d5.838f6b85-1e72-4404-a193-f1b0dc79d107,Elena Garcia,Platform Reliability Engineering,Platform Reliability,KIRO_IDE,IDE,MANUAL,hook,platform-hardening,single-agent,GitHub,github,3,Claude_Sonnet_4.6_messages,3.86,1605,5131
2026-05-15T15:50:00Z,req-3261052f5547,conv-a1aac1cdda,d-92675051d5.0ec463de-81c2-4f79-9d4c-029f7bb0f101,Priya Nair,Payments Modernization Team,Payments Transformation,KIRO_CLI,CLI,MANUAL,chat,legacy-modernization,single-agent,GitHub,No MCP Invoked,6,Claude_Sonnet_4.6_messages,4.23,6326,1041
2026-05-15T15:58:00Z,req-a74a99564a23,conv-a1aac1cdda,d-92675051d5.0ec463de-81c2-4f79-9d4c-029f7bb0f101,Priya Nair,Payments Modernization Team,Payments Transformation,KIRO_IDE,IDE,MANUAL,spec,legacy-modernization,spec-driven,GitHub,github,6,Auto_messages,10.91,5208,1989
2026-05-15T16:03:00Z,req-2f9529204826,conv-c80f52bc2c,d-92675051d5.9b1ac779-7da0-470f-bfd8-fba1849ca111,Ben Foster,AI SDLC Enablement Team,AI Delivery Acceleration,KIRO_CLI,CLI,INLINE_CHAT,review,guardrail-evaluation,human-in-loop,Direct Kiro,github,5,DeepSeek_V3.2_messages,19.38,2339,11584
2026-05-15T16:06:00Z,req-7f78a09f295a,conv-f2fde35b7e,d-92675051d5.838f6b85-1e72-4404-a193-f1b0dc79d107,Elena Garcia,Platform Reliability Engineering,Platform Reliability,KIRO_CLI,CLI,MANUAL,cli-chat,platform-hardening,human-in-loop,GitHub,aws-docs,0,Auto_messages,3.04,2465,5789
2026-05-15T16:19:00Z,req-5d107b3d4568,conv-c80f52bc2c,d-92675051d5.9b1ac779-7da0-470f-bfd8-fba1849ca111,Ben Foster,AI SDLC Enablement Team,AI Delivery Acceleration,KIRO_IDE,IDE,INLINE_CHAT,review,guardrail-evaluation,spec-driven,Jira,No MCP Invoked,5,Qwen3_Coder_Next_messages,20.04,2095,10182
2026-05-15T16:19:00Z,req-504f47281d8e,conv-fef415920f,d-92675051d5.9b1ac779-7da0-470f-bfd8-fba1849ca111,Ben Foster,AI SDLC Enablement Team,AI Delivery Acceleration,KIRO_IDE,IDE,INLINE_CHAT,review,guardrail-evaluation,human-in-loop,Browser,github,8,Qwen3_Coder_Next_messages,26.22,3698,5724
2026-05-15T16:20:00Z,req-3900a365ff01,conv-f2435f0e19,d-92675051d5.a9a3e94b-b147-4fb7-9934-f5ea941fd110,Aisha Khan,AI SDLC Enablement Team,AI Delivery Acceleration,KIRO_CLI,CLI,MANUAL,mcp-tool,spec-orchestration,human-in-loop,Jira,github,6,Auto_messages,6.82,1367,5458
2026-05-15T16:22:00Z,req-c42f6f147be1,conv-b20b54fb3a,d-92675051d5.0ec463de-81c2-4f79-9d4c-029f7bb0f101,Priya Nair,Payments Modernization Team,Payments Transformation,KIRO_CLI,CLI,MANUAL,spec,legacy-modernization,single-agent,Direct Kiro,aws-docs,2,Claude_Sonnet_4.6_messages,4.17,2710,2525
2026-05-15T16:22:00Z,req-ae9ac508f138,conv-7ff1e1200e,d-92675051d5.797d1e6c-6d5f-41a9-8dc7-53d2ef14e102,Marco Silva,Payments Modernization Team,Payments Transformation,KIRO_CLI,CLI,INLINE_CHAT,review,test-generation,spec-driven,Direct Kiro,aws-docs,1,DeepSeek_V3.2_messages,17.03,3660,9990
2026-05-15T16:28:00Z,req-b4ded565ec1e,conv-a003293e81,d-92675051d5.0ec463de-81c2-4f79-9d4c-029f7bb0f101,Priya Nair,Payments Modernization Team,Payments Transformation,KIRO_CLI,CLI,MANUAL,transform,legacy-modernization,single-agent,AWS Transform,No MCP Invoked,7,Claude_Sonnet_4.6_messages,3.24,2902,4298
2026-05-15T16:32:00Z,req-cc875d11e380,conv-3ae2e7c8b6,d-92675051d5.0ec463de-81c2-4f79-9d4c-029f7bb0f101,Priya Nair,Payments Modernization Team,Payments Transformation,KIRO_CLI,CLI,MANUAL,transform,legacy-modernization,single-agent,GitHub,No MCP Invoked,2,Claude_Opus_4.6_messages,6.11,4692,11088
2026-05-15T16:33:00Z,req-ffec326bd5d2,conv-fef415920f,d-92675051d5.9b1ac779-7da0-470f-bfd8-fba1849ca111,Ben Foster,AI SDLC Enablement Team,AI Delivery Acceleration,KIRO_CLI,CLI,MANUAL,mcp-tool,guardrail-evaluation,orchestrated-multi-agent,Jira,aws-docs,8,Claude_Sonnet_4.6_messages,14.91,555,7110
2026-05-15T16:33:00Z,req-1e10c9fbb37e,conv-47caa37bbd,d-92675051d5.a9a3e94b-b147-4fb7-9934-f5ea941fd110,Aisha Khan,AI SDLC Enablement Team,AI Delivery Acceleration,KIRO_IDE,IDE,MANUAL,spec,spec-orchestration,orchestrated-multi-agent,Browser,aws-docs,7,Claude_Sonnet_4.6_messages,24.35,2946,4781
2026-05-15T16:42:00Z,req-a6bacbb76de9,conv-d213e9c847,d-92675051d5.33a7a52f-dbf7-4f6b-89c9-43d30a61e104,Nina Patel,Retail Analytics Team,Retail Intelligence,KIRO_IDE,IDE,MANUAL,chat,retail-analytics,single-agent,GitHub,No MCP Invoked,1,Claude_Sonnet_4.6_messages,18.49,2140,2874
2026-05-15T16:47:00Z,req-8b46bfc53ed1,conv-52d29aa900,d-92675051d5.797d1e6c-6d5f-41a9-8dc7-53d2ef14e102,Marco Silva,Payments Modernization Team,Payments Transformation,KIRO_IDE,IDE,INLINE_CHAT,review,test-generation,human-in-loop,Direct Kiro,No MCP Invoked,3,Claude_Sonnet_4.6_messages,32.38,708,3103
2026-05-15T16:48:00Z,req-10b991cb9fd9,conv-b20b54fb3a,d-92675051d5.0ec463de-81c2-4f79-9d4c-029f7bb0f101,Priya Nair,Payments Modernization Team,Payments Transformation,PLUGIN,PLUGIN,MANUAL,spec,legacy-modernization,single-agent,GitHub,aws-docs,0,DeepSeek_V3.2_messages,2.6,1580,11570
2026-05-15T16:48:00Z,req-13fc07871de6,conv-84ec186bfb,d-92675051d5.838f6b85-1e72-4404-a193-f1b0dc79d107,Elena Garcia,Platform Reliability Engineering,Platform Reliability,KIRO_CLI,CLI,MANUAL,cli-chat,platform-hardening,single-agent,AWS Docs,No MCP Invoked,8,Auto_messages,1.95,1263,7854
2026-05-15T17:24:00Z,req-030edaa125af,conv-e0668e9d1f,d-92675051d5.6273ba8a-bb02-425f-b443-3d4dcb2c9108,Victor Chen,Platform Reliability Engineering,Platform Reliability,KIRO_IDE,IDE,MANUAL,cli-chat,platform-hardening,single-agent,GitHub,aws-docs,7,Auto_messages,2.87,3118,1141
2026-05-15T17:26:00Z,req-61ef6aeb6c2c,conv-ade6152f9a,d-92675051d5.797d1e6c-6d5f-41a9-8dc7-53d2ef14e102,Marco Silva,Payments Modernization Team,Payments Transformation,KIRO_CLI,CLI,MANUAL,chat,test-generation,single-agent,GitHub,aws-docs,4,Claude_Opus_4.6_messages,14.93,2985,3408
2026-05-15T17:26:00Z,req-be7f65264dee,conv-0b58f9323f,d-92675051d5.7e23e16f-5eb6-49f0-8e5d-a84c5ad99106,Casey Liu,Retail Analytics Team,Retail Intelligence,KIRO_IDE,IDE,MANUAL,plugin-action,retail-analytics,single-agent,Direct Kiro,aws-docs,7,Auto_messages,1.88,272,4988
2026-05-15T17:26:00Z,req-c3f8e28f46de,conv-96671bf405,d-92675051d5.a9a3e94b-b147-4fb7-9934-f5ea941fd110,Aisha Khan,AI SDLC Enablement Team,AI Delivery Acceleration,KIRO_CLI,CLI,MANUAL,mcp-tool,spec-orchestration,human-in-loop,Jira,No MCP Invoked,7,Qwen3_Coder_Next_messages,7.52,4891,1920
2026-05-15T17:28:00Z,req-f6f846931586,conv-c8773afe01,d-92675051d5.838f6b85-1e72-4404-a193-f1b0dc79d107,Elena Garcia,Platform Reliability Engineering,Platform Reliability,KIRO_IDE,IDE,MANUAL,hook,platform-hardening,human-in-loop,Direct Kiro,aws-docs,1,Claude_Sonnet_4.6_messages,4.67,5197,10626
2026-05-15T17:38:00Z,req-1acd978e0710,conv-7ff1e1200e,d-92675051d5.797d1e6c-6d5f-41a9-8dc7-53d2ef14e102,Marco Silva,Payments Modernization Team,Payments Transformation,KIRO_IDE,IDE,MANUAL,plugin-action,test-generation,human-in-loop,Direct Kiro,No MCP Invoked,2,Claude_Sonnet_4.6_messages,30.65,4571,4757
2026-05-15T17:52:00Z,req-ea03835947d4,conv-e0eab8e1a8,d-92675051d5.33a7a52f-dbf7-4f6b-89c9-43d30a61e104,Nina Patel,Retail Analytics Team,Retail Intelligence,KIRO_IDE,IDE,MANUAL,spec,retail-analytics,single-agent,Direct Kiro,github,0,Claude_Sonnet_4.6_messages,15.93,2397,5329
2026-05-15T18:00:00Z,req-2875044614aa,conv-1df310e8ac,d-92675051d5.9b1ac779-7da0-470f-bfd8-fba1849ca111,Ben Foster,AI SDLC Enablement Team,AI Delivery Acceleration,KIRO_CLI,CLI,MANUAL,chat,guardrail-evaluation,orchestrated-multi-agent,Browser,github,8,Claude_Sonnet_4.6_messages,12.73,956,8760
2026-05-15T18:28:00Z,req-11a003a09a4a,conv-b7d5b7fe92,d-92675051d5.0ec463de-81c2-4f79-9d4c-029f7bb0f101,Priya Nair,Payments Modernization Team,Payments Transformation,KIRO_CLI,CLI,INLINE_CHAT,review,legacy-modernization,single-agent,Direct Kiro,No MCP Invoked,3,Claude_Sonnet_4.6_messages,3.79,3163,10122
2026-05-15T18:29:00Z,req-4a770649b603,conv-b01a63c5bc,d-92675051d5.9b1ac779-7da0-470f-bfd8-fba1849ca111,Ben Foster,AI SDLC Enablement Team,AI Delivery Acceleration,KIRO_IDE,IDE,MANUAL,automation,guardrail-evaluation,orchestrated-multi-agent,Direct Kiro,aws-docs,4,Claude_Sonnet_4.6_messages,22.93,381,6910
2026-05-15T18:30:00Z,req-7d3f9639bede,conv-6f048f4151,d-92675051d5.f12818d1-8f2c-4d54-9188-4f7224a4d103,Ethan Brooks,Payments Modernization Team,Payments Transformation,KIRO_IDE,IDE,MANUAL,chat,legacy-modernization,single-agent,Direct Kiro,github,4,Qwen3_Coder_Next_messages,3.02,2838,9514
2026-05-15T18:39:00Z,req-cf3b9f08752b,conv-cdd254a864,d-92675051d5.6273ba8a-bb02-425f-b443-3d4dcb2c9108,Victor Chen,Platform Reliability Engineering,Platform Reliability,KIRO_IDE,IDE,MANUAL,mcp-tool,platform-hardening,human-in-loop,Direct Kiro,No MCP Invoked,1,Auto_messages,2.66,4481,7800
2026-05-15T18:40:00Z,req-8fa41a499277,conv-b7d5b7fe92,d-92675051d5.0ec463de-81c2-4f79-9d4c-029f7bb0f101,Priya Nair,Payments Modernization Team,Payments Transformation,KIRO_IDE,IDE,MANUAL,transform,legacy-modernization,single-agent,Direct Kiro,aws-docs,6,Qwen3_Coder_Next_messages,9.82,3548,8058
2026-05-15T18:55:00Z,req-281ae29b5737,conv-84ec186bfb,d-92675051d5.838f6b85-1e72-4404-a193-f1b0dc79d107,Elena Garcia,Platform Reliability Engineering,Platform Reliability,KIRO_IDE,IDE,MANUAL,mcp-tool,platform-hardening,human-in-loop,Direct Kiro,github,8,Claude_Sonnet_4.6_messages,2.76,3231,11455
2026-05-16T09:39:00Z,req-b09ccced1508,conv-d919c1787c,d-92675051d5.a9a3e94b-b147-4fb7-9934-f5ea941fd110,Aisha Khan,AI SDLC Enablement Team,AI Delivery Acceleration,KIRO_CLI,CLI,MANUAL,chat,spec-orchestration,orchestrated-multi-agent,GitHub,No MCP Invoked,3,Claude_Sonnet_4.6_messages,5.39,3994,6061
2026-05-16T14:06:00Z,req-85d27af4ffaf,conv-84c1456abc,d-92675051d5.33a7a52f-dbf7-4f6b-89c9-43d30a61e104,Nina Patel,Retail Analytics Team,Retail Intelligence,KIRO_IDE,IDE,MANUAL,plugin-action,retail-analytics,single-agent,Direct Kiro,No MCP Invoked,0,Auto_messages,16.3,666,7049
2026-05-16T14:45:00Z,req-be53a6e57db0,conv-95776be8fd,d-92675051d5.0ec463de-81c2-4f79-9d4c-029f7bb0f101,Priya Nair,Payments Modernization Team,Payments Transformation,KIRO_CLI,CLI,MANUAL,transform,legacy-modernization,single-agent,GitHub,aws-docs,5,Claude_Sonnet_4.6_messages,3.96,876,8614
2026-05-16T16:05:00Z,req-59cc9986e4ca,conv-50d7f4226d,d-92675051d5.33a7a52f-dbf7-4f6b-89c9-43d30a61e104,Nina Patel,Retail Analytics Team,Retail Intelligence,KIRO_IDE,IDE,MANUAL,plugin-action,retail-analytics,spec-driven,Direct Kiro,No MCP Invoked,3,Claude_Sonnet_4.6_messages,9.98,4517,6401
2026-05-16T16:12:00Z,req-e784ad8f113e,conv-a6bbf26e41,d-92675051d5.0ec463de-81c2-4f79-9d4c-029f7bb0f101,Priya Nair,Payments Modernization Team,Payments Transformation,KIRO_CLI,CLI,INLINE_CHAT,review,legacy-modernization,spec-driven,Direct Kiro,github,2,Claude_Opus_4.6_messages,5.2,2225,8845
2026-05-16T16:53:00Z,req-770fd4ac5952,conv-209575ab8f,d-92675051d5.a9a3e94b-b147-4fb7-9934-f5ea941fd110,Aisha Khan,AI SDLC Enablement Team,AI Delivery Acceleration,KIRO_CLI,CLI,MANUAL,automation,spec-orchestration,orchestrated-multi-agent,Direct Kiro,github,1,DeepSeek_V3.2_messages,6.36,651,3427
2026-05-16T17:38:00Z,req-0de247170f7b,conv-27f10f5dfc,d-92675051d5.a9a3e94b-b147-4fb7-9934-f5ea941fd110,Aisha Khan,AI SDLC Enablement Team,AI Delivery Acceleration,KIRO_CLI,CLI,MANUAL,spec,spec-orchestration,human-in-loop,Browser,github,5,Claude_Opus_4.6_messages,4.26,959,10522
2026-05-17T10:22:00Z,req-22a3e72bb786,conv-66c47d2513,d-92675051d5.a9a3e94b-b147-4fb7-9934-f5ea941fd110,Aisha Khan,AI SDLC Enablement Team,AI Delivery Acceleration,KIRO_IDE,IDE,MANUAL,chat,spec-orchestration,human-in-loop,Direct Kiro,github,8,Claude_Sonnet_4.6_messages,6.8,5887,11379
2026-05-17T16:04:00Z,req-b8941c303b39,conv-3811a30b7f,d-92675051d5.a9a3e94b-b147-4fb7-9934-f5ea941fd110,Aisha Khan,AI SDLC Enablement Team,AI Delivery Acceleration,KIRO_IDE,IDE,MANUAL,chat,spec-orchestration,human-in-loop,GitHub,aws-docs,4,Claude_Sonnet_4.6_messages,4.73,5961,1856
2026-05-17T16:23:00Z,req-1b3a81854822,conv-cc84e2d59c,d-92675051d5.a9a3e94b-b147-4fb7-9934-f5ea941fd110,Aisha Khan,AI SDLC Enablement Team,AI Delivery Acceleration,KIRO_IDE,IDE,MANUAL,chat,spec-orchestration,human-in-loop,Jira,jira,8,Auto_messages,6.41,3911,3698
2026-05-17T18:02:00Z,req-be9cedf785ae,conv-fc7cf76449,d-92675051d5.a9a3e94b-b147-4fb7-9934-f5ea941fd110,Aisha Khan,AI SDLC Enablement Team,AI Delivery Acceleration,KIRO_IDE,IDE,MANUAL,mcp-tool,spec-orchestration,human-in-loop,Browser,aws-docs,5,Claude_Sonnet_4.6_messages,5.96,1366,5328
2026-05-18T09:06:00Z,req-35a897611a56,conv-07eeb61a7b,d-92675051d5.59888cc4-2dac-4454-a84e-b7968ad4e112,Chloe Martin,AI SDLC Enablement Team,AI Delivery Acceleration,KIRO_IDE,IDE,MANUAL,automation,spec-orchestration,spec-driven,Browser,jira,3,Claude_Sonnet_4.6_messages,3.56,4019,6767
2026-05-18T09:22:00Z,req-ad045d80b626,conv-8f994331c2,d-92675051d5.59888cc4-2dac-4454-a84e-b7968ad4e112,Chloe Martin,AI SDLC Enablement Team,AI Delivery Acceleration,KIRO_IDE,IDE,MANUAL,automation,spec-orchestration,spec-driven,Jira,aws-docs,1,Claude_Sonnet_4.6_messages,4.69,650,8542
2026-05-18T09:26:00Z,req-13e49c1b273d,conv-673fd34ba6,d-92675051d5.f12818d1-8f2c-4d54-9188-4f7224a4d103,Ethan Brooks,Payments Modernization Team,Payments Transformation,KIRO_CLI,CLI,MANUAL,chat,legacy-modernization,human-in-loop,GitHub,No MCP Invoked,7,Auto_messages,3.27,927,1284
2026-05-18T09:33:00Z,req-40e375ac3dd3,conv-5f1bb0b924,d-92675051d5.59888cc4-2dac-4454-a84e-b7968ad4e112,Chloe Martin,AI SDLC Enablement Team,AI Delivery Acceleration,KIRO_IDE,IDE,MANUAL,automation,spec-orchestration,spec-driven,Direct Kiro,jira,4,Claude_Sonnet_4.6_messages,4.99,4134,4045
2026-05-18T09:34:00Z,req-a9069f828a57,conv-826a56f771,d-92675051d5.9b1ac779-7da0-470f-bfd8-fba1849ca111,Ben Foster,AI SDLC Enablement Team,AI Delivery Acceleration,KIRO_IDE,IDE,MANUAL,mcp-tool,guardrail-evaluation,orchestrated-multi-agent,Jira,github,8,Claude_Sonnet_4.6_messages,19.46,2181,996
2026-05-18T09:48:00Z,req-de2659e041eb,conv-3e0325e2d7,d-92675051d5.0ec463de-81c2-4f79-9d4c-029f7bb0f101,Priya Nair,Payments Modernization Team,Payments Transformation,KIRO_IDE,IDE,INLINE_CHAT,review,legacy-modernization,spec-driven,Direct Kiro,No MCP Invoked,1,Claude_Sonnet_4.6_messages,9.09,717,10946
2026-05-18T10:16:00Z,req-2a01705f2312,conv-924b9d1b41,d-92675051d5.6273ba8a-bb02-425f-b443-3d4dcb2c9108,Victor Chen,Platform Reliability Engineering,Platform Reliability,KIRO_CLI,CLI,MANUAL,mcp-tool,platform-hardening,single-agent,AWS Docs,aws-docs,4,Auto_messages,2.76,3075,3835
2026-05-18T10:18:00Z,req-0d2a382ad1cd,conv-688359be2a,d-92675051d5.6273ba8a-bb02-425f-b443-3d4dcb2c9108,Victor Chen,Platform Reliability Engineering,Platform Reliability,KIRO_IDE,IDE,MANUAL,hook,platform-hardening,single-agent,GitHub,No MCP Invoked,8,Auto_messages,2.67,4003,7400
2026-05-18T11:03:00Z,req-0034b2399a87,conv-06a495c6e2,d-92675051d5.9b1ac779-7da0-470f-bfd8-fba1849ca111,Ben Foster,AI SDLC Enablement Team,AI Delivery Acceleration,KIRO_IDE,IDE,MANUAL,automation,guardrail-evaluation,orchestrated-multi-agent,Browser,jira,4,Claude_Sonnet_4.6_messages,12.97,1658,7865
2026-05-18T11:03:00Z,req-953edaa83eca,conv-f03986e9ec,d-92675051d5.a9a3e94b-b147-4fb7-9934-f5ea941fd110,Aisha Khan,AI SDLC Enablement Team,AI Delivery Acceleration,KIRO_IDE,IDE,MANUAL,automation,spec-orchestration,orchestrated-multi-agent,Browser,aws-docs,7,Claude_Sonnet_4.6_messages,14.17,1602,10439
2026-05-18T11:17:00Z,req-6f606ddb00e1,conv-e46ba6dc36,d-92675051d5.0ec463de-81c2-4f79-9d4c-029f7bb0f101,Priya Nair,Payments Modernization Team,Payments Transformation,KIRO_IDE,IDE,MANUAL,chat,legacy-modernization,spec-driven,Direct Kiro,No MCP Invoked,2,Claude_Sonnet_4.6_messages,8.62,312,5332
2026-05-18T11:27:00Z,req-41588861b58e,conv-bfe28f502a,d-92675051d5.6273ba8a-bb02-425f-b443-3d4dcb2c9108,Victor Chen,Platform Reliability Engineering,Platform Reliability,KIRO_IDE,IDE,MANUAL,hook,platform-hardening,human-in-loop,Direct Kiro,aws-docs,3,Auto_messages,4.2,6012,2061
2026-05-18T12:04:00Z,req-a68cda567d97,conv-f695020b0b,d-92675051d5.0ec463de-81c2-4f79-9d4c-029f7bb0f101,Priya Nair,Payments Modernization Team,Payments Transformation,KIRO_IDE,IDE,MANUAL,spec,legacy-modernization,human-in-loop,AWS Transform,No MCP Invoked,6,Qwen3_Coder_Next_messages,8.23,1391,11846
2026-05-18T12:09:00Z,req-ba104aceea5d,conv-6848554a79,d-92675051d5.0ec463de-81c2-4f79-9d4c-029f7bb0f101,Priya Nair,Payments Modernization Team,Payments Transformation,KIRO_IDE,IDE,MANUAL,spec,legacy-modernization,single-agent,Direct Kiro,github,3,Claude_Sonnet_4.6_messages,6.19,836,5986
2026-05-18T12:12:00Z,req-25128bec3aa8,conv-8e81bde33d,d-92675051d5.9b1ac779-7da0-470f-bfd8-fba1849ca111,Ben Foster,AI SDLC Enablement Team,AI Delivery Acceleration,KIRO_IDE,IDE,MANUAL,mcp-tool,guardrail-evaluation,human-in-loop,GitHub,jira,4,Claude_Sonnet_4.6_messages,16.06,1030,6856
2026-05-18T12:24:00Z,req-5bc3a17cb9e8,conv-2b3cc0527c,d-92675051d5.59888cc4-2dac-4454-a84e-b7968ad4e112,Chloe Martin,AI SDLC Enablement Team,AI Delivery Acceleration,KIRO_IDE,IDE,MANUAL,chat,spec-orchestration,orchestrated-multi-agent,Browser,jira,7,Claude_Sonnet_4.6_messages,3.32,5628,9531
2026-05-18T12:25:00Z,req-e8203a1e7610,conv-f66390bad1,d-92675051d5.838f6b85-1e72-4404-a193-f1b0dc79d107,Elena Garcia,Platform Reliability Engineering,Platform Reliability,KIRO_IDE,IDE,MANUAL,mcp-tool,platform-hardening,human-in-loop,GitHub,No MCP Invoked,3,Auto_messages,5.28,2592,3292
2026-05-18T12:39:00Z,req-1197840bd359,conv-9c48471aec,d-92675051d5.a9a3e94b-b147-4fb7-9934-f5ea941fd110,Aisha Khan,AI SDLC Enablement Team,AI Delivery Acceleration,KIRO_IDE,IDE,MANUAL,spec,spec-orchestration,human-in-loop,Direct Kiro,github,8,Claude_Sonnet_4.6_messages,15.79,1946,10863
2026-05-18T12:45:00Z,req-f9b7fcbb2bb1,conv-32e463eb03,d-92675051d5.f12818d1-8f2c-4d54-9188-4f7224a4d103,Ethan Brooks,Payments Modernization Team,Payments Transformation,KIRO_CLI,CLI,MANUAL,spec,legacy-modernization,single-agent,GitHub,aws-docs,8,Auto_messages,4.24,5604,5778
2026-05-18T13:43:00Z,req-51a810e5ca56,conv-bfe28f502a,d-92675051d5.6273ba8a-bb02-425f-b443-3d4dcb2c9108,Victor Chen,Platform Reliability Engineering,Platform Reliability,KIRO_CLI,CLI,MANUAL,mcp-tool,platform-hardening,single-agent,GitHub,github,5,Claude_Sonnet_4.6_messages,2.15,2358,4155
2026-05-18T14:01:00Z,req-41dcf9e371bc,conv-30ea196ce5,d-92675051d5.0ec463de-81c2-4f79-9d4c-029f7bb0f101,Priya Nair,Payments Modernization Team,Payments Transformation,KIRO_IDE,IDE,MANUAL,transform,legacy-modernization,human-in-loop,Direct Kiro,No MCP Invoked,1,Claude_Sonnet_4.6_messages,5.47,5746,5226
2026-05-18T14:48:00Z,req-1d1e08888cc6,conv-5aadd50bf1,d-92675051d5.a9a3e94b-b147-4fb7-9934-f5ea941fd110,Aisha Khan,AI SDLC Enablement Team,AI Delivery Acceleration,KIRO_IDE,IDE,MANUAL,automation,spec-orchestration,orchestrated-multi-agent,Jira,aws-docs,7,Claude_Sonnet_4.6_messages,15.51,692,9843
2026-05-18T15:29:00Z,req-65fe9e09212a,conv-7b5989f442,d-92675051d5.838f6b85-1e72-4404-a193-f1b0dc79d107,Elena Garcia,Platform Reliability Engineering,Platform Reliability,KIRO_IDE,IDE,MANUAL,hook,platform-hardening,single-agent,GitHub,No MCP Invoked,3,Auto_messages,3.1,5168,6676
2026-05-18T16:13:00Z,req-4eab3c2621de,conv-c8a8d200aa,d-92675051d5.59888cc4-2dac-4454-a84e-b7968ad4e112,Chloe Martin,AI SDLC Enablement Team,AI Delivery Acceleration,KIRO_IDE,IDE,MANUAL,automation,spec-orchestration,human-in-loop,Jira,No MCP Invoked,1,Claude_Sonnet_4.6_messages,4.55,2838,5733
2026-05-18T16:14:00Z,req-7716ed23dda5,conv-9f483878f8,d-92675051d5.a9a3e94b-b147-4fb7-9934-f5ea941fd110,Aisha Khan,AI SDLC Enablement Team,AI Delivery Acceleration,KIRO_IDE,IDE,MANUAL,chat,spec-orchestration,spec-driven,Direct Kiro,aws-docs,8,Claude_Sonnet_4.6_messages,16.79,603,3463
2026-05-18T16:25:00Z,req-56cdb569c268,conv-9a73d196f3,d-92675051d5.a9a3e94b-b147-4fb7-9934-f5ea941fd110,Aisha Khan,AI SDLC Enablement Team,AI Delivery Acceleration,KIRO_IDE,IDE,MANUAL,chat,spec-orchestration,spec-driven,Browser,No MCP Invoked,8,Auto_messages,13.47,5601,1206
2026-05-18T16:29:00Z,req-0dc4189f3601,conv-4c27463d35,d-92675051d5.6273ba8a-bb02-425f-b443-3d4dcb2c9108,Victor Chen,Platform Reliability Engineering,Platform Reliability,KIRO_CLI,CLI,MANUAL,mcp-tool,platform-hardening,human-in-loop,AWS Docs,github,5,Auto_messages,2.07,3776,9693
2026-05-18T16:41:00Z,req-db43b265e004,conv-0356cde76b,d-92675051d5.9b1ac779-7da0-470f-bfd8-fba1849ca111,Ben Foster,AI SDLC Enablement Team,AI Delivery Acceleration,KIRO_IDE,IDE,MANUAL,automation,guardrail-evaluation,orchestrated-multi-agent,GitHub,jira,8,Qwen3_Coder_Next_messages,12.04,887,8645
2026-05-18T16:43:00Z,req-b1a6e2777702,conv-4c27463d35,d-92675051d5.6273ba8a-bb02-425f-b443-3d4dcb2c9108,Victor Chen,Platform Reliability Engineering,Platform Reliability,KIRO_IDE,IDE,MANUAL,cli-chat,platform-hardening,single-agent,GitHub,No MCP Invoked,5,Auto_messages,2.61,1576,4894
2026-05-18T17:00:00Z,req-b6a78995609a,conv-688359be2a,d-92675051d5.6273ba8a-bb02-425f-b443-3d4dcb2c9108,Victor Chen,Platform Reliability Engineering,Platform Reliability,KIRO_CLI,CLI,INLINE_CHAT,review,platform-hardening,single-agent,GitHub,No MCP Invoked,6,Auto_messages,3.61,3255,2265
2026-05-18T18:01:00Z,req-0c034b71c612,conv-7e2e43e0aa,d-92675051d5.9b1ac779-7da0-470f-bfd8-fba1849ca111,Ben Foster,AI SDLC Enablement Team,AI Delivery Acceleration,KIRO_IDE,IDE,INLINE_CHAT,review,guardrail-evaluation,human-in-loop,Jira,github,4,Claude_Sonnet_4.6_messages,18.79,5479,6829
2026-05-18T18:28:00Z,req-693722d1e557,conv-fd08ec42d7,d-92675051d5.838f6b85-1e72-4404-a193-f1b0dc79d107,Elena Garcia,Platform Reliability Engineering,Platform Reliability,KIRO_IDE,IDE,INLINE_CHAT,review,platform-hardening,human-in-loop,Direct Kiro,No MCP Invoked,2,Auto_messages,4.23,2936,7468
2026-05-19T09:07:00Z,req-6405be6e46a9,conv-cab189643d,d-92675051d5.0ec463de-81c2-4f79-9d4c-029f7bb0f101,Priya Nair,Payments Modernization Team,Payments Transformation,KIRO_CLI,CLI,MANUAL,transform,legacy-modernization,human-in-loop,Direct Kiro,No MCP Invoked,3,Claude_Sonnet_4.6_messages,3.51,3146,6280
2026-05-19T09:20:00Z,req-115c757b975b,conv-2fa2e52572,d-92675051d5.a9a3e94b-b147-4fb7-9934-f5ea941fd110,Aisha Khan,AI SDLC Enablement Team,AI Delivery Acceleration,KIRO_CLI,CLI,MANUAL,spec,spec-orchestration,orchestrated-multi-agent,Direct Kiro,jira,1,Claude_Sonnet_4.6_messages,9.29,679,9603
2026-05-19T09:25:00Z,req-2db98e6a3860,conv-42a74ff75f,d-92675051d5.a9a3e94b-b147-4fb7-9934-f5ea941fd110,Aisha Khan,AI SDLC Enablement Team,AI Delivery Acceleration,KIRO_IDE,IDE,MANUAL,mcp-tool,spec-orchestration,orchestrated-multi-agent,GitHub,aws-docs,4,Claude_Sonnet_4.6_messages,19.53,429,8806
2026-05-19T09:40:00Z,req-16b8e0bf7ac3,conv-fe07736a4a,d-92675051d5.9b1ac779-7da0-470f-bfd8-fba1849ca111,Ben Foster,AI SDLC Enablement Team,AI Delivery Acceleration,KIRO_IDE,IDE,MANUAL,chat,guardrail-evaluation,orchestrated-multi-agent,GitHub,No MCP Invoked,3,Qwen3_Coder_Next_messages,40.92,4229,2888
2026-05-19T09:40:00Z,req-a6816b11ad57,conv-8ebb4fd4c1,d-92675051d5.a9a3e94b-b147-4fb7-9934-f5ea941fd110,Aisha Khan,AI SDLC Enablement Team,AI Delivery Acceleration,KIRO_CLI,CLI,MANUAL,chat,spec-orchestration,human-in-loop,Jira,No MCP Invoked,2,Claude_Sonnet_4.6_messages,7.93,3449,2663
2026-05-19T09:50:00Z,req-4e2b1f353a6b,conv-1ba458b006,d-92675051d5.59888cc4-2dac-4454-a84e-b7968ad4e112,Chloe Martin,AI SDLC Enablement Team,AI Delivery Acceleration,KIRO_IDE,IDE,MANUAL,chat,spec-orchestration,human-in-loop,Jira,github,1,Claude_Sonnet_4.6_messages,4.41,2235,11820
2026-05-19T10:02:00Z,req-517e0fd503f3,conv-913dab0d2a,d-92675051d5.9b1ac779-7da0-470f-bfd8-fba1849ca111,Ben Foster,AI SDLC Enablement Team,AI Delivery Acceleration,KIRO_IDE,IDE,MANUAL,chat,guardrail-evaluation,orchestrated-multi-agent,Direct Kiro,aws-docs,1,Auto_messages,23.43,3120,11574
2026-05-19T10:07:00Z,req-bd1c825ae4a7,conv-ad1f39d16c,d-92675051d5.59888cc4-2dac-4454-a84e-b7968ad4e112,Chloe Martin,AI SDLC Enablement Team,AI Delivery Acceleration,KIRO_IDE,IDE,MANUAL,mcp-tool,spec-orchestration,human-in-loop,Browser,github,4,Claude_Sonnet_4.6_messages,4.07,5313,9684
2026-05-19T10:08:00Z,req-d388d17089e3,conv-199d35dee8,d-92675051d5.59888cc4-2dac-4454-a84e-b7968ad4e112,Chloe Martin,AI SDLC Enablement Team,AI Delivery Acceleration,KIRO_IDE,IDE,MANUAL,automation,spec-orchestration,human-in-loop,GitHub,No MCP Invoked,3,Qwen3_Coder_Next_messages,4.62,1248,7064
2026-05-19T10:12:00Z,req-c477140ef27e,conv-6a9c4b20f6,d-92675051d5.797d1e6c-6d5f-41a9-8dc7-53d2ef14e102,Marco Silva,Payments Modernization Team,Payments Transformation,KIRO_CLI,CLI,INLINE_CHAT,review,test-generation,human-in-loop,Direct Kiro,No MCP Invoked,1,Qwen3_Coder_Next_messages,16.32,4288,3799
2026-05-19T10:16:00Z,req-c6b905f1f4ad,conv-e483853d99,d-92675051d5.838f6b85-1e72-4404-a193-f1b0dc79d107,Elena Garcia,Platform Reliability Engineering,Platform Reliability,KIRO_CLI,CLI,MANUAL,cli-chat,platform-hardening,single-agent,Direct Kiro,github,6,Claude_Sonnet_4.6_messages,3.1,5876,6643
2026-05-19T10:23:00Z,req-9ba932361c3d,conv-174eb0a55a,d-92675051d5.797d1e6c-6d5f-41a9-8dc7-53d2ef14e102,Marco Silva,Payments Modernization Team,Payments Transformation,KIRO_CLI,CLI,MANUAL,slash-command,test-generation,human-in-loop,Direct Kiro,No MCP Invoked,0,Claude_Sonnet_4.6_messages,18.63,4171,9652
2026-05-19T10:30:00Z,req-0d100f8494ae,conv-9feb2f626f,d-92675051d5.59888cc4-2dac-4454-a84e-b7968ad4e112,Chloe Martin,AI SDLC Enablement Team,AI Delivery Acceleration,KIRO_IDE,IDE,MANUAL,mcp-tool,spec-orchestration,orchestrated-multi-agent,Jira,No MCP Invoked,2,DeepSeek_V3.2_messages,4.09,1551,3677
2026-05-19T10:32:00Z,req-6bb871d5799e,conv-2782800231,d-92675051d5.797d1e6c-6d5f-41a9-8dc7-53d2ef14e102,Marco Silva,Payments Modernization Team,Payments Transformation,PLUGIN,PLUGIN,MANUAL,plugin-action,test-generation,single-agent,Direct Kiro,No MCP Invoked,2,Claude_Sonnet_4.6_messages,10.38,476,6329
2026-05-19T10:50:00Z,req-d2ec927c7873,conv-4b94c72fc9,d-92675051d5.838f6b85-1e72-4404-a193-f1b0dc79d107,Elena Garcia,Platform Reliability Engineering,Platform Reliability,KIRO_IDE,IDE,MANUAL,mcp-tool,platform-hardening,human-in-loop,Direct Kiro,aws-docs,3,Claude_Sonnet_4.6_messages,3.87,841,1086
2026-05-19T10:51:00Z,req-f797b1224b2f,conv-b68e981ab9,d-92675051d5.838f6b85-1e72-4404-a193-f1b0dc79d107,Elena Garcia,Platform Reliability Engineering,Platform Reliability,KIRO_IDE,IDE,MANUAL,cli-chat,platform-hardening,single-agent,Direct Kiro,github,1,Claude_Sonnet_4.6_messages,5.83,3432,1532
2026-05-19T10:55:00Z,req-1331aacfb3b2,conv-174eb0a55a,d-92675051d5.797d1e6c-6d5f-41a9-8dc7-53d2ef14e102,Marco Silva,Payments Modernization Team,Payments Transformation,KIRO_IDE,IDE,INLINE_CHAT,review,test-generation,single-agent,Direct Kiro,No MCP Invoked,1,DeepSeek_V3.2_messages,20.78,4127,2488
2026-05-19T11:18:00Z,req-2d93ffb522d1,conv-6a9c4b20f6,d-92675051d5.797d1e6c-6d5f-41a9-8dc7-53d2ef14e102,Marco Silva,Payments Modernization Team,Payments Transformation,KIRO_IDE,IDE,MANUAL,slash-command,test-generation,spec-driven,Direct Kiro,github,8,Claude_Sonnet_4.6_messages,26.78,1281,2826
2026-05-19T11:38:00Z,req-0f9742415189,conv-505d3cb049,d-92675051d5.3b537ba7-2c3b-4a6c-aec6-61e594bd1109,Sam Walker,Platform Reliability Engineering,Platform Reliability,KIRO_IDE,IDE,MANUAL,hook,platform-hardening,human-in-loop,Direct Kiro,No MCP Invoked,3,Auto_messages,3.22,319,5243
2026-05-19T11:38:00Z,req-677a4779db1c,conv-42a74ff75f,d-92675051d5.a9a3e94b-b147-4fb7-9934-f5ea941fd110,Aisha Khan,AI SDLC Enablement Team,AI Delivery Acceleration,KIRO_CLI,CLI,MANUAL,spec,spec-orchestration,orchestrated-multi-agent,GitHub,github,4,Claude_Opus_4.6_messages,9.07,2494,3634
2026-05-19T11:40:00Z,req-a0659633841b,conv-3a940d54df,d-92675051d5.0ec463de-81c2-4f79-9d4c-029f7bb0f101,Priya Nair,Payments Modernization Team,Payments Transformation,KIRO_CLI,CLI,INLINE_CHAT,review,legacy-modernization,spec-driven,Direct Kiro,No MCP Invoked,2,Claude_Sonnet_4.6_messages,5.11,5307,8253
2026-05-19T11:55:00Z,req-ea5f105fb335,conv-4de94926b6,d-92675051d5.4a0a1ddb-32de-4237-b40f-cbc81f6ae105,Omar Haddad,Retail Analytics Team,Retail Intelligence,KIRO_IDE,IDE,MANUAL,chat,retail-analytics,spec-driven,Direct Kiro,No MCP Invoked,1,Auto_messages,3.43,1709,9625
2026-05-19T12:04:00Z,req-f45c3fa84976,conv-ee9c665398,d-92675051d5.33a7a52f-dbf7-4f6b-89c9-43d30a61e104,Nina Patel,Retail Analytics Team,Retail Intelligence,KIRO_IDE,IDE,MANUAL,mcp-tool,retail-analytics,human-in-loop,Direct Kiro,No MCP Invoked,1,Claude_Sonnet_4.6_messages,16.63,1135,6606
2026-05-19T12:06:00Z,req-e2f1ee7295f5,conv-619f508bf4,d-92675051d5.0ec463de-81c2-4f79-9d4c-029f7bb0f101,Priya Nair,Payments Modernization Team,Payments Transformation,KIRO_IDE,IDE,MANUAL,transform,legacy-modernization,spec-driven,AWS Transform,github,6,Qwen3_Coder_Next_messages,8.92,3166,10726
2026-05-19T12:30:00Z,req-f963336ec783,conv-02adef5cf7,d-92675051d5.9b1ac779-7da0-470f-bfd8-fba1849ca111,Ben Foster,AI SDLC Enablement Team,AI Delivery Acceleration,KIRO_IDE,IDE,MANUAL,mcp-tool,guardrail-evaluation,human-in-loop,Direct Kiro,No MCP Invoked,3,Claude_Sonnet_4.6_messages,27.79,4764,3779
2026-05-19T12:34:00Z,req-e65d988faaa5,conv-8d5220d831,d-92675051d5.33a7a52f-dbf7-4f6b-89c9-43d30a61e104,Nina Patel,Retail Analytics Team,Retail Intelligence,KIRO_IDE,IDE,MANUAL,spec,retail-analytics,human-in-loop,Direct Kiro,aws-docs,4,Claude_Sonnet_4.6_messages,18.78,5679,11378
2026-05-19T12:35:00Z,req-25d0c20ade45,conv-4b94c72fc9,d-92675051d5.838f6b85-1e72-4404-a193-f1b0dc79d107,Elena Garcia,Platform Reliability Engineering,Platform Reliability,KIRO_CLI,CLI,MANUAL,mcp-tool,platform-hardening,single-agent,Direct Kiro,github,8,Claude_Sonnet_4.6_messages,2.14,6051,4812
2026-05-19T12:38:00Z,req-4d6b2493c619,conv-f9d0a69e09,d-92675051d5.33a7a52f-dbf7-4f6b-89c9-43d30a61e104,Nina Patel,Retail Analytics Team,Retail Intelligence,KIRO_IDE,IDE,MANUAL,chat,retail-analytics,human-in-loop,Direct Kiro,No MCP Invoked,0,Claude_Sonnet_4.6_messages,16.23,1168,4532
2026-05-19T12:46:00Z,req-af184244a902,conv-cea28ff7c4,d-92675051d5.838f6b85-1e72-4404-a193-f1b0dc79d107,Elena Garcia,Platform Reliability Engineering,Platform Reliability,KIRO_CLI,CLI,MANUAL,mcp-tool,platform-hardening,human-in-loop,AWS Docs,aws-docs,6,Auto_messages,3.77,5925,9978
2026-05-19T12:55:00Z,req-31b0bd61b4ce,conv-d420d3ffd0,d-92675051d5.797d1e6c-6d5f-41a9-8dc7-53d2ef14e102,Marco Silva,Payments Modernization Team,Payments Transformation,KIRO_CLI,CLI,MANUAL,chat,test-generation,single-agent,Direct Kiro,No MCP Invoked,3,Claude_Sonnet_4.6_messages,11.31,5476,10883
2026-05-19T12:57:00Z,req-34a6e2469de5,conv-2782800231,d-92675051d5.797d1e6c-6d5f-41a9-8dc7-53d2ef14e102,Marco Silva,Payments Modernization Team,Payments Transformation,KIRO_IDE,IDE,MANUAL,slash-command,test-generation,spec-driven,Direct Kiro,github,6,Claude_Sonnet_4.6_messages,31.82,1646,5936
2026-05-19T13:14:00Z,req-4b92f2b245f7,conv-35e4b4e418,d-92675051d5.3b537ba7-2c3b-4a6c-aec6-61e594bd1109,Sam Walker,Platform Reliability Engineering,Platform Reliability,KIRO_IDE,IDE,INLINE_CHAT,review,platform-hardening,human-in-loop,Direct Kiro,No MCP Invoked,0,Claude_Sonnet_4.6_messages,3.41,5871,3066
2026-05-19T13:19:00Z,req-5d219d8ce499,conv-01e486e9b1,d-92675051d5.a9a3e94b-b147-4fb7-9934-f5ea941fd110,Aisha Khan,AI SDLC Enablement Team,AI Delivery Acceleration,KIRO_CLI,CLI,MANUAL,automation,spec-orchestration,spec-driven,Browser,jira,7,Claude_Sonnet_4.6_messages,9.62,3466,1510
2026-05-19T13:29:00Z,req-fbb11d5dea02,conv-01e486e9b1,d-92675051d5.a9a3e94b-b147-4fb7-9934-f5ea941fd110,Aisha Khan,AI SDLC Enablement Team,AI Delivery Acceleration,KIRO_IDE,IDE,MANUAL,spec,spec-orchestration,orchestrated-multi-agent,Browser,aws-docs,7,Qwen3_Coder_Next_messages,25.71,2759,9055
2026-05-19T13:35:00Z,req-51b3119eefd6,conv-32ad858400,d-92675051d5.0ec463de-81c2-4f79-9d4c-029f7bb0f101,Priya Nair,Payments Modernization Team,Payments Transformation,KIRO_IDE,IDE,MANUAL,transform,legacy-modernization,human-in-loop,Direct Kiro,No MCP Invoked,3,Claude_Sonnet_4.6_messages,13.05,2174,1540
2026-05-19T14:10:00Z,req-49cc177f110f,conv-efa02f802e,d-92675051d5.3b537ba7-2c3b-4a6c-aec6-61e594bd1109,Sam Walker,Platform Reliability Engineering,Platform Reliability,KIRO_IDE,IDE,MANUAL,cli-chat,platform-hardening,single-agent,Direct Kiro,No MCP Invoked,3,Auto_messages,3.27,4129,5510
2026-05-19T14:11:00Z,req-01566cc80223,conv-8ebb4fd4c1,d-92675051d5.a9a3e94b-b147-4fb7-9934-f5ea941fd110,Aisha Khan,AI SDLC Enablement Team,AI Delivery Acceleration,KIRO_IDE,IDE,MANUAL,automation,spec-orchestration,spec-driven,GitHub,No MCP Invoked,1,Claude_Sonnet_4.6_messages,25.58,470,11661
2026-05-19T14:15:00Z,req-ed8be228a91a,conv-4231a26578,d-92675051d5.a9a3e94b-b147-4fb7-9934-f5ea941fd110,Aisha Khan,AI SDLC Enablement Team,AI Delivery Acceleration,KIRO_CLI,CLI,MANUAL,mcp-tool,spec-orchestration,spec-driven,GitHub,jira,3,Claude_Sonnet_4.6_messages,8.99,1944,4260
2026-05-19T14:44:00Z,req-1ab1ee82469a,conv-dfa9eb6723,d-92675051d5.797d1e6c-6d5f-41a9-8dc7-53d2ef14e102,Marco Silva,Payments Modernization Team,Payments Transformation,PLUGIN,PLUGIN,MANUAL,slash-command,test-generation,single-agent,Direct Kiro,aws-docs,8,Qwen3_Coder_Next_messages,11.05,3632,9361
2026-05-19T14:48:00Z,req-8054087f68d6,conv-f9aed70019,d-92675051d5.9b1ac779-7da0-470f-bfd8-fba1849ca111,Ben Foster,AI SDLC Enablement Team,AI Delivery Acceleration,KIRO_IDE,IDE,INLINE_CHAT,review,guardrail-evaluation,spec-driven,Jira,No MCP Invoked,1,Claude_Sonnet_4.6_messages,31.83,5602,9797
2026-05-19T14:53:00Z,req-8f53155d072c,conv-a1b4f94dc3,d-92675051d5.4a0a1ddb-32de-4237-b40f-cbc81f6ae105,Omar Haddad,Retail Analytics Team,Retail Intelligence,KIRO_IDE,IDE,MANUAL,plugin-action,retail-analytics,single-agent,Browser,No MCP Invoked,3,Auto_messages,3.75,3617,11277
2026-05-19T14:57:00Z,req-cdd9aa835088,conv-2fa2e52572,d-92675051d5.a9a3e94b-b147-4fb7-9934-f5ea941fd110,Aisha Khan,AI SDLC Enablement Team,AI Delivery Acceleration,KIRO_IDE,IDE,MANUAL,spec,spec-orchestration,orchestrated-multi-agent,Browser,aws-docs,1,Claude_Opus_4.6_messages,16.42,4938,2407
2026-05-19T15:05:00Z,req-9e194da3092a,conv-d6b51324a1,d-92675051d5.838f6b85-1e72-4404-a193-f1b0dc79d107,Elena Garcia,Platform Reliability Engineering,Platform Reliability,KIRO_IDE,IDE,MANUAL,hook,platform-hardening,single-agent,Direct Kiro,aws-docs,2,Claude_Sonnet_4.6_messages,3.22,4115,4085
2026-05-19T15:10:00Z,req-277262ce85f7,conv-c65d5ad43f,d-92675051d5.4a0a1ddb-32de-4237-b40f-cbc81f6ae105,Omar Haddad,Retail Analytics Team,Retail Intelligence,KIRO_IDE,IDE,MANUAL,plugin-action,retail-analytics,single-agent,Direct Kiro,No MCP Invoked,2,Claude_Opus_4.6_messages,4.18,4348,6416
2026-05-19T15:14:00Z,req-97f95f34d329,conv-d420d3ffd0,d-92675051d5.797d1e6c-6d5f-41a9-8dc7-53d2ef14e102,Marco Silva,Payments Modernization Team,Payments Transformation,KIRO_IDE,IDE,MANUAL,plugin-action,test-generation,single-agent,Direct Kiro,No MCP Invoked,1,Claude_Opus_4.6_messages,18.65,5521,8858
2026-05-19T15:17:00Z,req-3e41f79d4526,conv-4231a26578,d-92675051d5.a9a3e94b-b147-4fb7-9934-f5ea941fd110,Aisha Khan,AI SDLC Enablement Team,AI Delivery Acceleration,KIRO_IDE,IDE,MANUAL,spec,spec-orchestration,orchestrated-multi-agent,Jira,aws-docs,2,Claude_Sonnet_4.6_messages,17.19,2437,11485
2026-05-19T15:35:00Z,req-65a816547e18,conv-cea28ff7c4,d-92675051d5.838f6b85-1e72-4404-a193-f1b0dc79d107,Elena Garcia,Platform Reliability Engineering,Platform Reliability,KIRO_IDE,IDE,MANUAL,cli-chat,platform-hardening,human-in-loop,AWS Docs,No MCP Invoked,4,Claude_Opus_4.6_messages,3.81,2266,10113
2026-05-19T15:46:00Z,req-84cfaf4c8e81,conv-d6b51324a1,d-92675051d5.838f6b85-1e72-4404-a193-f1b0dc79d107,Elena Garcia,Platform Reliability Engineering,Platform Reliability,KIRO_CLI,CLI,MANUAL,hook,platform-hardening,single-agent,Direct Kiro,github,1,Qwen3_Coder_Next_messages,4.13,1975,6381
2026-05-19T15:58:00Z,req-9df7bb09abf9,conv-2782800231,d-92675051d5.797d1e6c-6d5f-41a9-8dc7-53d2ef14e102,Marco Silva,Payments Modernization Team,Payments Transformation,KIRO_CLI,CLI,MANUAL,chat,test-generation,single-agent,Direct Kiro,aws-docs,5,Claude_Sonnet_4.6_messages,19.03,6215,3245
2026-05-19T16:11:00Z,req-415c8b526d43,conv-cab189643d,d-92675051d5.0ec463de-81c2-4f79-9d4c-029f7bb0f101,Priya Nair,Payments Modernization Team,Payments Transformation,KIRO_IDE,IDE,MANUAL,chat,legacy-modernization,spec-driven,AWS Transform,No MCP Invoked,1,Claude_Sonnet_4.6_messages,16.02,4809,11114
2026-05-19T16:17:00Z,req-51392f4660b8,conv-3a940d54df,d-92675051d5.0ec463de-81c2-4f79-9d4c-029f7bb0f101,Priya Nair,Payments Modernization Team,Payments Transformation,KIRO_IDE,IDE,MANUAL,spec,legacy-modernization,human-in-loop,Direct Kiro,aws-docs,4,Claude_Sonnet_4.6_messages,9.25,736,8257
2026-05-19T16:30:00Z,req-22305476fca7,conv-59caaf78bd,d-92675051d5.33a7a52f-dbf7-4f6b-89c9-43d30a61e104,Nina Patel,Retail Analytics Team,Retail Intelligence,KIRO_IDE,IDE,MANUAL,plugin-action,retail-analytics,spec-driven,Browser,github,5,Claude_Sonnet_4.6_messages,24.67,2711,3143
2026-05-19T16:47:00Z,req-a0672f728f3b,conv-c0133eafb5,d-92675051d5.9b1ac779-7da0-470f-bfd8-fba1849ca111,Ben Foster,AI SDLC Enablement Team,AI Delivery Acceleration,KIRO_IDE,IDE,MANUAL,automation,guardrail-evaluation,spec-driven,GitHub,No MCP Invoked,8,Auto_messages,36.6,759,11268
2026-05-19T16:52:00Z,req-c6e366dd3556,conv-dfa9eb6723,d-92675051d5.797d1e6c-6d5f-41a9-8dc7-53d2ef14e102,Marco Silva,Payments Modernization Team,Payments Transformation,KIRO_CLI,CLI,INLINE_CHAT,review,test-generation,single-agent,GitHub,No MCP Invoked,4,Qwen3_Coder_Next_messages,13.8,3527,4583
2026-05-19T17:08:00Z,req-a2b3df885ef8,conv-d4a5e1356b,d-92675051d5.0ec463de-81c2-4f79-9d4c-029f7bb0f101,Priya Nair,Payments Modernization Team,Payments Transformation,KIRO_CLI,CLI,MANUAL,chat,legacy-modernization,single-agent,Direct Kiro,No MCP Invoked,0,Auto_messages,5.76,5249,8267
2026-05-19T17:31:00Z,req-09d754384e25,conv-e483853d99,d-92675051d5.838f6b85-1e72-4404-a193-f1b0dc79d107,Elena Garcia,Platform Reliability Engineering,Platform Reliability,KIRO_IDE,IDE,INLINE_CHAT,review,platform-hardening,single-agent,GitHub,github,6,Claude_Sonnet_4.6_messages,4.83,4830,11201
2026-05-19T18:01:00Z,req-587f11d00779,conv-dfa9eb6723,d-92675051d5.797d1e6c-6d5f-41a9-8dc7-53d2ef14e102,Marco Silva,Payments Modernization Team,Payments Transformation,KIRO_IDE,IDE,MANUAL,chat,test-generation,human-in-loop,Code Review,github,4,Claude_Sonnet_4.6_messages,26.57,2767,4825
2026-05-19T18:07:00Z,req-749bcbb85857,conv-7607b95ff5,d-92675051d5.33a7a52f-dbf7-4f6b-89c9-43d30a61e104,Nina Patel,Retail Analytics Team,Retail Intelligence,KIRO_IDE,IDE,MANUAL,chat,retail-analytics,human-in-loop,Browser,No MCP Invoked,1,Claude_Sonnet_4.6_messages,22.82,4181,6476
2026-05-19T18:11:00Z,req-f1e0fa52b3b4,conv-619f508bf4,d-92675051d5.0ec463de-81c2-4f79-9d4c-029f7bb0f101,Priya Nair,Payments Modernization Team,Payments Transformation,KIRO_CLI,CLI,INLINE_CHAT,review,legacy-modernization,single-agent,GitHub,No MCP Invoked,4,Claude_Sonnet_4.6_messages,3.22,3172,4540
2026-05-19T18:14:00Z,req-5c8cccf5af54,conv-d4a5e1356b,d-92675051d5.0ec463de-81c2-4f79-9d4c-029f7bb0f101,Priya Nair,Payments Modernization Team,Payments Transformation,KIRO_IDE,IDE,MANUAL,chat,legacy-modernization,spec-driven,Direct Kiro,No MCP Invoked,2,Claude_Sonnet_4.6_messages,11.55,2874,8861
2026-05-19T18:18:00Z,req-191e2fc01aa4,conv-8b0569e2d5,d-92675051d5.59888cc4-2dac-4454-a84e-b7968ad4e112,Chloe Martin,AI SDLC Enablement Team,AI Delivery Acceleration,KIRO_IDE,IDE,MANUAL,automation,spec-orchestration,orchestrated-multi-agent,GitHub,github,3,DeepSeek_V3.2_messages,5.76,3419,10634
2026-05-19T18:29:00Z,req-afb54dc7573e,conv-32ad858400,d-92675051d5.0ec463de-81c2-4f79-9d4c-029f7bb0f101,Priya Nair,Payments Modernization Team,Payments Transformation,KIRO_CLI,CLI,MANUAL,chat,legacy-modernization,single-agent,Direct Kiro,github,6,Claude_Sonnet_4.6_messages,5.23,1435,10393
2026-05-19T18:55:00Z,req-8272dabb87e8,conv-b68e981ab9,d-92675051d5.838f6b85-1e72-4404-a193-f1b0dc79d107,Elena Garcia,Platform Reliability Engineering,Platform Reliability,KIRO_CLI,CLI,MANUAL,mcp-tool,platform-hardening,human-in-loop,AWS Docs,aws-docs,2,Auto_messages,3.11,1093,7927
2026-05-20T09:00:00Z,req-464b276d1600,conv-353403645b,d-92675051d5.a9a3e94b-b147-4fb7-9934-f5ea941fd110,Aisha Khan,AI SDLC Enablement Team,AI Delivery Acceleration,PLUGIN,PLUGIN,MANUAL,automation,spec-orchestration,spec-driven,GitHub,No MCP Invoked,6,Claude_Sonnet_4.6_messages,5.29,2067,3369
2026-05-20T09:03:00Z,req-4fe0f35037f0,conv-8385f40272,d-92675051d5.9b1ac779-7da0-470f-bfd8-fba1849ca111,Ben Foster,AI SDLC Enablement Team,AI Delivery Acceleration,KIRO_IDE,IDE,MANUAL,automation,guardrail-evaluation,orchestrated-multi-agent,Direct Kiro,jira,2,Claude_Sonnet_4.6_messages,23.88,1931,8429
2026-05-20T09:09:00Z,req-1fe7f9737985,conv-fd877a53b9,d-92675051d5.33a7a52f-dbf7-4f6b-89c9-43d30a61e104,Nina Patel,Retail Analytics Team,Retail Intelligence,KIRO_CLI,CLI,MANUAL,plugin-action,retail-analytics,human-in-loop,Direct Kiro,No MCP Invoked,0,Claude_Sonnet_4.6_messages,10.27,5034,5409
2026-05-20T09:10:00Z,req-067f5d590c51,conv-2d86ae1065,d-92675051d5.6273ba8a-bb02-425f-b443-3d4dcb2c9108,Victor Chen,Platform Reliability Engineering,Platform Reliability,KIRO_IDE,IDE,MANUAL,cli-chat,platform-hardening,human-in-loop,GitHub,No MCP Invoked,3,Claude_Sonnet_4.6_messages,2.9,4108,7541
2026-05-20T09:16:00Z,req-85af91c9e0ef,conv-dfa1fbd5cf,d-92675051d5.a9a3e94b-b147-4fb7-9934-f5ea941fd110,Aisha Khan,AI SDLC Enablement Team,AI Delivery Acceleration,KIRO_CLI,CLI,MANUAL,spec,spec-orchestration,human-in-loop,Browser,aws-docs,0,Claude_Sonnet_4.6_messages,7.79,550,955
2026-05-20T09:20:00Z,req-09b229793e55,conv-353403645b,d-92675051d5.a9a3e94b-b147-4fb7-9934-f5ea941fd110,Aisha Khan,AI SDLC Enablement Team,AI Delivery Acceleration,KIRO_CLI,CLI,MANUAL,automation,spec-orchestration,orchestrated-multi-agent,GitHub,No MCP Invoked,8,Claude_Sonnet_4.6_messages,13.84,4854,3727
2026-05-20T09:25:00Z,req-2a291e28638c,conv-1be1471265,d-92675051d5.f12818d1-8f2c-4d54-9188-4f7224a4d103,Ethan Brooks,Payments Modernization Team,Payments Transformation,KIRO_IDE,IDE,MANUAL,chat,legacy-modernization,spec-driven,Direct Kiro,No MCP Invoked,1,DeepSeek_V3.2_messages,3.0,409,7351
2026-05-20T09:40:00Z,req-db3410bbaf2d,conv-546c6195bd,d-92675051d5.6273ba8a-bb02-425f-b443-3d4dcb2c9108,Victor Chen,Platform Reliability Engineering,Platform Reliability,KIRO_CLI,CLI,MANUAL,cli-chat,platform-hardening,single-agent,GitHub,No MCP Invoked,8,Auto_messages,3.94,4097,2966
2026-05-20T09:43:00Z,req-b2b319681454,conv-1ddbece4b3,d-92675051d5.0ec463de-81c2-4f79-9d4c-029f7bb0f101,Priya Nair,Payments Modernization Team,Payments Transformation,KIRO_CLI,CLI,MANUAL,transform,legacy-modernization,single-agent,AWS Transform,github,7,Auto_messages,5.57,5855,11754
2026-05-20T09:47:00Z,req-dde61b37f27b,conv-fd877a53b9,d-92675051d5.33a7a52f-dbf7-4f6b-89c9-43d30a61e104,Nina Patel,Retail Analytics Team,Retail Intelligence,PLUGIN,PLUGIN,MANUAL,chat,retail-analytics,human-in-loop,Browser,aws-docs,2,Claude_Sonnet_4.6_messages,7.31,4354,7929
2026-05-20T09:52:00Z,req-e2d9b71a83a6,conv-da71deb8fa,d-92675051d5.797d1e6c-6d5f-41a9-8dc7-53d2ef14e102,Marco Silva,Payments Modernization Team,Payments Transformation,KIRO_CLI,CLI,INLINE_CHAT,review,test-generation,human-in-loop,Direct Kiro,No MCP Invoked,0,Claude_Sonnet_4.6_messages,19.01,2570,10678
2026-05-20T09:52:00Z,req-d4072c4ee383,conv-459555218e,d-92675051d5.797d1e6c-6d5f-41a9-8dc7-53d2ef14e102,Marco Silva,Payments Modernization Team,Payments Transformation,KIRO_IDE,IDE,MANUAL,chat,test-generation,single-agent,GitHub,No MCP Invoked,1,Claude_Sonnet_4.6_messages,25.89,1920,9184
2026-05-20T10:02:00Z,req-6aa01075c58b,conv-e32046962b,d-92675051d5.9b1ac779-7da0-470f-bfd8-fba1849ca111,Ben Foster,AI SDLC Enablement Team,AI Delivery Acceleration,KIRO_IDE,IDE,MANUAL,automation,guardrail-evaluation,human-in-loop,Browser,github,2,Claude_Sonnet_4.6_messages,21.35,2425,3651
2026-05-20T10:05:00Z,req-b0fc0edaf5da,conv-ae6a6fbd4f,d-92675051d5.9b1ac779-7da0-470f-bfd8-fba1849ca111,Ben Foster,AI SDLC Enablement Team,AI Delivery Acceleration,KIRO_IDE,IDE,MANUAL,automation,guardrail-evaluation,spec-driven,Direct Kiro,aws-docs,7,Claude_Sonnet_4.6_messages,20.45,903,4330
2026-05-20T10:08:00Z,req-f8c6acd0954a,conv-0c6f549dab,d-92675051d5.0ec463de-81c2-4f79-9d4c-029f7bb0f101,Priya Nair,Payments Modernization Team,Payments Transformation,KIRO_IDE,IDE,MANUAL,spec,legacy-modernization,single-agent,Direct Kiro,No MCP Invoked,2,DeepSeek_V3.2_messages,15.72,722,11333
2026-05-20T10:14:00Z,req-c16b898e659d,conv-05d297730b,d-92675051d5.4a0a1ddb-32de-4237-b40f-cbc81f6ae105,Omar Haddad,Retail Analytics Team,Retail Intelligence,KIRO_CLI,CLI,MANUAL,chat,retail-analytics,single-agent,Direct Kiro,github,6,Auto_messages,1.83,475,6999
2026-05-20T10:15:00Z,req-7cc225e220ea,conv-2d86ae1065,d-92675051d5.6273ba8a-bb02-425f-b443-3d4dcb2c9108,Victor Chen,Platform Reliability Engineering,Platform Reliability,KIRO_CLI,CLI,MANUAL,cli-chat,platform-hardening,human-in-loop,GitHub,No MCP Invoked,2,Qwen3_Coder_Next_messages,3.57,5803,5988
2026-05-20T10:15:00Z,req-74ea018bb6f2,conv-06b5441808,d-92675051d5.797d1e6c-6d5f-41a9-8dc7-53d2ef14e102,Marco Silva,Payments Modernization Team,Payments Transformation,KIRO_CLI,CLI,MANUAL,slash-command,test-generation,spec-driven,GitHub,No MCP Invoked,6,Claude_Sonnet_4.6_messages,18.18,4327,4121
2026-05-20T10:36:00Z,req-b9cc94d56857,conv-8b6833d05b,d-92675051d5.797d1e6c-6d5f-41a9-8dc7-53d2ef14e102,Marco Silva,Payments Modernization Team,Payments Transformation,KIRO_IDE,IDE,MANUAL,chat,test-generation,human-in-loop,Direct Kiro,No MCP Invoked,0,Auto_messages,18.08,5462,4252
2026-05-20T10:44:00Z,req-95d5d64c4e9c,conv-dfa1fbd5cf,d-92675051d5.a9a3e94b-b147-4fb7-9934-f5ea941fd110,Aisha Khan,AI SDLC Enablement Team,AI Delivery Acceleration,KIRO_IDE,IDE,MANUAL,spec,spec-orchestration,orchestrated-multi-agent,Browser,No MCP Invoked,5,Qwen3_Coder_Next_messages,19.74,705,2900
2026-05-20T10:46:00Z,req-0bbd2d0dbf58,conv-6c3328bcb4,d-92675051d5.a9a3e94b-b147-4fb7-9934-f5ea941fd110,Aisha Khan,AI SDLC Enablement Team,AI Delivery Acceleration,KIRO_CLI,CLI,MANUAL,spec,spec-orchestration,orchestrated-multi-agent,GitHub,No MCP Invoked,5,Claude_Sonnet_4.6_messages,11.08,1049,2895
2026-05-20T10:47:00Z,req-255243d4d9c1,conv-c6250662d3,d-92675051d5.f12818d1-8f2c-4d54-9188-4f7224a4d103,Ethan Brooks,Payments Modernization Team,Payments Transformation,KIRO_IDE,IDE,MANUAL,chat,legacy-modernization,human-in-loop,Direct Kiro,github,8,Auto_messages,4.28,665,3184
2026-05-20T11:07:00Z,req-c04243b1a57f,conv-3b2f82c190,d-92675051d5.33a7a52f-dbf7-4f6b-89c9-43d30a61e104,Nina Patel,Retail Analytics Team,Retail Intelligence,KIRO_CLI,CLI,MANUAL,spec,retail-analytics,spec-driven,Direct Kiro,aws-docs,6,DeepSeek_V3.2_messages,8.7,5208,6392
2026-05-20T11:22:00Z,req-a0f9c76e353e,conv-4c7566fc17,d-92675051d5.6273ba8a-bb02-425f-b443-3d4dcb2c9108,Victor Chen,Platform Reliability Engineering,Platform Reliability,KIRO_IDE,IDE,MANUAL,mcp-tool,platform-hardening,single-agent,AWS Docs,github,4,Auto_messages,2.56,2441,4055
2026-05-20T11:22:00Z,req-56899c4bb036,conv-a51307fdb2,d-92675051d5.a9a3e94b-b147-4fb7-9934-f5ea941fd110,Aisha Khan,AI SDLC Enablement Team,AI Delivery Acceleration,KIRO_IDE,IDE,MANUAL,chat,spec-orchestration,human-in-loop,GitHub,jira,8,Claude_Opus_4.6_messages,28.52,5399,7003
2026-05-20T11:23:00Z,req-caa023952f0e,conv-77e095fa34,d-92675051d5.0ec463de-81c2-4f79-9d4c-029f7bb0f101,Priya Nair,Payments Modernization Team,Payments Transformation,KIRO_CLI,CLI,MANUAL,chat,legacy-modernization,human-in-loop,AWS Transform,aws-docs,0,Claude_Opus_4.6_messages,4.83,920,5129
2026-05-20T11:29:00Z,req-c5260a8c0567,conv-8b6833d05b,d-92675051d5.797d1e6c-6d5f-41a9-8dc7-53d2ef14e102,Marco Silva,Payments Modernization Team,Payments Transformation,KIRO_CLI,CLI,MANUAL,slash-command,test-generation,single-agent,Direct Kiro,No MCP Invoked,3,Claude_Sonnet_4.6_messages,15.08,6491,10926
2026-05-20T11:44:00Z,req-dcf916d98af1,conv-3b2f82c190,d-92675051d5.33a7a52f-dbf7-4f6b-89c9-43d30a61e104,Nina Patel,Retail Analytics Team,Retail Intelligence,KIRO_IDE,IDE,MANUAL,plugin-action,retail-analytics,spec-driven,Direct Kiro,github,5,DeepSeek_V3.2_messages,21.87,3403,4927
2026-05-20T11:53:00Z,req-ffe0afa98f04,conv-45565c7e8b,d-92675051d5.0ec463de-81c2-4f79-9d4c-029f7bb0f101,Priya Nair,Payments Modernization Team,Payments Transformation,KIRO_CLI,CLI,MANUAL,chat,legacy-modernization,spec-driven,GitHub,aws-docs,0,Claude_Sonnet_4.6_messages,5.17,6418,8141
2026-05-20T12:04:00Z,req-e308fe5e9f3e,conv-4c7566fc17,d-92675051d5.6273ba8a-bb02-425f-b443-3d4dcb2c9108,Victor Chen,Platform Reliability Engineering,Platform Reliability,KIRO_CLI,CLI,MANUAL,hook,platform-hardening,single-agent,GitHub,No MCP Invoked,2,Claude_Sonnet_4.6_messages,3.31,1610,9216
2026-05-20T12:06:00Z,req-9be4ad4414a2,conv-74e7ae984b,d-92675051d5.a9a3e94b-b147-4fb7-9934-f5ea941fd110,Aisha Khan,AI SDLC Enablement Team,AI Delivery Acceleration,KIRO_IDE,IDE,MANUAL,spec,spec-orchestration,human-in-loop,Direct Kiro,github,8,Claude_Sonnet_4.6_messages,19.77,2164,4337
2026-05-20T12:21:00Z,req-db6622fdfc51,conv-f413d91f75,d-92675051d5.838f6b85-1e72-4404-a193-f1b0dc79d107,Elena Garcia,Platform Reliability Engineering,Platform Reliability,KIRO_CLI,CLI,INLINE_CHAT,review,platform-hardening,human-in-loop,Direct Kiro,No MCP Invoked,1,Claude_Sonnet_4.6_messages,2.78,3484,2997
2026-05-20T12:30:00Z,req-2d9a25adb2e6,conv-7bf5793e6a,d-92675051d5.838f6b85-1e72-4404-a193-f1b0dc79d107,Elena Garcia,Platform Reliability Engineering,Platform Reliability,KIRO_CLI,CLI,MANUAL,mcp-tool,platform-hardening,human-in-loop,AWS Docs,aws-docs,3,Claude_Sonnet_4.6_messages,3.54,4912,11535
2026-05-20T12:34:00Z,req-2d01d92d1205,conv-7ddf0e6d09,d-92675051d5.838f6b85-1e72-4404-a193-f1b0dc79d107,Elena Garcia,Platform Reliability Engineering,Platform Reliability,KIRO_IDE,IDE,INLINE_CHAT,review,platform-hardening,single-agent,Direct Kiro,No MCP Invoked,0,Claude_Sonnet_4.6_messages,3.33,4114,1246
2026-05-20T12:47:00Z,req-602ee1ffb3eb,conv-a51307fdb2,d-92675051d5.a9a3e94b-b147-4fb7-9934-f5ea941fd110,Aisha Khan,AI SDLC Enablement Team,AI Delivery Acceleration,KIRO_CLI,CLI,MANUAL,mcp-tool,spec-orchestration,human-in-loop,Browser,github,2,Claude_Opus_4.6_messages,13.11,4783,10577
2026-05-20T12:55:00Z,req-3f777bbcc6cc,conv-f413d91f75,d-92675051d5.838f6b85-1e72-4404-a193-f1b0dc79d107,Elena Garcia,Platform Reliability Engineering,Platform Reliability,KIRO_IDE,IDE,MANUAL,hook,platform-hardening,single-agent,GitHub,github,8,Claude_Sonnet_4.6_messages,2.89,1391,4695
2026-05-20T13:06:00Z,req-14021bd55fce,conv-330e942fcd,d-92675051d5.f12818d1-8f2c-4d54-9188-4f7224a4d103,Ethan Brooks,Payments Modernization Team,Payments Transformation,KIRO_IDE,IDE,MANUAL,chat,legacy-modernization,spec-driven,GitHub,aws-docs,0,Auto_messages,2.52,5584,9449
2026-05-20T13:09:00Z,req-c43cee4f1d62,conv-3b2f82c190,d-92675051d5.33a7a52f-dbf7-4f6b-89c9-43d30a61e104,Nina Patel,Retail Analytics Team,Retail Intelligence,PLUGIN,PLUGIN,MANUAL,spec,retail-analytics,single-agent,Browser,github,6,Claude_Sonnet_4.6_messages,6.09,1048,10256
2026-05-20T13:21:00Z,req-c7b42b59708c,conv-b94c8f49c7,d-92675051d5.797d1e6c-6d5f-41a9-8dc7-53d2ef14e102,Marco Silva,Payments Modernization Team,Payments Transformation,KIRO_IDE,IDE,MANUAL,plugin-action,test-generation,spec-driven,GitHub,aws-docs,0,DeepSeek_V3.2_messages,26.72,4674,1664
2026-05-20T13:26:00Z,req-e70eae36e0aa,conv-3aa844b48b,d-92675051d5.4a0a1ddb-32de-4237-b40f-cbc81f6ae105,Omar Haddad,Retail Analytics Team,Retail Intelligence,KIRO_CLI,CLI,MANUAL,plugin-action,retail-analytics,spec-driven,Direct Kiro,No MCP Invoked,1,Auto_messages,3.09,3081,7061
2026-05-20T13:30:00Z,req-f720128d962e,conv-714f263b75,d-92675051d5.0ec463de-81c2-4f79-9d4c-029f7bb0f101,Priya Nair,Payments Modernization Team,Payments Transformation,KIRO_IDE,IDE,MANUAL,transform,legacy-modernization,spec-driven,Direct Kiro,No MCP Invoked,2,Claude_Sonnet_4.6_messages,11.53,2055,10209
2026-05-20T13:39:00Z,req-976162b64cfa,conv-74e7ae984b,d-92675051d5.a9a3e94b-b147-4fb7-9934-f5ea941fd110,Aisha Khan,AI SDLC Enablement Team,AI Delivery Acceleration,PLUGIN,PLUGIN,MANUAL,mcp-tool,spec-orchestration,spec-driven,Direct Kiro,github,1,Claude_Opus_4.6_messages,3.63,5808,4330
2026-05-20T13:51:00Z,req-96220636ba04,conv-09480eefd0,d-92675051d5.6273ba8a-bb02-425f-b443-3d4dcb2c9108,Victor Chen,Platform Reliability Engineering,Platform Reliability,KIRO_CLI,CLI,MANUAL,hook,platform-hardening,human-in-loop,AWS Docs,aws-docs,3,Claude_Opus_4.6_messages,3.23,2801,3482
2026-05-20T13:53:00Z,req-7e4f18eb2a0f,conv-ab05349702,d-92675051d5.7e23e16f-5eb6-49f0-8e5d-a84c5ad99106,Casey Liu,Retail Analytics Team,Retail Intelligence,PLUGIN,PLUGIN,MANUAL,spec,retail-analytics,spec-driven,Browser,aws-docs,7,Auto_messages,1.1,1569,5544
2026-05-20T13:53:00Z,req-b08cf7da5288,conv-58a13b7d20,d-92675051d5.9b1ac779-7da0-470f-bfd8-fba1849ca111,Ben Foster,AI SDLC Enablement Team,AI Delivery Acceleration,KIRO_IDE,IDE,MANUAL,chat,guardrail-evaluation,orchestrated-multi-agent,Direct Kiro,No MCP Invoked,1,Claude_Sonnet_4.6_messages,27.3,4875,11923
2026-05-20T13:57:00Z,req-5946019707e1,conv-b94c8f49c7,d-92675051d5.797d1e6c-6d5f-41a9-8dc7-53d2ef14e102,Marco Silva,Payments Modernization Team,Payments Transformation,KIRO_CLI,CLI,MANUAL,slash-command,test-generation,spec-driven,Direct Kiro,No MCP Invoked,1,Claude_Sonnet_4.6_messages,12.59,4127,3919
2026-05-20T14:06:00Z,req-9c3b1d54e199,conv-da71deb8fa,d-92675051d5.797d1e6c-6d5f-41a9-8dc7-53d2ef14e102,Marco Silva,Payments Modernization Team,Payments Transformation,KIRO_IDE,IDE,MANUAL,slash-command,test-generation,spec-driven,GitHub,aws-docs,5,Claude_Sonnet_4.6_messages,28.28,1665,7158
2026-05-20T14:10:00Z,req-52467c663348,conv-1ddbece4b3,d-92675051d5.0ec463de-81c2-4f79-9d4c-029f7bb0f101,Priya Nair,Payments Modernization Team,Payments Transformation,KIRO_IDE,IDE,INLINE_CHAT,review,legacy-modernization,human-in-loop,GitHub,aws-docs,1,Claude_Opus_4.6_messages,10.68,681,10832
2026-05-20T14:20:00Z,req-3d220637dae6,conv-d8992039f1,d-92675051d5.6273ba8a-bb02-425f-b443-3d4dcb2c9108,Victor Chen,Platform Reliability Engineering,Platform Reliability,KIRO_IDE,IDE,MANUAL,hook,platform-hardening,human-in-loop,Direct Kiro,aws-docs,7,Claude_Opus_4.6_messages,3.72,4700,8609
2026-05-20T14:22:00Z,req-6cda90391648,conv-546c6195bd,d-92675051d5.6273ba8a-bb02-425f-b443-3d4dcb2c9108,Victor Chen,Platform Reliability Engineering,Platform Reliability,KIRO_IDE,IDE,MANUAL,mcp-tool,platform-hardening,single-agent,Direct Kiro,No MCP Invoked,0,Auto_messages,2.6,2722,5599
2026-05-20T15:00:00Z,req-32b791d02776,conv-74e7ae984b,d-92675051d5.a9a3e94b-b147-4fb7-9934-f5ea941fd110,Aisha Khan,AI SDLC Enablement Team,AI Delivery Acceleration,KIRO_CLI,CLI,MANUAL,mcp-tool,spec-orchestration,human-in-loop,Browser,No MCP Invoked,8,Claude_Sonnet_4.6_messages,10.91,5836,6089
2026-05-20T15:05:00Z,req-685b6e45c240,conv-3aa844b48b,d-92675051d5.4a0a1ddb-32de-4237-b40f-cbc81f6ae105,Omar Haddad,Retail Analytics Team,Retail Intelligence,KIRO_IDE,IDE,MANUAL,mcp-tool,retail-analytics,human-in-loop,Direct Kiro,github,3,Auto_messages,2.4,5704,5237
2026-05-20T15:32:00Z,req-fde36aeab963,conv-cef9e48b05,d-92675051d5.f12818d1-8f2c-4d54-9188-4f7224a4d103,Ethan Brooks,Payments Modernization Team,Payments Transformation,KIRO_IDE,IDE,INLINE_CHAT,review,legacy-modernization,spec-driven,AWS Transform,aws-docs,4,Auto_messages,4.42,705,9906
2026-05-20T15:35:00Z,req-48ba5ec336dd,conv-7bf5793e6a,d-92675051d5.838f6b85-1e72-4404-a193-f1b0dc79d107,Elena Garcia,Platform Reliability Engineering,Platform Reliability,KIRO_IDE,IDE,MANUAL,mcp-tool,platform-hardening,single-agent,AWS Docs,aws-docs,8,Auto_messages,2.76,2635,10547
2026-05-20T15:36:00Z,req-6d1b96a1d772,conv-06b5441808,d-92675051d5.797d1e6c-6d5f-41a9-8dc7-53d2ef14e102,Marco Silva,Payments Modernization Team,Payments Transformation,KIRO_IDE,IDE,INLINE_CHAT,review,test-generation,single-agent,Direct Kiro,aws-docs,7,Claude_Sonnet_4.6_messages,30.33,2419,5282
2026-05-20T15:37:00Z,req-d9d128bbcc3a,conv-09480eefd0,d-92675051d5.6273ba8a-bb02-425f-b443-3d4dcb2c9108,Victor Chen,Platform Reliability Engineering,Platform Reliability,KIRO_IDE,IDE,MANUAL,cli-chat,platform-hardening,single-agent,AWS Docs,aws-docs,1,Auto_messages,3.96,4724,4579
2026-05-20T15:44:00Z,req-7dcbfa6c3594,conv-353403645b,d-92675051d5.a9a3e94b-b147-4fb7-9934-f5ea941fd110,Aisha Khan,AI SDLC Enablement Team,AI Delivery Acceleration,KIRO_IDE,IDE,MANUAL,automation,spec-orchestration,spec-driven,Browser,github,3,Claude_Sonnet_4.6_messages,19.91,5691,3511
2026-05-20T15:50:00Z,req-c59879692e17,conv-45565c7e8b,d-92675051d5.0ec463de-81c2-4f79-9d4c-029f7bb0f101,Priya Nair,Payments Modernization Team,Payments Transformation,KIRO_IDE,IDE,INLINE_CHAT,review,legacy-modernization,spec-driven,AWS Transform,aws-docs,4,Claude_Sonnet_4.6_messages,9.93,1078,1071
2026-05-20T15:54:00Z,req-317380c57298,conv-47cccedbad,d-92675051d5.838f6b85-1e72-4404-a193-f1b0dc79d107,Elena Garcia,Platform Reliability Engineering,Platform Reliability,KIRO_CLI,CLI,MANUAL,hook,platform-hardening,single-agent,Direct Kiro,github,6,Claude_Sonnet_4.6_messages,3.85,1257,5022
2026-05-20T15:59:00Z,req-26bcc751b05b,conv-11a1b64ad5,d-92675051d5.33a7a52f-dbf7-4f6b-89c9-43d30a61e104,Nina Patel,Retail Analytics Team,Retail Intelligence,KIRO_IDE,IDE,MANUAL,spec,retail-analytics,single-agent,Direct Kiro,aws-docs,7,Claude_Sonnet_4.6_messages,17.95,492,10357
2026-05-20T16:11:00Z,req-182ebc715859,conv-a51307fdb2,d-92675051d5.a9a3e94b-b147-4fb7-9934-f5ea941fd110,Aisha Khan,AI SDLC Enablement Team,AI Delivery Acceleration,PLUGIN,PLUGIN,MANUAL,chat,spec-orchestration,spec-driven,Jira,aws-docs,5,Claude_Sonnet_4.6_messages,4.82,6010,5989
2026-05-20T16:13:00Z,req-53e7734daa8c,conv-74ecfcf38a,d-92675051d5.4a0a1ddb-32de-4237-b40f-cbc81f6ae105,Omar Haddad,Retail Analytics Team,Retail Intelligence,KIRO_CLI,CLI,MANUAL,chat,retail-analytics,single-agent,GitHub,No MCP Invoked,8,Claude_Sonnet_4.6_messages,2.43,5623,10006
2026-05-20T16:31:00Z,req-ea9ea279581f,conv-74ecfcf38a,d-92675051d5.4a0a1ddb-32de-4237-b40f-cbc81f6ae105,Omar Haddad,Retail Analytics Team,Retail Intelligence,KIRO_IDE,IDE,MANUAL,spec,retail-analytics,single-agent,Direct Kiro,No MCP Invoked,2,DeepSeek_V3.2_messages,2.61,4765,1436
2026-05-20T16:41:00Z,req-ce78e88bc80e,conv-11a1b64ad5,d-92675051d5.33a7a52f-dbf7-4f6b-89c9-43d30a61e104,Nina Patel,Retail Analytics Team,Retail Intelligence,KIRO_CLI,CLI,MANUAL,spec,retail-analytics,single-agent,Direct Kiro,aws-docs,1,Claude_Sonnet_4.6_messages,14.06,4006,9889
2026-05-20T16:43:00Z,req-03a1697f8c5d,conv-f8ace7119e,d-92675051d5.838f6b85-1e72-4404-a193-f1b0dc79d107,Elena Garcia,Platform Reliability Engineering,Platform Reliability,KIRO_IDE,IDE,MANUAL,cli-chat,platform-hardening,human-in-loop,GitHub,aws-docs,6,Qwen3_Coder_Next_messages,4.29,941,9852
2026-05-20T16:46:00Z,req-c030a4ed2690,conv-714f263b75,d-92675051d5.0ec463de-81c2-4f79-9d4c-029f7bb0f101,Priya Nair,Payments Modernization Team,Payments Transformation,KIRO_CLI,CLI,MANUAL,transform,legacy-modernization,spec-driven,AWS Transform,No MCP Invoked,0,Qwen3_Coder_Next_messages,5.02,6083,9255
2026-05-20T16:51:00Z,req-f860897b0751,conv-fd877a53b9,d-92675051d5.33a7a52f-dbf7-4f6b-89c9-43d30a61e104,Nina Patel,Retail Analytics Team,Retail Intelligence,KIRO_IDE,IDE,MANUAL,chat,retail-analytics,single-agent,GitHub,aws-docs,5,Claude_Sonnet_4.6_messages,22.49,565,10579
2026-05-20T16:53:00Z,req-cae22c8850b4,conv-f8ace7119e,d-92675051d5.838f6b85-1e72-4404-a193-f1b0dc79d107,Elena Garcia,Platform Reliability Engineering,Platform Reliability,KIRO_CLI,CLI,MANUAL,hook,platform-hardening,single-agent,AWS Docs,No MCP Invoked,6,Qwen3_Coder_Next_messages,3.46,3130,1278
2026-05-20T16:56:00Z,req-a12b57be39af,conv-5c8482bac6,d-92675051d5.33a7a52f-dbf7-4f6b-89c9-43d30a61e104,Nina Patel,Retail Analytics Team,Retail Intelligence,KIRO_CLI,CLI,MANUAL,mcp-tool,retail-analytics,human-in-loop,Browser,github,8,Claude_Sonnet_4.6_messages,9.13,3679,9797
2026-05-20T16:59:00Z,req-803680c54bee,conv-05d297730b,d-92675051d5.4a0a1ddb-32de-4237-b40f-cbc81f6ae105,Omar Haddad,Retail Analytics Team,Retail Intelligence,KIRO_IDE,IDE,MANUAL,spec,retail-analytics,spec-driven,Browser,aws-docs,8,Auto_messages,3.28,483,2407
2026-05-20T17:04:00Z,req-a7f4839547cc,conv-77e095fa34,d-92675051d5.0ec463de-81c2-4f79-9d4c-029f7bb0f101,Priya Nair,Payments Modernization Team,Payments Transformation,KIRO_IDE,IDE,MANUAL,chat,legacy-modernization,spec-driven,Direct Kiro,No MCP Invoked,1,Claude_Sonnet_4.6_messages,11.79,6091,3844
2026-05-20T17:20:00Z,req-7d79a1ed5082,conv-de4161977a,d-92675051d5.9b1ac779-7da0-470f-bfd8-fba1849ca111,Ben Foster,AI SDLC Enablement Team,AI Delivery Acceleration,KIRO_IDE,IDE,INLINE_CHAT,review,guardrail-evaluation,human-in-loop,Direct Kiro,No MCP Invoked,2,Claude_Sonnet_4.6_messages,19.25,763,3355
2026-05-20T17:22:00Z,req-4de11f8c3f71,conv-976a93eb75,d-92675051d5.4a0a1ddb-32de-4237-b40f-cbc81f6ae105,Omar Haddad,Retail Analytics Team,Retail Intelligence,KIRO_IDE,IDE,MANUAL,mcp-tool,retail-analytics,single-agent,GitHub,No MCP Invoked,5,Auto_messages,4.09,4022,10311
2026-05-20T17:30:00Z,req-24416764f72f,conv-5c8482bac6,d-92675051d5.33a7a52f-dbf7-4f6b-89c9-43d30a61e104,Nina Patel,Retail Analytics Team,Retail Intelligence,KIRO_IDE,IDE,MANUAL,chat,retail-analytics,spec-driven,GitHub,aws-docs,1,Claude_Sonnet_4.6_messages,16.69,1300,10263
2026-05-20T17:44:00Z,req-e9a0a5289de4,conv-0c6f549dab,d-92675051d5.0ec463de-81c2-4f79-9d4c-029f7bb0f101,Priya Nair,Payments Modernization Team,Payments Transformation,KIRO_CLI,CLI,MANUAL,chat,legacy-modernization,spec-driven,AWS Transform,github,4,Claude_Opus_4.6_messages,5.35,5322,6837
2026-05-20T18:03:00Z,req-d022167d997e,conv-7ddf0e6d09,d-92675051d5.838f6b85-1e72-4404-a193-f1b0dc79d107,Elena Garcia,Platform Reliability Engineering,Platform Reliability,KIRO_CLI,CLI,MANUAL,cli-chat,platform-hardening,human-in-loop,Direct Kiro,github,0,DeepSeek_V3.2_messages,2.05,1796,7201
2026-05-20T18:04:00Z,req-12142bb7402a,conv-459555218e,d-92675051d5.797d1e6c-6d5f-41a9-8dc7-53d2ef14e102,Marco Silva,Payments Modernization Team,Payments Transformation,KIRO_CLI,CLI,MANUAL,plugin-action,test-generation,spec-driven,Direct Kiro,No MCP Invoked,0,Auto_messages,13.32,2457,2757
2026-05-20T18:04:00Z,req-99951ac953ef,conv-47cccedbad,d-92675051d5.838f6b85-1e72-4404-a193-f1b0dc79d107,Elena Garcia,Platform Reliability Engineering,Platform Reliability,KIRO_IDE,IDE,MANUAL,hook,platform-hardening,human-in-loop,Direct Kiro,No MCP Invoked,3,Claude_Sonnet_4.6_messages,4.21,5847,5052
2026-05-20T18:08:00Z,req-9985bd5d1ed3,conv-6c3328bcb4,d-92675051d5.a9a3e94b-b147-4fb7-9934-f5ea941fd110,Aisha Khan,AI SDLC Enablement Team,AI Delivery Acceleration,KIRO_IDE,IDE,MANUAL,spec,spec-orchestration,spec-driven,GitHub,No MCP Invoked,8,Claude_Sonnet_4.6_messages,33.92,4596,7161
2026-05-20T18:13:00Z,req-f1e0636520ba,conv-0c03c56208,d-92675051d5.f12818d1-8f2c-4d54-9188-4f7224a4d103,Ethan Brooks,Payments Modernization Team,Payments Transformation,KIRO_IDE,IDE,INLINE_CHAT,review,legacy-modernization,spec-driven,Direct Kiro,github,3,Claude_Opus_4.6_messages,4.91,4636,11610
2026-05-20T18:22:00Z,req-24acf6d4cb75,conv-b189875911,d-92675051d5.33a7a52f-dbf7-4f6b-89c9-43d30a61e104,Nina Patel,Retail Analytics Team,Retail Intelligence,KIRO_IDE,IDE,MANUAL,mcp-tool,retail-analytics,spec-driven,Direct Kiro,No MCP Invoked,1,Claude_Sonnet_4.6_messages,16.3,1660,8279
2026-05-21T09:20:00Z,req-c7c765d04ee6,conv-7302b8c8b0,d-92675051d5.4a0a1ddb-32de-4237-b40f-cbc81f6ae105,Omar Haddad,Retail Analytics Team,Retail Intelligence,KIRO_IDE,IDE,MANUAL,plugin-action,retail-analytics,human-in-loop,Direct Kiro,No MCP Invoked,1,Auto_messages,2.52,1319,6934
2026-05-21T09:41:00Z,req-131db1847623,conv-05325978df,d-92675051d5.797d1e6c-6d5f-41a9-8dc7-53d2ef14e102,Marco Silva,Payments Modernization Team,Payments Transformation,KIRO_IDE,IDE,MANUAL,plugin-action,test-generation,human-in-loop,GitHub,aws-docs,6,Claude_Sonnet_4.6_messages,32.51,3542,4950
2026-05-21T09:46:00Z,req-52d252ca58b6,conv-8a4c11494d,d-92675051d5.6273ba8a-bb02-425f-b443-3d4dcb2c9108,Victor Chen,Platform Reliability Engineering,Platform Reliability,KIRO_CLI,CLI,MANUAL,hook,platform-hardening,single-agent,AWS Docs,No MCP Invoked,8,Auto_messages,2.55,3019,6473
2026-05-21T09:48:00Z,req-5735acc279b1,conv-eefcf40795,d-92675051d5.4a0a1ddb-32de-4237-b40f-cbc81f6ae105,Omar Haddad,Retail Analytics Team,Retail Intelligence,KIRO_IDE,IDE,MANUAL,spec,retail-analytics,spec-driven,GitHub,No MCP Invoked,2,Claude_Sonnet_4.6_messages,2.43,1586,1677
2026-05-21T09:48:00Z,req-6f65d346ca7f,conv-701886d93e,d-92675051d5.838f6b85-1e72-4404-a193-f1b0dc79d107,Elena Garcia,Platform Reliability Engineering,Platform Reliability,KIRO_IDE,IDE,MANUAL,mcp-tool,platform-hardening,human-in-loop,Direct Kiro,aws-docs,5,Claude_Sonnet_4.6_messages,4.59,6485,11611
2026-05-21T09:52:00Z,req-14ef8b14311a,conv-cfb0ca9785,d-92675051d5.838f6b85-1e72-4404-a193-f1b0dc79d107,Elena Garcia,Platform Reliability Engineering,Platform Reliability,KIRO_CLI,CLI,MANUAL,mcp-tool,platform-hardening,human-in-loop,GitHub,No MCP Invoked,3,Claude_Sonnet_4.6_messages,3.05,4791,5621
2026-05-21T09:57:00Z,req-ad23de5929d5,conv-7776a67902,d-92675051d5.0ec463de-81c2-4f79-9d4c-029f7bb0f101,Priya Nair,Payments Modernization Team,Payments Transformation,KIRO_CLI,CLI,MANUAL,spec,legacy-modernization,spec-driven,Direct Kiro,aws-docs,8,Claude_Sonnet_4.6_messages,7.26,3893,6443
2026-05-21T10:11:00Z,req-59a20ec6bf4e,conv-37cdc77c12,d-92675051d5.33a7a52f-dbf7-4f6b-89c9-43d30a61e104,Nina Patel,Retail Analytics Team,Retail Intelligence,KIRO_IDE,IDE,MANUAL,mcp-tool,retail-analytics,human-in-loop,Direct Kiro,No MCP Invoked,0,Claude_Sonnet_4.6_messages,15.3,4548,10101
2026-05-21T10:12:00Z,req-309a4457afde,conv-450c480b45,d-92675051d5.9b1ac779-7da0-470f-bfd8-fba1849ca111,Ben Foster,AI SDLC Enablement Team,AI Delivery Acceleration,KIRO_CLI,CLI,INLINE_CHAT,review,guardrail-evaluation,orchestrated-multi-agent,GitHub,aws-docs,7,Claude_Sonnet_4.6_messages,11.54,2235,11127
2026-05-21T10:21:00Z,req-5db86bf3204b,conv-bd08c4e3e1,d-92675051d5.a9a3e94b-b147-4fb7-9934-f5ea941fd110,Aisha Khan,AI SDLC Enablement Team,AI Delivery Acceleration,KIRO_IDE,IDE,MANUAL,automation,spec-orchestration,human-in-loop,Browser,No MCP Invoked,5,Claude_Sonnet_4.6_messages,22.74,4570,5350
2026-05-21T10:27:00Z,req-d8033d95d3f8,conv-7a8e312b28,d-92675051d5.33a7a52f-dbf7-4f6b-89c9-43d30a61e104,Nina Patel,Retail Analytics Team,Retail Intelligence,KIRO_IDE,IDE,MANUAL,chat,retail-analytics,single-agent,Browser,aws-docs,8,Claude_Opus_4.6_messages,20.43,6366,6281
2026-05-21T10:31:00Z,req-05ca81d6cef3,conv-7776a67902,d-92675051d5.0ec463de-81c2-4f79-9d4c-029f7bb0f101,Priya Nair,Payments Modernization Team,Payments Transformation,KIRO_IDE,IDE,INLINE_CHAT,review,legacy-modernization,human-in-loop,Direct Kiro,No MCP Invoked,0,Claude_Sonnet_4.6_messages,11.95,2243,4158
2026-05-21T10:35:00Z,req-af4a13c75bdf,conv-bac156d827,d-92675051d5.0ec463de-81c2-4f79-9d4c-029f7bb0f101,Priya Nair,Payments Modernization Team,Payments Transformation,PLUGIN,PLUGIN,MANUAL,spec,legacy-modernization,spec-driven,GitHub,No MCP Invoked,4,Claude_Sonnet_4.6_messages,3.28,4586,6169
2026-05-21T10:38:00Z,req-539f90b885e9,conv-ba519f78fd,d-92675051d5.33a7a52f-dbf7-4f6b-89c9-43d30a61e104,Nina Patel,Retail Analytics Team,Retail Intelligence,KIRO_IDE,IDE,MANUAL,plugin-action,retail-analytics,single-agent,Direct Kiro,aws-docs,7,Claude_Sonnet_4.6_messages,13.53,6040,5893
2026-05-21T10:48:00Z,req-491490a639f5,conv-e705714aeb,d-92675051d5.a9a3e94b-b147-4fb7-9934-f5ea941fd110,Aisha Khan,AI SDLC Enablement Team,AI Delivery Acceleration,KIRO_IDE,IDE,MANUAL,spec,spec-orchestration,orchestrated-multi-agent,GitHub,No MCP Invoked,2,Qwen3_Coder_Next_messages,17.65,2472,1191
2026-05-21T10:57:00Z,req-bcd7eda84871,conv-bd08c4e3e1,d-92675051d5.a9a3e94b-b147-4fb7-9934-f5ea941fd110,Aisha Khan,AI SDLC Enablement Team,AI Delivery Acceleration,KIRO_CLI,CLI,MANUAL,chat,spec-orchestration,orchestrated-multi-agent,Browser,No MCP Invoked,8,Claude_Sonnet_4.6_messages,12.26,2329,6298
2026-05-21T11:04:00Z,req-4f6f9cbbafba,conv-ff48126dca,d-92675051d5.a9a3e94b-b147-4fb7-9934-f5ea941fd110,Aisha Khan,AI SDLC Enablement Team,AI Delivery Acceleration,KIRO_IDE,IDE,MANUAL,mcp-tool,spec-orchestration,orchestrated-multi-agent,Direct Kiro,No MCP Invoked,1,Claude_Sonnet_4.6_messages,20.7,3594,6274
2026-05-21T11:05:00Z,req-c34a036a6086,conv-ba488d7715,d-92675051d5.59888cc4-2dac-4454-a84e-b7968ad4e112,Chloe Martin,AI SDLC Enablement Team,AI Delivery Acceleration,KIRO_IDE,IDE,MANUAL,mcp-tool,spec-orchestration,orchestrated-multi-agent,Browser,jira,3,Claude_Sonnet_4.6_messages,5.45,3954,8380
2026-05-21T11:07:00Z,req-1e3331ded8b8,conv-a730feadc0,d-92675051d5.9b1ac779-7da0-470f-bfd8-fba1849ca111,Ben Foster,AI SDLC Enablement Team,AI Delivery Acceleration,KIRO_IDE,IDE,MANUAL,mcp-tool,guardrail-evaluation,spec-driven,Direct Kiro,No MCP Invoked,2,Claude_Opus_4.6_messages,28.41,1094,6219
2026-05-21T11:19:00Z,req-f07d6d4d4196,conv-bac156d827,d-92675051d5.0ec463de-81c2-4f79-9d4c-029f7bb0f101,Priya Nair,Payments Modernization Team,Payments Transformation,KIRO_CLI,CLI,MANUAL,transform,legacy-modernization,human-in-loop,Direct Kiro,aws-docs,5,Claude_Sonnet_4.6_messages,6.58,2395,6003
2026-05-21T11:19:00Z,req-edcb37d861e5,conv-2b934d13cb,d-92675051d5.838f6b85-1e72-4404-a193-f1b0dc79d107,Elena Garcia,Platform Reliability Engineering,Platform Reliability,KIRO_CLI,CLI,MANUAL,hook,platform-hardening,single-agent,GitHub,No MCP Invoked,8,Claude_Sonnet_4.6_messages,2.24,4532,2506
2026-05-21T11:20:00Z,req-988b16365de0,conv-d6e22c4634,d-92675051d5.59888cc4-2dac-4454-a84e-b7968ad4e112,Chloe Martin,AI SDLC Enablement Team,AI Delivery Acceleration,KIRO_IDE,IDE,MANUAL,mcp-tool,spec-orchestration,orchestrated-multi-agent,Direct Kiro,jira,5,Claude_Sonnet_4.6_messages,4.64,2600,7930
2026-05-21T11:20:00Z,req-7278e3c77af1,conv-05325978df,d-92675051d5.797d1e6c-6d5f-41a9-8dc7-53d2ef14e102,Marco Silva,Payments Modernization Team,Payments Transformation,PLUGIN,PLUGIN,MANUAL,plugin-action,test-generation,single-agent,Direct Kiro,github,6,Claude_Sonnet_4.6_messages,16.1,2753,5250
2026-05-21T11:20:00Z,req-0c28394412f5,conv-701886d93e,d-92675051d5.838f6b85-1e72-4404-a193-f1b0dc79d107,Elena Garcia,Platform Reliability Engineering,Platform Reliability,KIRO_CLI,CLI,MANUAL,hook,platform-hardening,human-in-loop,Direct Kiro,No MCP Invoked,1,Claude_Sonnet_4.6_messages,3.62,1489,11085
2026-05-21T11:27:00Z,req-f50a896a0082,conv-47802867df,d-92675051d5.797d1e6c-6d5f-41a9-8dc7-53d2ef14e102,Marco Silva,Payments Modernization Team,Payments Transformation,PLUGIN,PLUGIN,MANUAL,chat,test-generation,single-agent,Code Review,aws-docs,6,Claude_Sonnet_4.6_messages,9.63,2829,4461
2026-05-21T11:41:00Z,req-3f36f021855d,conv-2a1e3715cc,d-92675051d5.6273ba8a-bb02-425f-b443-3d4dcb2c9108,Victor Chen,Platform Reliability Engineering,Platform Reliability,KIRO_IDE,IDE,INLINE_CHAT,review,platform-hardening,human-in-loop,Direct Kiro,No MCP Invoked,3,Auto_messages,5.19,3727,6425
2026-05-21T12:00:00Z,req-205cb9192fc4,conv-cfb0ca9785,d-92675051d5.838f6b85-1e72-4404-a193-f1b0dc79d107,Elena Garcia,Platform Reliability Engineering,Platform Reliability,KIRO_IDE,IDE,MANUAL,cli-chat,platform-hardening,human-in-loop,GitHub,No MCP Invoked,6,DeepSeek_V3.2_messages,3.42,5615,4440
2026-05-21T12:04:00Z,req-5862e47b7f73,conv-bac156d827,d-92675051d5.0ec463de-81c2-4f79-9d4c-029f7bb0f101,Priya Nair,Payments Modernization Team,Payments Transformation,KIRO_IDE,IDE,MANUAL,spec,legacy-modernization,single-agent,GitHub,No MCP Invoked,3,Claude_Sonnet_4.6_messages,14.06,2334,4591
2026-05-21T12:07:00Z,req-ada0a2c850cc,conv-2b934d13cb,d-92675051d5.838f6b85-1e72-4404-a193-f1b0dc79d107,Elena Garcia,Platform Reliability Engineering,Platform Reliability,KIRO_IDE,IDE,MANUAL,hook,platform-hardening,single-agent,AWS Docs,No MCP Invoked,5,Auto_messages,4.43,5054,3706
2026-05-21T12:08:00Z,req-aa3d99bdf8cc,conv-08a60efdeb,d-92675051d5.59888cc4-2dac-4454-a84e-b7968ad4e112,Chloe Martin,AI SDLC Enablement Team,AI Delivery Acceleration,KIRO_IDE,IDE,MANUAL,chat,spec-orchestration,orchestrated-multi-agent,GitHub,aws-docs,8,Claude_Sonnet_4.6_messages,7.2,1404,2933
2026-05-21T12:10:00Z,req-b8d87d26db9a,conv-bd08c4e3e1,d-92675051d5.a9a3e94b-b147-4fb7-9934-f5ea941fd110,Aisha Khan,AI SDLC Enablement Team,AI Delivery Acceleration,PLUGIN,PLUGIN,MANUAL,mcp-tool,spec-orchestration,human-in-loop,Jira,jira,1,Claude_Sonnet_4.6_messages,6.86,1418,2541
2026-05-21T12:16:00Z,req-75c18253c0e7,conv-a730feadc0,d-92675051d5.9b1ac779-7da0-470f-bfd8-fba1849ca111,Ben Foster,AI SDLC Enablement Team,AI Delivery Acceleration,KIRO_CLI,CLI,MANUAL,mcp-tool,guardrail-evaluation,spec-driven,GitHub,aws-docs,8,Claude_Sonnet_4.6_messages,13.23,2212,1882
2026-05-21T12:31:00Z,req-a4b90d7e5fab,conv-267176eeae,d-92675051d5.797d1e6c-6d5f-41a9-8dc7-53d2ef14e102,Marco Silva,Payments Modernization Team,Payments Transformation,KIRO_IDE,IDE,MANUAL,plugin-action,test-generation,single-agent,Code Review,No MCP Invoked,8,DeepSeek_V3.2_messages,40.57,3499,7581
2026-05-21T12:37:00Z,req-5d131658f7f3,conv-5649e95823,d-92675051d5.0ec463de-81c2-4f79-9d4c-029f7bb0f101,Priya Nair,Payments Modernization Team,Payments Transformation,KIRO_IDE,IDE,INLINE_CHAT,review,legacy-modernization,human-in-loop,Direct Kiro,No MCP Invoked,2,Qwen3_Coder_Next_messages,14.85,4514,1311
2026-05-21T12:37:00Z,req-8c213358d9ba,conv-abd5f1e924,d-92675051d5.f12818d1-8f2c-4d54-9188-4f7224a4d103,Ethan Brooks,Payments Modernization Team,Payments Transformation,KIRO_IDE,IDE,INLINE_CHAT,review,legacy-modernization,spec-driven,Direct Kiro,No MCP Invoked,1,Qwen3_Coder_Next_messages,5.6,1286,3361
2026-05-21T12:48:00Z,req-6fe821b3e634,conv-de51e80e58,d-92675051d5.33a7a52f-dbf7-4f6b-89c9-43d30a61e104,Nina Patel,Retail Analytics Team,Retail Intelligence,KIRO_IDE,IDE,MANUAL,plugin-action,retail-analytics,spec-driven,Direct Kiro,No MCP Invoked,1,Claude_Sonnet_4.6_messages,17.13,5834,6167
2026-05-21T12:50:00Z,req-3900074803d0,conv-9491ed276f,d-92675051d5.0ec463de-81c2-4f79-9d4c-029f7bb0f101,Priya Nair,Payments Modernization Team,Payments Transformation,KIRO_IDE,IDE,MANUAL,chat,legacy-modernization,single-agent,Direct Kiro,aws-docs,6,Qwen3_Coder_Next_messages,14.81,3861,10952
2026-05-21T12:55:00Z,req-367791aaee79,conv-9491ed276f,d-92675051d5.0ec463de-81c2-4f79-9d4c-029f7bb0f101,Priya Nair,Payments Modernization Team,Payments Transformation,KIRO_CLI,CLI,MANUAL,chat,legacy-modernization,spec-driven,GitHub,github,2,Claude_Sonnet_4.6_messages,3.97,1407,1433
2026-05-21T12:56:00Z,req-a1e9018e8e12,conv-ec8de4235d,d-92675051d5.9b1ac779-7da0-470f-bfd8-fba1849ca111,Ben Foster,AI SDLC Enablement Team,AI Delivery Acceleration,KIRO_CLI,CLI,MANUAL,chat,guardrail-evaluation,spec-driven,Jira,No MCP Invoked,8,Qwen3_Coder_Next_messages,20.38,4315,8520
2026-05-21T13:03:00Z,req-ff65f3b6ae57,conv-db7540b480,d-92675051d5.a9a3e94b-b147-4fb7-9934-f5ea941fd110,Aisha Khan,AI SDLC Enablement Team,AI Delivery Acceleration,KIRO_CLI,CLI,MANUAL,automation,spec-orchestration,orchestrated-multi-agent,GitHub,github,5,Claude_Sonnet_4.6_messages,11.13,4348,8598
2026-05-21T13:10:00Z,req-701f08537cab,conv-5649e95823,d-92675051d5.0ec463de-81c2-4f79-9d4c-029f7bb0f101,Priya Nair,Payments Modernization Team,Payments Transformation,KIRO_CLI,CLI,MANUAL,transform,legacy-modernization,single-agent,Direct Kiro,No MCP Invoked,1,Claude_Opus_4.6_messages,5.26,6442,2554
2026-05-21T13:25:00Z,req-daa9ffbbd73d,conv-fc2e5b40f3,d-92675051d5.4a0a1ddb-32de-4237-b40f-cbc81f6ae105,Omar Haddad,Retail Analytics Team,Retail Intelligence,KIRO_IDE,IDE,MANUAL,chat,retail-analytics,single-agent,GitHub,No MCP Invoked,8,Auto_messages,4.12,3685,5021
2026-05-21T13:25:00Z,req-7249fe13da70,conv-529f9cfaf9,d-92675051d5.f12818d1-8f2c-4d54-9188-4f7224a4d103,Ethan Brooks,Payments Modernization Team,Payments Transformation,KIRO_IDE,IDE,MANUAL,transform,legacy-modernization,single-agent,AWS Transform,aws-docs,1,Auto_messages,3.41,2610,7712
2026-05-21T13:52:00Z,req-38a7049184fa,conv-05cd4f093a,d-92675051d5.797d1e6c-6d5f-41a9-8dc7-53d2ef14e102,Marco Silva,Payments Modernization Team,Payments Transformation,KIRO_IDE,IDE,INLINE_CHAT,review,test-generation,human-in-loop,Code Review,No MCP Invoked,7,Claude_Sonnet_4.6_messages,35.67,5860,8246
2026-05-21T14:02:00Z,req-89d05632854d,conv-f6fd251e42,d-92675051d5.33a7a52f-dbf7-4f6b-89c9-43d30a61e104,Nina Patel,Retail Analytics Team,Retail Intelligence,KIRO_IDE,IDE,MANUAL,mcp-tool,retail-analytics,spec-driven,Browser,No MCP Invoked,2,Claude_Sonnet_4.6_messages,10.84,2797,5659
2026-05-21T14:04:00Z,req-d7d1e4218baa,conv-2a1e3715cc,d-92675051d5.6273ba8a-bb02-425f-b443-3d4dcb2c9108,Victor Chen,Platform Reliability Engineering,Platform Reliability,KIRO_CLI,CLI,MANUAL,cli-chat,platform-hardening,single-agent,Direct Kiro,No MCP Invoked,2,Auto_messages,2.7,2803,1119
2026-05-21T14:26:00Z,req-3d8616396f97,conv-ec8de4235d,d-92675051d5.9b1ac779-7da0-470f-bfd8-fba1849ca111,Ben Foster,AI SDLC Enablement Team,AI Delivery Acceleration,KIRO_IDE,IDE,MANUAL,mcp-tool,guardrail-evaluation,spec-driven,Direct Kiro,aws-docs,3,Claude_Sonnet_4.6_messages,33.31,1202,8169
2026-05-21T14:35:00Z,req-7850e8b7be60,conv-79b1145061,d-92675051d5.4a0a1ddb-32de-4237-b40f-cbc81f6ae105,Omar Haddad,Retail Analytics Team,Retail Intelligence,KIRO_IDE,IDE,MANUAL,mcp-tool,retail-analytics,spec-driven,Direct Kiro,No MCP Invoked,0,Auto_messages,3.45,1595,4861
2026-05-21T14:48:00Z,req-25746b0efb48,conv-db7540b480,d-92675051d5.a9a3e94b-b147-4fb7-9934-f5ea941fd110,Aisha Khan,AI SDLC Enablement Team,AI Delivery Acceleration,KIRO_IDE,IDE,MANUAL,spec,spec-orchestration,spec-driven,Jira,No MCP Invoked,6,Claude_Sonnet_4.6_messages,24.31,2951,4093
2026-05-21T14:51:00Z,req-899b9e60d958,conv-840b9ca709,d-92675051d5.6273ba8a-bb02-425f-b443-3d4dcb2c9108,Victor Chen,Platform Reliability Engineering,Platform Reliability,KIRO_CLI,CLI,MANUAL,hook,platform-hardening,single-agent,Direct Kiro,No MCP Invoked,0,Auto_messages,3.18,2934,2708
2026-05-21T14:54:00Z,req-a1f779f8988f,conv-6d3328db0e,d-92675051d5.0ec463de-81c2-4f79-9d4c-029f7bb0f101,Priya Nair,Payments Modernization Team,Payments Transformation,KIRO_CLI,CLI,MANUAL,transform,legacy-modernization,single-agent,Direct Kiro,aws-docs,1,Claude_Sonnet_4.6_messages,4.01,307,1021
2026-05-21T14:58:00Z,req-cb4d8658a650,conv-f2f963bca8,d-92675051d5.4a0a1ddb-32de-4237-b40f-cbc81f6ae105,Omar Haddad,Retail Analytics Team,Retail Intelligence,KIRO_IDE,IDE,MANUAL,spec,retail-analytics,single-agent,Direct Kiro,aws-docs,7,Qwen3_Coder_Next_messages,2.97,4103,5104
2026-05-21T15:03:00Z,req-9fba8f08bf9d,conv-d025354191,d-92675051d5.6273ba8a-bb02-425f-b443-3d4dcb2c9108,Victor Chen,Platform Reliability Engineering,Platform Reliability,KIRO_CLI,CLI,MANUAL,hook,platform-hardening,single-agent,GitHub,github,4,Claude_Opus_4.6_messages,2.57,1007,10260
2026-05-21T15:03:00Z,req-826b9420e2cc,conv-f333cd4869,d-92675051d5.9b1ac779-7da0-470f-bfd8-fba1849ca111,Ben Foster,AI SDLC Enablement Team,AI Delivery Acceleration,PLUGIN,PLUGIN,MANUAL,automation,guardrail-evaluation,orchestrated-multi-agent,Jira,No MCP Invoked,6,Claude_Sonnet_4.6_messages,10.99,1001,9088
2026-05-21T15:13:00Z,req-4fc4991edeb0,conv-9491ed276f,d-92675051d5.0ec463de-81c2-4f79-9d4c-029f7bb0f101,Priya Nair,Payments Modernization Team,Payments Transformation,PLUGIN,PLUGIN,MANUAL,spec,legacy-modernization,spec-driven,GitHub,aws-docs,2,Claude_Sonnet_4.6_messages,4.09,5625,5028
2026-05-21T15:24:00Z,req-e055f61d73cd,conv-697355654c,d-92675051d5.a9a3e94b-b147-4fb7-9934-f5ea941fd110,Aisha Khan,AI SDLC Enablement Team,AI Delivery Acceleration,KIRO_CLI,CLI,MANUAL,automation,spec-orchestration,human-in-loop,Direct Kiro,github,4,Claude_Sonnet_4.6_messages,8.99,6035,3961
2026-05-21T15:31:00Z,req-e3654600ec80,conv-a730feadc0,d-92675051d5.9b1ac779-7da0-470f-bfd8-fba1849ca111,Ben Foster,AI SDLC Enablement Team,AI Delivery Acceleration,PLUGIN,PLUGIN,MANUAL,chat,guardrail-evaluation,human-in-loop,Jira,aws-docs,5,Claude_Sonnet_4.6_messages,9.03,1478,2780
2026-05-21T15:33:00Z,req-e9d318d97667,conv-e705714aeb,d-92675051d5.a9a3e94b-b147-4fb7-9934-f5ea941fd110,Aisha Khan,AI SDLC Enablement Team,AI Delivery Acceleration,KIRO_CLI,CLI,MANUAL,automation,spec-orchestration,human-in-loop,Jira,github,4,Claude_Sonnet_4.6_messages,7.44,2534,8762
2026-05-21T15:49:00Z,req-d12fb0b3a72e,conv-db7540b480,d-92675051d5.a9a3e94b-b147-4fb7-9934-f5ea941fd110,Aisha Khan,AI SDLC Enablement Team,AI Delivery Acceleration,PLUGIN,PLUGIN,MANUAL,chat,spec-orchestration,orchestrated-multi-agent,Direct Kiro,aws-docs,1,Claude_Sonnet_4.6_messages,5.32,1120,8766
2026-05-21T16:12:00Z,req-4bd3b2bc401a,conv-6d3328db0e,d-92675051d5.0ec463de-81c2-4f79-9d4c-029f7bb0f101,Priya Nair,Payments Modernization Team,Payments Transformation,KIRO_IDE,IDE,INLINE_CHAT,review,legacy-modernization,single-agent,AWS Transform,aws-docs,2,Claude_Sonnet_4.6_messages,10.03,4608,7738
2026-05-21T16:13:00Z,req-0f46eca0c3db,conv-e705714aeb,d-92675051d5.a9a3e94b-b147-4fb7-9934-f5ea941fd110,Aisha Khan,AI SDLC Enablement Team,AI Delivery Acceleration,PLUGIN,PLUGIN,MANUAL,automation,spec-orchestration,orchestrated-multi-agent,Jira,No MCP Invoked,4,Qwen3_Coder_Next_messages,4.58,5160,11930
2026-05-21T16:19:00Z,req-5cdc59317b3d,conv-450c480b45,d-92675051d5.9b1ac779-7da0-470f-bfd8-fba1849ca111,Ben Foster,AI SDLC Enablement Team,AI Delivery Acceleration,KIRO_IDE,IDE,INLINE_CHAT,review,guardrail-evaluation,spec-driven,Browser,jira,3,Claude_Sonnet_4.6_messages,26.59,316,2206
2026-05-21T16:20:00Z,req-839fc833249f,conv-da25cc43f1,d-92675051d5.838f6b85-1e72-4404-a193-f1b0dc79d107,Elena Garcia,Platform Reliability Engineering,Platform Reliability,KIRO_CLI,CLI,MANUAL,hook,platform-hardening,single-agent,GitHub,No MCP Invoked,8,Auto_messages,2.47,5042,10802
2026-05-21T16:29:00Z,req-1c35c6966d51,conv-17918bd69e,d-92675051d5.6273ba8a-bb02-425f-b443-3d4dcb2c9108,Victor Chen,Platform Reliability Engineering,Platform Reliability,KIRO_IDE,IDE,MANUAL,cli-chat,platform-hardening,single-agent,Direct Kiro,aws-docs,6,Auto_messages,3.25,1479,8653
2026-05-21T16:29:00Z,req-f623d5ec8fc6,conv-b4fa196582,d-92675051d5.f12818d1-8f2c-4d54-9188-4f7224a4d103,Ethan Brooks,Payments Modernization Team,Payments Transformation,KIRO_IDE,IDE,MANUAL,chat,legacy-modernization,single-agent,Direct Kiro,No MCP Invoked,2,Auto_messages,5.55,6096,983
2026-05-21T16:33:00Z,req-52160c7bbaa4,conv-f333cd4869,d-92675051d5.9b1ac779-7da0-470f-bfd8-fba1849ca111,Ben Foster,AI SDLC Enablement Team,AI Delivery Acceleration,KIRO_CLI,CLI,INLINE_CHAT,review,guardrail-evaluation,spec-driven,Browser,aws-docs,8,Claude_Sonnet_4.6_messages,16.55,4293,7809
2026-05-21T16:41:00Z,req-0cc99befca8d,conv-a1d8c10820,d-92675051d5.f12818d1-8f2c-4d54-9188-4f7224a4d103,Ethan Brooks,Payments Modernization Team,Payments Transformation,KIRO_IDE,IDE,MANUAL,spec,legacy-modernization,human-in-loop,Direct Kiro,github,4,Auto_messages,5.22,3934,4124
2026-05-21T16:57:00Z,req-63ffbb7bf8e4,conv-6d3328db0e,d-92675051d5.0ec463de-81c2-4f79-9d4c-029f7bb0f101,Priya Nair,Payments Modernization Team,Payments Transformation,PLUGIN,PLUGIN,INLINE_CHAT,review,legacy-modernization,spec-driven,AWS Transform,github,8,Claude_Sonnet_4.6_messages,3.82,3057,10657
2026-05-21T16:57:00Z,req-3cc81fbd9e81,conv-d025354191,d-92675051d5.6273ba8a-bb02-425f-b443-3d4dcb2c9108,Victor Chen,Platform Reliability Engineering,Platform Reliability,KIRO_IDE,IDE,INLINE_CHAT,review,platform-hardening,human-in-loop,AWS Docs,aws-docs,1,Auto_messages,4.17,6497,2162
2026-05-21T17:11:00Z,req-62117b5204fe,conv-f333cd4869,d-92675051d5.9b1ac779-7da0-470f-bfd8-fba1849ca111,Ben Foster,AI SDLC Enablement Team,AI Delivery Acceleration,KIRO_IDE,IDE,MANUAL,chat,guardrail-evaluation,human-in-loop,Direct Kiro,aws-docs,2,Claude_Sonnet_4.6_messages,27.02,3931,6651
2026-05-21T17:18:00Z,req-800c465492ff,conv-80f37648b0,d-92675051d5.59888cc4-2dac-4454-a84e-b7968ad4e112,Chloe Martin,AI SDLC Enablement Team,AI Delivery Acceleration,KIRO_IDE,IDE,MANUAL,mcp-tool,spec-orchestration,orchestrated-multi-agent,Browser,jira,4,Claude_Sonnet_4.6_messages,4.52,4651,5680
2026-05-21T17:23:00Z,req-18584ebe3701,conv-7e9c6af039,d-92675051d5.9b1ac779-7da0-470f-bfd8-fba1849ca111,Ben Foster,AI SDLC Enablement Team,AI Delivery Acceleration,KIRO_CLI,CLI,MANUAL,chat,guardrail-evaluation,human-in-loop,GitHub,No MCP Invoked,2,Claude_Sonnet_4.6_messages,12.54,2407,5329
2026-05-21T17:33:00Z,req-2f14aed59fcf,conv-8e4802355b,d-92675051d5.838f6b85-1e72-4404-a193-f1b0dc79d107,Elena Garcia,Platform Reliability Engineering,Platform Reliability,KIRO_CLI,CLI,MANUAL,mcp-tool,platform-hardening,human-in-loop,Direct Kiro,No MCP Invoked,0,Auto_messages,3.53,3691,10734
2026-05-21T17:37:00Z,req-757e202a1212,conv-47802867df,d-92675051d5.797d1e6c-6d5f-41a9-8dc7-53d2ef14e102,Marco Silva,Payments Modernization Team,Payments Transformation,KIRO_IDE,IDE,MANUAL,plugin-action,test-generation,human-in-loop,Direct Kiro,No MCP Invoked,0,Claude_Sonnet_4.6_messages,34.9,2096,2798
2026-05-21T18:05:00Z,req-662c658acdda,conv-697355654c,d-92675051d5.a9a3e94b-b147-4fb7-9934-f5ea941fd110,Aisha Khan,AI SDLC Enablement Team,AI Delivery Acceleration,KIRO_IDE,IDE,MANUAL,mcp-tool,spec-orchestration,spec-driven,Browser,aws-docs,1,Claude_Sonnet_4.6_messages,24.08,558,11734
2026-05-21T18:06:00Z,req-c74fdf686b2d,conv-7e9c6af039,d-92675051d5.9b1ac779-7da0-470f-bfd8-fba1849ca111,Ben Foster,AI SDLC Enablement Team,AI Delivery Acceleration,KIRO_IDE,IDE,MANUAL,automation,guardrail-evaluation,human-in-loop,GitHub,No MCP Invoked,7,Claude_Sonnet_4.6_messages,19.45,4704,11485
2026-05-21T18:17:00Z,req-d6f8d99d0b26,conv-424621ac49,d-92675051d5.797d1e6c-6d5f-41a9-8dc7-53d2ef14e102,Marco Silva,Payments Modernization Team,Payments Transformation,KIRO_IDE,IDE,MANUAL,chat,test-generation,single-agent,Direct Kiro,No MCP Invoked,2,Claude_Sonnet_4.6_messages,24.07,6084,3311
2026-05-21T18:20:00Z,req-0530abaa9a1b,conv-da25cc43f1,d-92675051d5.838f6b85-1e72-4404-a193-f1b0dc79d107,Elena Garcia,Platform Reliability Engineering,Platform Reliability,KIRO_IDE,IDE,INLINE_CHAT,review,platform-hardening,human-in-loop,Direct Kiro,No MCP Invoked,3,Claude_Sonnet_4.6_messages,4.01,3949,2111
2026-05-21T18:21:00Z,req-f93d2bcba3be,conv-79f6a649ec,d-92675051d5.f12818d1-8f2c-4d54-9188-4f7224a4d103,Ethan Brooks,Payments Modernization Team,Payments Transformation,KIRO_IDE,IDE,MANUAL,chat,legacy-modernization,single-agent,Direct Kiro,github,6,DeepSeek_V3.2_messages,3.45,2751,10886
2026-05-21T18:33:00Z,req-8dad1bd5a789,conv-0f569f9399,d-92675051d5.59888cc4-2dac-4454-a84e-b7968ad4e112,Chloe Martin,AI SDLC Enablement Team,AI Delivery Acceleration,KIRO_IDE,IDE,MANUAL,spec,spec-orchestration,human-in-loop,GitHub,No MCP Invoked,3,Claude_Sonnet_4.6_messages,3.96,1823,7776
2026-05-21T18:38:00Z,req-e173ee38a8f2,conv-8e4802355b,d-92675051d5.838f6b85-1e72-4404-a193-f1b0dc79d107,Elena Garcia,Platform Reliability Engineering,Platform Reliability,KIRO_IDE,IDE,INLINE_CHAT,review,platform-hardening,single-agent,AWS Docs,No MCP Invoked,7,Claude_Sonnet_4.6_messages,4.87,1294,3578
2026-05-21T18:48:00Z,req-4c09cd2b7fc6,conv-17918bd69e,d-92675051d5.6273ba8a-bb02-425f-b443-3d4dcb2c9108,Victor Chen,Platform Reliability Engineering,Platform Reliability,KIRO_CLI,CLI,MANUAL,hook,platform-hardening,single-agent,Direct Kiro,aws-docs,8,Auto_messages,2.04,4758,6652
2026-05-21T18:59:00Z,req-f3ea690ab904,conv-ff48126dca,d-92675051d5.a9a3e94b-b147-4fb7-9934-f5ea941fd110,Aisha Khan,AI SDLC Enablement Team,AI Delivery Acceleration,KIRO_CLI,CLI,MANUAL,chat,spec-orchestration,human-in-loop,Direct Kiro,No MCP Invoked,0,Claude_Sonnet_4.6_messages,14.37,2404,2960
2026-05-22T09:03:00Z,req-5a10d6aa90e4,conv-687b7664aa,d-92675051d5.0ec463de-81c2-4f79-9d4c-029f7bb0f101,Priya Nair,Payments Modernization Team,Payments Transformation,KIRO_CLI,CLI,MANUAL,transform,legacy-modernization,spec-driven,GitHub,github,1,Claude_Sonnet_4.6_messages,4.39,5160,5540
2026-05-22T09:04:00Z,req-412e92f098d0,conv-0da9d7610b,d-92675051d5.4a0a1ddb-32de-4237-b40f-cbc81f6ae105,Omar Haddad,Retail Analytics Team,Retail Intelligence,KIRO_IDE,IDE,MANUAL,spec,retail-analytics,human-in-loop,Direct Kiro,aws-docs,2,Auto_messages,2.67,4123,5333
2026-05-22T09:13:00Z,req-44e44dae2ea8,conv-da97de30d2,d-92675051d5.0ec463de-81c2-4f79-9d4c-029f7bb0f101,Priya Nair,Payments Modernization Team,Payments Transformation,KIRO_IDE,IDE,INLINE_CHAT,review,legacy-modernization,spec-driven,Direct Kiro,No MCP Invoked,0,Claude_Sonnet_4.6_messages,12.86,5097,4427
2026-05-22T09:13:00Z,req-fae0d7e797e2,conv-e881eb2b83,d-92675051d5.f12818d1-8f2c-4d54-9188-4f7224a4d103,Ethan Brooks,Payments Modernization Team,Payments Transformation,KIRO_IDE,IDE,MANUAL,spec,legacy-modernization,human-in-loop,Direct Kiro,aws-docs,1,Qwen3_Coder_Next_messages,4.04,3147,1996
2026-05-22T10:06:00Z,req-3dbb63ee44a6,conv-e095aac1db,d-92675051d5.0ec463de-81c2-4f79-9d4c-029f7bb0f101,Priya Nair,Payments Modernization Team,Payments Transformation,KIRO_IDE,IDE,MANUAL,transform,legacy-modernization,human-in-loop,Direct Kiro,github,0,Claude_Sonnet_4.6_messages,15.4,6312,2307
2026-05-22T10:16:00Z,req-cf4e5adb4af1,conv-304b6dcfe1,d-92675051d5.6273ba8a-bb02-425f-b443-3d4dcb2c9108,Victor Chen,Platform Reliability Engineering,Platform Reliability,KIRO_IDE,IDE,MANUAL,mcp-tool,platform-hardening,human-in-loop,Direct Kiro,No MCP Invoked,1,Claude_Sonnet_4.6_messages,2.81,6375,2181
2026-05-22T10:24:00Z,req-a8927c6d7e99,conv-93461b1ed9,d-92675051d5.59888cc4-2dac-4454-a84e-b7968ad4e112,Chloe Martin,AI SDLC Enablement Team,AI Delivery Acceleration,KIRO_IDE,IDE,MANUAL,automation,spec-orchestration,spec-driven,GitHub,jira,5,Claude_Opus_4.6_messages,4.19,6255,8708
2026-05-22T10:32:00Z,req-d9f1b197386f,conv-f928b06bcf,d-92675051d5.3b537ba7-2c3b-4a6c-aec6-61e594bd1109,Sam Walker,Platform Reliability Engineering,Platform Reliability,PLUGIN,PLUGIN,MANUAL,hook,platform-hardening,human-in-loop,Direct Kiro,github,8,Auto_messages,1.17,2168,2389
2026-05-22T10:42:00Z,req-e7891773f63a,conv-944cc27f2c,d-92675051d5.a9a3e94b-b147-4fb7-9934-f5ea941fd110,Aisha Khan,AI SDLC Enablement Team,AI Delivery Acceleration,KIRO_CLI,CLI,MANUAL,mcp-tool,spec-orchestration,human-in-loop,Direct Kiro,aws-docs,3,Claude_Sonnet_4.6_messages,11.49,4666,1027
2026-05-22T10:44:00Z,req-d449a96091bb,conv-bdfad9100e,d-92675051d5.9b1ac779-7da0-470f-bfd8-fba1849ca111,Ben Foster,AI SDLC Enablement Team,AI Delivery Acceleration,KIRO_IDE,IDE,MANUAL,chat,guardrail-evaluation,spec-driven,GitHub,jira,1,Claude_Sonnet_4.6_messages,25.14,3266,3218
2026-05-22T10:48:00Z,req-64eb42ae7294,conv-7fd94f3e4b,d-92675051d5.6273ba8a-bb02-425f-b443-3d4dcb2c9108,Victor Chen,Platform Reliability Engineering,Platform Reliability,KIRO_IDE,IDE,INLINE_CHAT,review,platform-hardening,human-in-loop,AWS Docs,No MCP Invoked,3,Claude_Opus_4.6_messages,3.37,5591,6476
2026-05-22T10:58:00Z,req-54b88c695bbb,conv-e429361cbc,d-92675051d5.0ec463de-81c2-4f79-9d4c-029f7bb0f101,Priya Nair,Payments Modernization Team,Payments Transformation,KIRO_IDE,IDE,INLINE_CHAT,review,legacy-modernization,human-in-loop,GitHub,No MCP Invoked,2,Claude_Sonnet_4.6_messages,8.97,6082,6946
2026-05-22T11:03:00Z,req-daaccb14905d,conv-944cc27f2c,d-92675051d5.a9a3e94b-b147-4fb7-9934-f5ea941fd110,Aisha Khan,AI SDLC Enablement Team,AI Delivery Acceleration,KIRO_IDE,IDE,MANUAL,spec,spec-orchestration,spec-driven,Jira,jira,4,Claude_Sonnet_4.6_messages,25.89,4868,1950
2026-05-22T11:35:00Z,req-be24d7f41094,conv-77ecc50ecd,d-92675051d5.4a0a1ddb-32de-4237-b40f-cbc81f6ae105,Omar Haddad,Retail Analytics Team,Retail Intelligence,KIRO_IDE,IDE,MANUAL,mcp-tool,retail-analytics,spec-driven,Direct Kiro,github,5,Claude_Opus_4.6_messages,3.53,1987,3319
2026-05-22T11:36:00Z,req-de76f533135c,conv-dc722c94a0,d-92675051d5.59888cc4-2dac-4454-a84e-b7968ad4e112,Chloe Martin,AI SDLC Enablement Team,AI Delivery Acceleration,KIRO_IDE,IDE,MANUAL,automation,spec-orchestration,human-in-loop,GitHub,No MCP Invoked,8,Claude_Opus_4.6_messages,4.14,4554,5544
2026-05-22T11:50:00Z,req-99866ac214a1,conv-bad9de400d,d-92675051d5.0ec463de-81c2-4f79-9d4c-029f7bb0f101,Priya Nair,Payments Modernization Team,Payments Transformation,KIRO_CLI,CLI,MANUAL,transform,legacy-modernization,single-agent,AWS Transform,No MCP Invoked,4,Claude_Sonnet_4.6_messages,3.7,318,8127
2026-05-22T11:50:00Z,req-5cc3bd8ab46c,conv-b9e4f13beb,d-92675051d5.33a7a52f-dbf7-4f6b-89c9-43d30a61e104,Nina Patel,Retail Analytics Team,Retail Intelligence,KIRO_IDE,IDE,MANUAL,plugin-action,retail-analytics,single-agent,Direct Kiro,github,7,Claude_Sonnet_4.6_messages,22.79,5338,7479
2026-05-22T11:54:00Z,req-41b4eb9e677c,conv-0f1ce04845,d-92675051d5.33a7a52f-dbf7-4f6b-89c9-43d30a61e104,Nina Patel,Retail Analytics Team,Retail Intelligence,KIRO_IDE,IDE,MANUAL,spec,retail-analytics,human-in-loop,Browser,aws-docs,3,Claude_Sonnet_4.6_messages,13.84,6157,7232
2026-05-22T11:56:00Z,req-6a0a44cd1f6e,conv-bc00347361,d-92675051d5.4a0a1ddb-32de-4237-b40f-cbc81f6ae105,Omar Haddad,Retail Analytics Team,Retail Intelligence,KIRO_IDE,IDE,MANUAL,spec,retail-analytics,single-agent,Direct Kiro,github,3,Claude_Opus_4.6_messages,2.89,2531,8056
2026-05-22T12:07:00Z,req-03e417f459fd,conv-35bc72b4e5,d-92675051d5.a9a3e94b-b147-4fb7-9934-f5ea941fd110,Aisha Khan,AI SDLC Enablement Team,AI Delivery Acceleration,KIRO_IDE,IDE,MANUAL,automation,spec-orchestration,human-in-loop,Direct Kiro,aws-docs,7,Claude_Sonnet_4.6_messages,28.88,3580,7449
2026-05-22T12:12:00Z,req-c1dd9b5739e3,conv-040016a6c9,d-92675051d5.a9a3e94b-b147-4fb7-9934-f5ea941fd110,Aisha Khan,AI SDLC Enablement Team,AI Delivery Acceleration,KIRO_IDE,IDE,MANUAL,automation,spec-orchestration,spec-driven,GitHub,No MCP Invoked,5,Claude_Sonnet_4.6_messages,23.07,3824,3266
2026-05-22T12:13:00Z,req-dce745ea3072,conv-bc00347361,d-92675051d5.4a0a1ddb-32de-4237-b40f-cbc81f6ae105,Omar Haddad,Retail Analytics Team,Retail Intelligence,KIRO_CLI,CLI,MANUAL,mcp-tool,retail-analytics,single-agent,Direct Kiro,No MCP Invoked,3,Auto_messages,3.15,2799,11700
2026-05-22T12:25:00Z,req-5d7bd5685d46,conv-78253c1a48,d-92675051d5.838f6b85-1e72-4404-a193-f1b0dc79d107,Elena Garcia,Platform Reliability Engineering,Platform Reliability,KIRO_CLI,CLI,INLINE_CHAT,review,platform-hardening,single-agent,Direct Kiro,No MCP Invoked,0,Qwen3_Coder_Next_messages,3.22,951,3934
2026-05-22T12:36:00Z,req-b4b5bb62015a,conv-6b74291df6,d-92675051d5.a9a3e94b-b147-4fb7-9934-f5ea941fd110,Aisha Khan,AI SDLC Enablement Team,AI Delivery Acceleration,KIRO_IDE,IDE,MANUAL,chat,spec-orchestration,orchestrated-multi-agent,Direct Kiro,aws-docs,7,Claude_Sonnet_4.6_messages,21.29,1574,9752
2026-05-22T12:40:00Z,req-27258ce77bc0,conv-b936cc5419,d-92675051d5.838f6b85-1e72-4404-a193-f1b0dc79d107,Elena Garcia,Platform Reliability Engineering,Platform Reliability,KIRO_IDE,IDE,MANUAL,hook,platform-hardening,human-in-loop,Direct Kiro,aws-docs,0,Claude_Sonnet_4.6_messages,4.63,6335,4005
2026-05-22T13:00:00Z,req-5952078467ea,conv-29e01a1d5b,d-92675051d5.f12818d1-8f2c-4d54-9188-4f7224a4d103,Ethan Brooks,Payments Modernization Team,Payments Transformation,KIRO_IDE,IDE,MANUAL,chat,legacy-modernization,single-agent,AWS Transform,No MCP Invoked,6,Auto_messages,3.67,3914,2039
2026-05-22T13:07:00Z,req-eb6538da9228,conv-78253c1a48,d-92675051d5.838f6b85-1e72-4404-a193-f1b0dc79d107,Elena Garcia,Platform Reliability Engineering,Platform Reliability,KIRO_IDE,IDE,INLINE_CHAT,review,platform-hardening,human-in-loop,AWS Docs,aws-docs,8,Claude_Sonnet_4.6_messages,3.42,5411,7339
2026-05-22T13:11:00Z,req-2830f79f910c,conv-c233114f08,d-92675051d5.6273ba8a-bb02-425f-b443-3d4dcb2c9108,Victor Chen,Platform Reliability Engineering,Platform Reliability,KIRO_IDE,IDE,MANUAL,mcp-tool,platform-hardening,single-agent,GitHub,No MCP Invoked,4,DeepSeek_V3.2_messages,5.58,3471,5669
2026-05-22T13:22:00Z,req-0bd4d8e8c39c,conv-a60b8b9b1a,d-92675051d5.838f6b85-1e72-4404-a193-f1b0dc79d107,Elena Garcia,Platform Reliability Engineering,Platform Reliability,KIRO_CLI,CLI,MANUAL,cli-chat,platform-hardening,human-in-loop,GitHub,github,1,Claude_Sonnet_4.6_messages,2.82,5867,1857
2026-05-22T13:22:00Z,req-58e7f6420b6b,conv-33327b0309,d-92675051d5.f12818d1-8f2c-4d54-9188-4f7224a4d103,Ethan Brooks,Payments Modernization Team,Payments Transformation,KIRO_IDE,IDE,INLINE_CHAT,review,legacy-modernization,spec-driven,GitHub,No MCP Invoked,0,Auto_messages,3.43,992,6186
2026-05-22T13:32:00Z,req-dca940cb0c4c,conv-c233114f08,d-92675051d5.6273ba8a-bb02-425f-b443-3d4dcb2c9108,Victor Chen,Platform Reliability Engineering,Platform Reliability,KIRO_CLI,CLI,MANUAL,mcp-tool,platform-hardening,human-in-loop,Direct Kiro,aws-docs,3,Claude_Sonnet_4.6_messages,3.53,4913,10147
2026-05-22T13:48:00Z,req-0ee70f2e8adf,conv-5067ba6894,d-92675051d5.838f6b85-1e72-4404-a193-f1b0dc79d107,Elena Garcia,Platform Reliability Engineering,Platform Reliability,KIRO_IDE,IDE,MANUAL,cli-chat,platform-hardening,single-agent,GitHub,aws-docs,1,Claude_Sonnet_4.6_messages,2.68,607,11301
2026-05-22T14:32:00Z,req-0ef57222b35e,conv-6f36a7adf5,d-92675051d5.9b1ac779-7da0-470f-bfd8-fba1849ca111,Ben Foster,AI SDLC Enablement Team,AI Delivery Acceleration,KIRO_IDE,IDE,MANUAL,automation,guardrail-evaluation,orchestrated-multi-agent,GitHub,jira,2,Claude_Sonnet_4.6_messages,26.02,6280,4928
2026-05-22T14:41:00Z,req-447eea47b534,conv-e095aac1db,d-92675051d5.0ec463de-81c2-4f79-9d4c-029f7bb0f101,Priya Nair,Payments Modernization Team,Payments Transformation,KIRO_CLI,CLI,MANUAL,transform,legacy-modernization,human-in-loop,Direct Kiro,github,4,Claude_Sonnet_4.6_messages,5.89,4159,5760
2026-05-22T14:43:00Z,req-fec343fb0c0f,conv-da97de30d2,d-92675051d5.0ec463de-81c2-4f79-9d4c-029f7bb0f101,Priya Nair,Payments Modernization Team,Payments Transformation,KIRO_CLI,CLI,MANUAL,chat,legacy-modernization,human-in-loop,Direct Kiro,No MCP Invoked,3,Claude_Sonnet_4.6_messages,3.99,2382,3486
2026-05-22T14:51:00Z,req-d7a62317ed90,conv-7aa3cc2df6,d-92675051d5.838f6b85-1e72-4404-a193-f1b0dc79d107,Elena Garcia,Platform Reliability Engineering,Platform Reliability,KIRO_IDE,IDE,INLINE_CHAT,review,platform-hardening,human-in-loop,AWS Docs,github,8,Claude_Opus_4.6_messages,4.29,1768,3987
2026-05-22T14:53:00Z,req-a0e189234866,conv-5ddf288c7f,d-92675051d5.f12818d1-8f2c-4d54-9188-4f7224a4d103,Ethan Brooks,Payments Modernization Team,Payments Transformation,KIRO_IDE,IDE,INLINE_CHAT,review,legacy-modernization,human-in-loop,Direct Kiro,No MCP Invoked,2,Qwen3_Coder_Next_messages,3.25,2312,2286
2026-05-22T15:06:00Z,req-ecf6353f9806,conv-304b6dcfe1,d-92675051d5.6273ba8a-bb02-425f-b443-3d4dcb2c9108,Victor Chen,Platform Reliability Engineering,Platform Reliability,KIRO_CLI,CLI,MANUAL,cli-chat,platform-hardening,single-agent,Direct Kiro,github,3,Claude_Sonnet_4.6_messages,3.89,2552,10724
2026-05-22T15:16:00Z,req-23d170a8d034,conv-040016a6c9,d-92675051d5.a9a3e94b-b147-4fb7-9934-f5ea941fd110,Aisha Khan,AI SDLC Enablement Team,AI Delivery Acceleration,KIRO_CLI,CLI,MANUAL,chat,spec-orchestration,orchestrated-multi-agent,Jira,No MCP Invoked,2,Claude_Sonnet_4.6_messages,10.15,5771,7927
2026-05-22T15:39:00Z,req-b3c4d9011a77,conv-7aa3cc2df6,d-92675051d5.838f6b85-1e72-4404-a193-f1b0dc79d107,Elena Garcia,Platform Reliability Engineering,Platform Reliability,KIRO_CLI,CLI,MANUAL,mcp-tool,platform-hardening,human-in-loop,Direct Kiro,github,0,DeepSeek_V3.2_messages,3.45,642,974
2026-05-22T15:45:00Z,req-7445f56075e1,conv-bad9de400d,d-92675051d5.0ec463de-81c2-4f79-9d4c-029f7bb0f101,Priya Nair,Payments Modernization Team,Payments Transformation,KIRO_IDE,IDE,INLINE_CHAT,review,legacy-modernization,human-in-loop,AWS Transform,No MCP Invoked,7,Claude_Sonnet_4.6_messages,13.65,3615,5250
2026-05-22T15:52:00Z,req-82a6049baded,conv-77ecc50ecd,d-92675051d5.4a0a1ddb-32de-4237-b40f-cbc81f6ae105,Omar Haddad,Retail Analytics Team,Retail Intelligence,KIRO_CLI,CLI,MANUAL,plugin-action,retail-analytics,human-in-loop,Direct Kiro,No MCP Invoked,1,Qwen3_Coder_Next_messages,3.51,4940,9604
2026-05-22T16:01:00Z,req-e5abf5b94c07,conv-6f81a6c5c1,d-92675051d5.4a0a1ddb-32de-4237-b40f-cbc81f6ae105,Omar Haddad,Retail Analytics Team,Retail Intelligence,KIRO_IDE,IDE,MANUAL,spec,retail-analytics,human-in-loop,GitHub,No MCP Invoked,1,Auto_messages,2.36,6009,3782
2026-05-22T16:06:00Z,req-bf0c88ff2801,conv-8ed334ff0f,d-92675051d5.9b1ac779-7da0-470f-bfd8-fba1849ca111,Ben Foster,AI SDLC Enablement Team,AI Delivery Acceleration,KIRO_IDE,IDE,MANUAL,automation,guardrail-evaluation,orchestrated-multi-agent,Direct Kiro,No MCP Invoked,2,Auto_messages,20.95,6062,1687
2026-05-22T16:35:00Z,req-31915db74f2e,conv-49ea9261e5,d-92675051d5.a9a3e94b-b147-4fb7-9934-f5ea941fd110,Aisha Khan,AI SDLC Enablement Team,AI Delivery Acceleration,KIRO_CLI,CLI,MANUAL,chat,spec-orchestration,orchestrated-multi-agent,Browser,aws-docs,1,Claude_Opus_4.6_messages,8.33,5907,8685
2026-05-22T16:48:00Z,req-ffd22331d22f,conv-eea535549e,d-92675051d5.9b1ac779-7da0-470f-bfd8-fba1849ca111,Ben Foster,AI SDLC Enablement Team,AI Delivery Acceleration,KIRO_IDE,IDE,MANUAL,chat,guardrail-evaluation,orchestrated-multi-agent,Direct Kiro,jira,6,Auto_messages,27.45,5316,1060
2026-05-22T16:53:00Z,req-7b82f9ac4f22,conv-687b7664aa,d-92675051d5.0ec463de-81c2-4f79-9d4c-029f7bb0f101,Priya Nair,Payments Modernization Team,Payments Transformation,KIRO_IDE,IDE,MANUAL,chat,legacy-modernization,human-in-loop,Direct Kiro,No MCP Invoked,1,Claude_Opus_4.6_messages,7.91,2406,10596
2026-05-22T16:56:00Z,req-290f1554cb0c,conv-07514e479f,d-92675051d5.7e23e16f-5eb6-49f0-8e5d-a84c5ad99106,Casey Liu,Retail Analytics Team,Retail Intelligence,KIRO_CLI,CLI,MANUAL,spec,retail-analytics,human-in-loop,Direct Kiro,aws-docs,6,Auto_messages,2.69,709,3351
2026-05-22T17:00:00Z,req-aff0383d9f30,conv-e0d356155d,d-92675051d5.f12818d1-8f2c-4d54-9188-4f7224a4d103,Ethan Brooks,Payments Modernization Team,Payments Transformation,KIRO_IDE,IDE,MANUAL,chat,legacy-modernization,spec-driven,Direct Kiro,aws-docs,1,Auto_messages,2.93,2694,8917
2026-05-22T17:12:00Z,req-3763a6bca71e,conv-a60b8b9b1a,d-92675051d5.838f6b85-1e72-4404-a193-f1b0dc79d107,Elena Garcia,Platform Reliability Engineering,Platform Reliability,KIRO_IDE,IDE,INLINE_CHAT,review,platform-hardening,human-in-loop,Direct Kiro,No MCP Invoked,3,Claude_Sonnet_4.6_messages,3.77,699,10455
2026-05-22T17:19:00Z,req-fcc84fd957a2,conv-9871a22818,d-92675051d5.9b1ac779-7da0-470f-bfd8-fba1849ca111,Ben Foster,AI SDLC Enablement Team,AI Delivery Acceleration,KIRO_IDE,IDE,MANUAL,mcp-tool,guardrail-evaluation,human-in-loop,Browser,No MCP Invoked,1,Claude_Sonnet_4.6_messages,32.8,1764,9764
2026-05-22T17:22:00Z,req-587c27a1f463,conv-35bc72b4e5,d-92675051d5.a9a3e94b-b147-4fb7-9934-f5ea941fd110,Aisha Khan,AI SDLC Enablement Team,AI Delivery Acceleration,KIRO_CLI,CLI,MANUAL,chat,spec-orchestration,human-in-loop,GitHub,No MCP Invoked,5,Claude_Sonnet_4.6_messages,11.51,276,6324
2026-05-22T17:24:00Z,req-b364917b6f50,conv-49ea9261e5,d-92675051d5.a9a3e94b-b147-4fb7-9934-f5ea941fd110,Aisha Khan,AI SDLC Enablement Team,AI Delivery Acceleration,KIRO_IDE,IDE,MANUAL,chat,spec-orchestration,orchestrated-multi-agent,Jira,aws-docs,5,DeepSeek_V3.2_messages,16.19,4388,10715
2026-05-22T17:26:00Z,req-2f203e559662,conv-b936cc5419,d-92675051d5.838f6b85-1e72-4404-a193-f1b0dc79d107,Elena Garcia,Platform Reliability Engineering,Platform Reliability,KIRO_CLI,CLI,MANUAL,hook,platform-hardening,single-agent,Direct Kiro,No MCP Invoked,3,Claude_Sonnet_4.6_messages,4.68,614,11208
2026-05-22T17:31:00Z,req-570a2724e05b,conv-b0ca64e91e,d-92675051d5.59888cc4-2dac-4454-a84e-b7968ad4e112,Chloe Martin,AI SDLC Enablement Team,AI Delivery Acceleration,KIRO_IDE,IDE,MANUAL,spec,spec-orchestration,human-in-loop,Jira,jira,7,Auto_messages,6.14,5587,4644
2026-05-22T17:34:00Z,req-9cc7fc276e07,conv-f7c2c0591a,d-92675051d5.6273ba8a-bb02-425f-b443-3d4dcb2c9108,Victor Chen,Platform Reliability Engineering,Platform Reliability,KIRO_CLI,CLI,MANUAL,cli-chat,platform-hardening,single-agent,Direct Kiro,No MCP Invoked,2,Auto_messages,4.76,3132,2894
2026-05-22T17:38:00Z,req-cbb83a494647,conv-f7c2c0591a,d-92675051d5.6273ba8a-bb02-425f-b443-3d4dcb2c9108,Victor Chen,Platform Reliability Engineering,Platform Reliability,KIRO_IDE,IDE,MANUAL,cli-chat,platform-hardening,single-agent,AWS Docs,github,3,Auto_messages,3.75,2262,3069
2026-05-22T17:45:00Z,req-a5d4f1672ed1,conv-81f6d8d2b1,d-92675051d5.33a7a52f-dbf7-4f6b-89c9-43d30a61e104,Nina Patel,Retail Analytics Team,Retail Intelligence,KIRO_IDE,IDE,MANUAL,plugin-action,retail-analytics,spec-driven,Browser,aws-docs,1,Claude_Sonnet_4.6_messages,14.44,4404,10083
2026-05-22T18:06:00Z,req-0be1f1931cc4,conv-fc05dd25a7,d-92675051d5.33a7a52f-dbf7-4f6b-89c9-43d30a61e104,Nina Patel,Retail Analytics Team,Retail Intelligence,KIRO_IDE,IDE,MANUAL,mcp-tool,retail-analytics,single-agent,Direct Kiro,No MCP Invoked,0,Claude_Sonnet_4.6_messages,24.1,1399,2608
2026-05-22T18:23:00Z,req-ab2e74f0a6ce,conv-490ee39be0,d-92675051d5.59888cc4-2dac-4454-a84e-b7968ad4e112,Chloe Martin,AI SDLC Enablement Team,AI Delivery Acceleration,KIRO_IDE,IDE,MANUAL,spec,spec-orchestration,orchestrated-multi-agent,Jira,jira,7,Qwen3_Coder_Next_messages,6.01,1024,5510
2026-05-22T18:24:00Z,req-893af4bf5d74,conv-6b74291df6,d-92675051d5.a9a3e94b-b147-4fb7-9934-f5ea941fd110,Aisha Khan,AI SDLC Enablement Team,AI Delivery Acceleration,KIRO_CLI,CLI,MANUAL,spec,spec-orchestration,spec-driven,GitHub,github,1,Claude_Sonnet_4.6_messages,12.42,1896,6242
2026-05-22T18:31:00Z,req-d1aa0ef49fa1,conv-22a3cf13ee,d-92675051d5.59888cc4-2dac-4454-a84e-b7968ad4e112,Chloe Martin,AI SDLC Enablement Team,AI Delivery Acceleration,KIRO_IDE,IDE,MANUAL,spec,spec-orchestration,spec-driven,Jira,jira,2,Claude_Sonnet_4.6_messages,5.34,2328,9678
2026-05-22T18:35:00Z,req-46df39f2851c,conv-96e840efc4,d-92675051d5.33a7a52f-dbf7-4f6b-89c9-43d30a61e104,Nina Patel,Retail Analytics Team,Retail Intelligence,KIRO_IDE,IDE,MANUAL,mcp-tool,retail-analytics,human-in-loop,Direct Kiro,aws-docs,3,Claude_Sonnet_4.6_messages,21.46,3112,2633
2026-05-22T18:42:00Z,req-8cf0517d0b63,conv-e429361cbc,d-92675051d5.0ec463de-81c2-4f79-9d4c-029f7bb0f101,Priya Nair,Payments Modernization Team,Payments Transformation,KIRO_CLI,CLI,MANUAL,spec,legacy-modernization,single-agent,Direct Kiro,github,7,Auto_messages,4.43,4551,7846
2026-05-22T18:53:00Z,req-5fba5a6f473a,conv-5067ba6894,d-92675051d5.838f6b85-1e72-4404-a193-f1b0dc79d107,Elena Garcia,Platform Reliability Engineering,Platform Reliability,KIRO_CLI,CLI,MANUAL,cli-chat,platform-hardening,human-in-loop,Direct Kiro,aws-docs,1,DeepSeek_V3.2_messages,3.26,5756,9750
2026-05-23T11:08:00Z,req-aa37fe8da372,conv-95245e03d5,d-92675051d5.0ec463de-81c2-4f79-9d4c-029f7bb0f101,Priya Nair,Payments Modernization Team,Payments Transformation,KIRO_CLI,CLI,MANUAL,transform,legacy-modernization,human-in-loop,Direct Kiro,No MCP Invoked,2,Claude_Sonnet_4.6_messages,2.82,1920,2826
2026-05-23T11:52:00Z,req-ed751cc01da9,conv-95245e03d5,d-92675051d5.0ec463de-81c2-4f79-9d4c-029f7bb0f101,Priya Nair,Payments Modernization Team,Payments Transformation,KIRO_IDE,IDE,MANUAL,transform,legacy-modernization,human-in-loop,Direct Kiro,No MCP Invoked,1,Claude_Sonnet_4.6_messages,3.65,879,1168
2026-05-23T12:02:00Z,req-977d2f39a855,conv-c73d206b5a,d-92675051d5.0ec463de-81c2-4f79-9d4c-029f7bb0f101,Priya Nair,Payments Modernization Team,Payments Transformation,KIRO_IDE,IDE,MANUAL,spec,legacy-modernization,spec-driven,Direct Kiro,aws-docs,3,Claude_Sonnet_4.6_messages,4.47,5158,11340
2026-05-23T12:12:00Z,req-65844fa67cf0,conv-881065cfa8,d-92675051d5.797d1e6c-6d5f-41a9-8dc7-53d2ef14e102,Marco Silva,Payments Modernization Team,Payments Transformation,KIRO_IDE,IDE,MANUAL,plugin-action,test-generation,spec-driven,Code Review,aws-docs,1,Auto_messages,18.54,3229,4994
2026-05-23T13:28:00Z,req-09a60fdbafec,conv-98d4570c6c,d-92675051d5.0ec463de-81c2-4f79-9d4c-029f7bb0f101,Priya Nair,Payments Modernization Team,Payments Transformation,KIRO_IDE,IDE,MANUAL,transform,legacy-modernization,human-in-loop,AWS Transform,aws-docs,6,Claude_Sonnet_4.6_messages,3.51,2112,10757
2026-05-23T13:50:00Z,req-52053a2a4639,conv-a727a6c2d7,d-92675051d5.0ec463de-81c2-4f79-9d4c-029f7bb0f101,Priya Nair,Payments Modernization Team,Payments Transformation,KIRO_IDE,IDE,MANUAL,transform,legacy-modernization,single-agent,Direct Kiro,No MCP Invoked,2,Claude_Opus_4.6_messages,3.25,6468,2754
2026-05-23T14:20:00Z,req-e596840cf019,conv-28a2680fcc,d-92675051d5.3b537ba7-2c3b-4a6c-aec6-61e594bd1109,Sam Walker,Platform Reliability Engineering,Platform Reliability,KIRO_IDE,IDE,MANUAL,cli-chat,platform-hardening,single-agent,AWS Docs,github,4,Auto_messages,2.55,4452,10486
2026-05-23T15:51:00Z,req-d192981e2225,conv-c7df4491a6,d-92675051d5.0ec463de-81c2-4f79-9d4c-029f7bb0f101,Priya Nair,Payments Modernization Team,Payments Transformation,KIRO_CLI,CLI,MANUAL,chat,legacy-modernization,single-agent,Direct Kiro,aws-docs,6,Claude_Sonnet_4.6_messages,4.76,2469,2635
2026-05-23T15:54:00Z,req-d2a34661c351,conv-9d14976218,d-92675051d5.59888cc4-2dac-4454-a84e-b7968ad4e112,Chloe Martin,AI SDLC Enablement Team,AI Delivery Acceleration,PLUGIN,PLUGIN,MANUAL,mcp-tool,spec-orchestration,orchestrated-multi-agent,Direct Kiro,No MCP Invoked,2,Auto_messages,1.18,3483,6681
2026-05-23T15:58:00Z,req-fa63863e93bb,conv-9d14976218,d-92675051d5.59888cc4-2dac-4454-a84e-b7968ad4e112,Chloe Martin,AI SDLC Enablement Team,AI Delivery Acceleration,KIRO_IDE,IDE,MANUAL,chat,spec-orchestration,orchestrated-multi-agent,Browser,jira,1,Auto_messages,4.71,1468,3926
2026-05-23T16:50:00Z,req-ea80963c169b,conv-28a2680fcc,d-92675051d5.3b537ba7-2c3b-4a6c-aec6-61e594bd1109,Sam Walker,Platform Reliability Engineering,Platform Reliability,KIRO_CLI,CLI,MANUAL,hook,platform-hardening,single-agent,Direct Kiro,github,4,Auto_messages,2.34,4853,5099
2026-05-23T17:01:00Z,req-671fbc69abb7,conv-c7df4491a6,d-92675051d5.0ec463de-81c2-4f79-9d4c-029f7bb0f101,Priya Nair,Payments Modernization Team,Payments Transformation,KIRO_IDE,IDE,MANUAL,transform,legacy-modernization,spec-driven,AWS Transform,No MCP Invoked,7,DeepSeek_V3.2_messages,4.13,4839,11437
2026-05-23T17:34:00Z,req-67ce8624aaaf,conv-98d4570c6c,d-92675051d5.0ec463de-81c2-4f79-9d4c-029f7bb0f101,Priya Nair,Payments Modernization Team,Payments Transformation,KIRO_CLI,CLI,MANUAL,chat,legacy-modernization,spec-driven,Direct Kiro,No MCP Invoked,3,DeepSeek_V3.2_messages,3.15,4258,11201
2026-05-23T17:54:00Z,req-ff6365967711,conv-bcc937c509,d-92675051d5.797d1e6c-6d5f-41a9-8dc7-53d2ef14e102,Marco Silva,Payments Modernization Team,Payments Transformation,KIRO_IDE,IDE,MANUAL,slash-command,test-generation,single-agent,Code Review,No MCP Invoked,3,Claude_Sonnet_4.6_messages,26.01,6446,5566
2026-05-23T18:41:00Z,req-56751bc963a9,conv-426ea9b05b,d-92675051d5.59888cc4-2dac-4454-a84e-b7968ad4e112,Chloe Martin,AI SDLC Enablement Team,AI Delivery Acceleration,KIRO_IDE,IDE,MANUAL,mcp-tool,spec-orchestration,spec-driven,Direct Kiro,aws-docs,5,Claude_Sonnet_4.6_messages,4.86,1007,11540
2026-05-24T11:01:00Z,req-bc8f35af2b41,conv-c316a52c7b,d-92675051d5.838f6b85-1e72-4404-a193-f1b0dc79d107,Elena Garcia,Platform Reliability Engineering,Platform Reliability,KIRO_IDE,IDE,INLINE_CHAT,review,platform-hardening,single-agent,Direct Kiro,No MCP Invoked,3,Claude_Sonnet_4.6_messages,4.65,1205,10116
2026-05-24T11:13:00Z,req-85f2a892dae1,conv-90c7ad0da6,d-92675051d5.a9a3e94b-b147-4fb7-9934-f5ea941fd110,Aisha Khan,AI SDLC Enablement Team,AI Delivery Acceleration,KIRO_IDE,IDE,MANUAL,mcp-tool,spec-orchestration,orchestrated-multi-agent,Jira,aws-docs,7,DeepSeek_V3.2_messages,8.11,1072,8598
2026-05-24T14:11:00Z,req-ea8619558bca,conv-119c551d88,d-92675051d5.59888cc4-2dac-4454-a84e-b7968ad4e112,Chloe Martin,AI SDLC Enablement Team,AI Delivery Acceleration,KIRO_IDE,IDE,MANUAL,automation,spec-orchestration,spec-driven,Direct Kiro,No MCP Invoked,3,Claude_Opus_4.6_messages,2.51,3922,9783
2026-05-24T14:14:00Z,req-02ad0ab25ab7,conv-a055febf47,d-92675051d5.6273ba8a-bb02-425f-b443-3d4dcb2c9108,Victor Chen,Platform Reliability Engineering,Platform Reliability,KIRO_CLI,CLI,MANUAL,cli-chat,platform-hardening,human-in-loop,Direct Kiro,No MCP Invoked,0,DeepSeek_V3.2_messages,3.24,1826,3060
2026-05-24T14:53:00Z,req-114f5df8051c,conv-bf7789a4f4,d-92675051d5.59888cc4-2dac-4454-a84e-b7968ad4e112,Chloe Martin,AI SDLC Enablement Team,AI Delivery Acceleration,KIRO_IDE,IDE,MANUAL,automation,spec-orchestration,orchestrated-multi-agent,Direct Kiro,github,6,Auto_messages,2.71,2662,7550
2026-05-24T15:24:00Z,req-4966bdf8efdd,conv-a055febf47,d-92675051d5.6273ba8a-bb02-425f-b443-3d4dcb2c9108,Victor Chen,Platform Reliability Engineering,Platform Reliability,PLUGIN,PLUGIN,MANUAL,hook,platform-hardening,single-agent,GitHub,No MCP Invoked,3,Claude_Sonnet_4.6_messages,1.15,5763,8373
2026-05-24T15:58:00Z,req-2cbd8c3f4939,conv-0586fae4d2,d-92675051d5.a9a3e94b-b147-4fb7-9934-f5ea941fd110,Aisha Khan,AI SDLC Enablement Team,AI Delivery Acceleration,KIRO_IDE,IDE,MANUAL,automation,spec-orchestration,human-in-loop,GitHub,jira,5,Qwen3_Coder_Next_messages,9.86,6331,10589
2026-05-24T16:46:00Z,req-855262aa9f85,conv-ea3bde4560,d-92675051d5.a9a3e94b-b147-4fb7-9934-f5ea941fd110,Aisha Khan,AI SDLC Enablement Team,AI Delivery Acceleration,KIRO_IDE,IDE,MANUAL,spec,spec-orchestration,human-in-loop,Jira,No MCP Invoked,7,Claude_Sonnet_4.6_messages,8.96,3342,3012
2026-05-25T09:02:00Z,req-1f4aebb5b80b,conv-7589d43622,d-92675051d5.797d1e6c-6d5f-41a9-8dc7-53d2ef14e102,Marco Silva,Payments Modernization Team,Payments Transformation,KIRO_IDE,IDE,MANUAL,plugin-action,test-generation,single-agent,Direct Kiro,aws-docs,1,Claude_Sonnet_4.6_messages,26.64,1013,7834
2026-05-25T09:04:00Z,req-cc2d9d79d050,conv-cdc1af5f44,d-92675051d5.a9a3e94b-b147-4fb7-9934-f5ea941fd110,Aisha Khan,AI SDLC Enablement Team,AI Delivery Acceleration,KIRO_IDE,IDE,MANUAL,mcp-tool,spec-orchestration,orchestrated-multi-agent,GitHub,No MCP Invoked,1,Claude_Sonnet_4.6_messages,21.74,899,1308
2026-05-25T09:22:00Z,req-e042e1a59f23,conv-d2f9f09234,d-92675051d5.9b1ac779-7da0-470f-bfd8-fba1849ca111,Ben Foster,AI SDLC Enablement Team,AI Delivery Acceleration,KIRO_IDE,IDE,MANUAL,automation,guardrail-evaluation,orchestrated-multi-agent,Direct Kiro,github,8,Claude_Opus_4.6_messages,24.64,4292,9804
2026-05-25T09:22:00Z,req-a671d9598e47,conv-d9d5904ead,d-92675051d5.a9a3e94b-b147-4fb7-9934-f5ea941fd110,Aisha Khan,AI SDLC Enablement Team,AI Delivery Acceleration,KIRO_IDE,IDE,MANUAL,automation,spec-orchestration,human-in-loop,Direct Kiro,No MCP Invoked,1,Claude_Sonnet_4.6_messages,18.23,1607,8731
2026-05-25T09:24:00Z,req-2f40a37e6170,conv-d56dfd2b6c,d-92675051d5.838f6b85-1e72-4404-a193-f1b0dc79d107,Elena Garcia,Platform Reliability Engineering,Platform Reliability,KIRO_IDE,IDE,MANUAL,mcp-tool,platform-hardening,single-agent,AWS Docs,No MCP Invoked,3,Claude_Sonnet_4.6_messages,4.0,5896,9467
2026-05-25T09:26:00Z,req-abacf40bbf89,conv-150ae6f396,d-92675051d5.0ec463de-81c2-4f79-9d4c-029f7bb0f101,Priya Nair,Payments Modernization Team,Payments Transformation,KIRO_IDE,IDE,MANUAL,spec,legacy-modernization,spec-driven,Direct Kiro,github,2,Claude_Sonnet_4.6_messages,8.71,4089,6664
2026-05-25T09:29:00Z,req-67e9166eccfc,conv-929ed6b57f,d-92675051d5.33a7a52f-dbf7-4f6b-89c9-43d30a61e104,Nina Patel,Retail Analytics Team,Retail Intelligence,KIRO_IDE,IDE,MANUAL,chat,retail-analytics,human-in-loop,Direct Kiro,No MCP Invoked,1,DeepSeek_V3.2_messages,12.38,929,7679
2026-05-25T09:31:00Z,req-bb128fc020a9,conv-fa7f094699,d-92675051d5.59888cc4-2dac-4454-a84e-b7968ad4e112,Chloe Martin,AI SDLC Enablement Team,AI Delivery Acceleration,KIRO_IDE,IDE,MANUAL,automation,spec-orchestration,human-in-loop,GitHub,jira,5,Claude_Sonnet_4.6_messages,4.69,2001,9632
2026-05-25T09:49:00Z,req-aa2e66fe0a19,conv-d101e32a29,d-92675051d5.33a7a52f-dbf7-4f6b-89c9-43d30a61e104,Nina Patel,Retail Analytics Team,Retail Intelligence,KIRO_IDE,IDE,MANUAL,chat,retail-analytics,single-agent,Direct Kiro,No MCP Invoked,3,Claude_Opus_4.6_messages,13.43,2286,10564
2026-05-25T09:57:00Z,req-5f066fdbcda6,conv-792b51b097,d-92675051d5.838f6b85-1e72-4404-a193-f1b0dc79d107,Elena Garcia,Platform Reliability Engineering,Platform Reliability,KIRO_IDE,IDE,INLINE_CHAT,review,platform-hardening,human-in-loop,Direct Kiro,aws-docs,3,Claude_Sonnet_4.6_messages,4.73,6429,3894
2026-05-25T10:06:00Z,req-8b44f834e3c5,conv-7aa16cb997,d-92675051d5.6273ba8a-bb02-425f-b443-3d4dcb2c9108,Victor Chen,Platform Reliability Engineering,Platform Reliability,KIRO_CLI,CLI,MANUAL,mcp-tool,platform-hardening,human-in-loop,Direct Kiro,No MCP Invoked,1,Auto_messages,3.14,1207,7751
2026-05-25T10:16:00Z,req-ccd8a288038f,conv-e069a3b6d4,d-92675051d5.59888cc4-2dac-4454-a84e-b7968ad4e112,Chloe Martin,AI SDLC Enablement Team,AI Delivery Acceleration,KIRO_IDE,IDE,MANUAL,automation,spec-orchestration,human-in-loop,GitHub,No MCP Invoked,5,Claude_Sonnet_4.6_messages,4.16,3776,6050
2026-05-25T10:16:00Z,req-d311f8b7c6f6,conv-a820ce0fcb,d-92675051d5.7e23e16f-5eb6-49f0-8e5d-a84c5ad99106,Casey Liu,Retail Analytics Team,Retail Intelligence,KIRO_CLI,CLI,MANUAL,plugin-action,retail-analytics,spec-driven,Browser,aws-docs,2,Auto_messages,2.83,2324,8020
2026-05-25T10:20:00Z,req-7641e2a047ae,conv-ef64925f00,d-92675051d5.33a7a52f-dbf7-4f6b-89c9-43d30a61e104,Nina Patel,Retail Analytics Team,Retail Intelligence,KIRO_IDE,IDE,MANUAL,spec,retail-analytics,spec-driven,Direct Kiro,No MCP Invoked,3,Auto_messages,7.59,923,3271
2026-05-25T10:35:00Z,req-f013f5fc100c,conv-318e23294d,d-92675051d5.59888cc4-2dac-4454-a84e-b7968ad4e112,Chloe Martin,AI SDLC Enablement Team,AI Delivery Acceleration,KIRO_IDE,IDE,MANUAL,spec,spec-orchestration,human-in-loop,GitHub,No MCP Invoked,0,Claude_Sonnet_4.6_messages,4.93,984,2361
2026-05-25T11:05:00Z,req-2ed72223145a,conv-d29798fcca,d-92675051d5.0ec463de-81c2-4f79-9d4c-029f7bb0f101,Priya Nair,Payments Modernization Team,Payments Transformation,KIRO_IDE,IDE,MANUAL,chat,legacy-modernization,human-in-loop,GitHub,No MCP Invoked,1,Qwen3_Coder_Next_messages,13.63,2854,4698
2026-05-25T11:32:00Z,req-89d8de4b16bf,conv-79326f52df,d-92675051d5.797d1e6c-6d5f-41a9-8dc7-53d2ef14e102,Marco Silva,Payments Modernization Team,Payments Transformation,KIRO_IDE,IDE,MANUAL,plugin-action,test-generation,single-agent,GitHub,github,0,Claude_Sonnet_4.6_messages,20.0,5480,7493
2026-05-25T11:47:00Z,req-f85fa3b98894,conv-1cef3e1ffd,d-92675051d5.59888cc4-2dac-4454-a84e-b7968ad4e112,Chloe Martin,AI SDLC Enablement Team,AI Delivery Acceleration,KIRO_IDE,IDE,MANUAL,spec,spec-orchestration,orchestrated-multi-agent,Direct Kiro,aws-docs,8,Claude_Sonnet_4.6_messages,6.11,831,4938
2026-05-25T12:06:00Z,req-b8787bfe3024,conv-b7b5e41d7c,d-92675051d5.a9a3e94b-b147-4fb7-9934-f5ea941fd110,Aisha Khan,AI SDLC Enablement Team,AI Delivery Acceleration,PLUGIN,PLUGIN,MANUAL,automation,spec-orchestration,human-in-loop,Browser,github,0,Claude_Sonnet_4.6_messages,9.61,6339,10959
2026-05-25T12:47:00Z,req-5145cee024ce,conv-1f1d2c84f1,d-92675051d5.33a7a52f-dbf7-4f6b-89c9-43d30a61e104,Nina Patel,Retail Analytics Team,Retail Intelligence,KIRO_IDE,IDE,MANUAL,plugin-action,retail-analytics,spec-driven,Browser,github,6,Auto_messages,8.12,2261,8074
2026-05-25T12:55:00Z,req-d01bb206a4ee,conv-49fae53763,d-92675051d5.0ec463de-81c2-4f79-9d4c-029f7bb0f101,Priya Nair,Payments Modernization Team,Payments Transformation,KIRO_CLI,CLI,MANUAL,transform,legacy-modernization,single-agent,Direct Kiro,No MCP Invoked,3,Auto_messages,3.51,1880,2829
2026-05-25T13:08:00Z,req-17759110f187,conv-4aa85eb2b6,d-92675051d5.6273ba8a-bb02-425f-b443-3d4dcb2c9108,Victor Chen,Platform Reliability Engineering,Platform Reliability,KIRO_CLI,CLI,MANUAL,hook,platform-hardening,single-agent,Direct Kiro,No MCP Invoked,1,Claude_Sonnet_4.6_messages,2.2,374,2131
2026-05-25T13:19:00Z,req-90c489424cc9,conv-7a2c0b4d59,d-92675051d5.0ec463de-81c2-4f79-9d4c-029f7bb0f101,Priya Nair,Payments Modernization Team,Payments Transformation,KIRO_CLI,CLI,MANUAL,spec,legacy-modernization,human-in-loop,Direct Kiro,github,6,Claude_Sonnet_4.6_messages,2.74,1752,10936
2026-05-25T13:26:00Z,req-4535c078353c,conv-7fd2bad2b2,d-92675051d5.33a7a52f-dbf7-4f6b-89c9-43d30a61e104,Nina Patel,Retail Analytics Team,Retail Intelligence,KIRO_IDE,IDE,MANUAL,spec,retail-analytics,spec-driven,Direct Kiro,github,8,Auto_messages,14.46,4665,6153
2026-05-25T13:41:00Z,req-37abf03c889c,conv-3acf729731,d-92675051d5.6273ba8a-bb02-425f-b443-3d4dcb2c9108,Victor Chen,Platform Reliability Engineering,Platform Reliability,KIRO_CLI,CLI,INLINE_CHAT,review,platform-hardening,single-agent,Direct Kiro,No MCP Invoked,3,Auto_messages,3.14,2160,10946
2026-05-25T13:47:00Z,req-35da0dd15013,conv-f731e536ec,d-92675051d5.9b1ac779-7da0-470f-bfd8-fba1849ca111,Ben Foster,AI SDLC Enablement Team,AI Delivery Acceleration,KIRO_IDE,IDE,MANUAL,mcp-tool,guardrail-evaluation,orchestrated-multi-agent,Jira,github,2,Claude_Sonnet_4.6_messages,18.61,4941,7176
2026-05-25T13:48:00Z,req-3c1175aa6b9e,conv-b7b5e41d7c,d-92675051d5.a9a3e94b-b147-4fb7-9934-f5ea941fd110,Aisha Khan,AI SDLC Enablement Team,AI Delivery Acceleration,KIRO_IDE,IDE,MANUAL,spec,spec-orchestration,human-in-loop,Direct Kiro,aws-docs,7,Auto_messages,15.1,2225,7177
2026-05-25T14:15:00Z,req-11e009c9e62f,conv-7a2c0b4d59,d-92675051d5.0ec463de-81c2-4f79-9d4c-029f7bb0f101,Priya Nair,Payments Modernization Team,Payments Transformation,KIRO_IDE,IDE,MANUAL,spec,legacy-modernization,spec-driven,AWS Transform,aws-docs,5,Claude_Opus_4.6_messages,8.08,6131,2263
2026-05-25T14:16:00Z,req-274fe01c2935,conv-cdc1af5f44,d-92675051d5.a9a3e94b-b147-4fb7-9934-f5ea941fd110,Aisha Khan,AI SDLC Enablement Team,AI Delivery Acceleration,PLUGIN,PLUGIN,MANUAL,chat,spec-orchestration,spec-driven,Jira,No MCP Invoked,6,Claude_Sonnet_4.6_messages,5.5,6185,2965
2026-05-25T14:49:00Z,req-9269cc53da05,conv-c42b27b434,d-92675051d5.9b1ac779-7da0-470f-bfd8-fba1849ca111,Ben Foster,AI SDLC Enablement Team,AI Delivery Acceleration,KIRO_IDE,IDE,MANUAL,chat,guardrail-evaluation,spec-driven,Direct Kiro,aws-docs,2,Claude_Sonnet_4.6_messages,20.91,3757,4266
2026-05-25T14:59:00Z,req-fa46664b3946,conv-ceafde3a7c,d-92675051d5.797d1e6c-6d5f-41a9-8dc7-53d2ef14e102,Marco Silva,Payments Modernization Team,Payments Transformation,KIRO_IDE,IDE,MANUAL,plugin-action,test-generation,single-agent,Direct Kiro,No MCP Invoked,2,Claude_Sonnet_4.6_messages,37.69,6097,8383
2026-05-25T15:17:00Z,req-49b7c2825650,conv-e689e48c52,d-92675051d5.0ec463de-81c2-4f79-9d4c-029f7bb0f101,Priya Nair,Payments Modernization Team,Payments Transformation,KIRO_CLI,CLI,INLINE_CHAT,review,legacy-modernization,spec-driven,AWS Transform,github,8,Claude_Sonnet_4.6_messages,3.92,1268,1746
2026-05-25T15:54:00Z,req-e20dcd96aab8,conv-6ab78b4bdf,d-92675051d5.6273ba8a-bb02-425f-b443-3d4dcb2c9108,Victor Chen,Platform Reliability Engineering,Platform Reliability,KIRO_CLI,CLI,INLINE_CHAT,review,platform-hardening,single-agent,AWS Docs,No MCP Invoked,3,Claude_Opus_4.6_messages,3.0,775,9360
2026-05-25T16:01:00Z,req-df3888475fe9,conv-ebaa2b9f83,d-92675051d5.838f6b85-1e72-4404-a193-f1b0dc79d107,Elena Garcia,Platform Reliability Engineering,Platform Reliability,KIRO_IDE,IDE,MANUAL,cli-chat,platform-hardening,single-agent,Direct Kiro,aws-docs,5,DeepSeek_V3.2_messages,3.33,2871,8112
2026-05-25T16:10:00Z,req-79a94d3a6432,conv-49fae53763,d-92675051d5.0ec463de-81c2-4f79-9d4c-029f7bb0f101,Priya Nair,Payments Modernization Team,Payments Transformation,KIRO_IDE,IDE,MANUAL,transform,legacy-modernization,single-agent,GitHub,aws-docs,8,Auto_messages,12.59,6265,4517
2026-05-25T16:16:00Z,req-3a569b7dfb4b,conv-d29798fcca,d-92675051d5.0ec463de-81c2-4f79-9d4c-029f7bb0f101,Priya Nair,Payments Modernization Team,Payments Transformation,KIRO_CLI,CLI,MANUAL,chat,legacy-modernization,spec-driven,AWS Transform,github,8,Auto_messages,3.93,6413,6303
2026-05-25T16:40:00Z,req-64949332cd0b,conv-a3aa41b3b1,d-92675051d5.a9a3e94b-b147-4fb7-9934-f5ea941fd110,Aisha Khan,AI SDLC Enablement Team,AI Delivery Acceleration,KIRO_IDE,IDE,MANUAL,spec,spec-orchestration,human-in-loop,Direct Kiro,No MCP Invoked,2,Claude_Sonnet_4.6_messages,20.15,4086,965
2026-05-25T16:43:00Z,req-b5c56d3f2f63,conv-749b1fb34d,d-92675051d5.797d1e6c-6d5f-41a9-8dc7-53d2ef14e102,Marco Silva,Payments Modernization Team,Payments Transformation,KIRO_IDE,IDE,INLINE_CHAT,review,test-generation,single-agent,Code Review,aws-docs,2,Claude_Sonnet_4.6_messages,20.29,3520,3275
2026-05-25T16:54:00Z,req-fb94bfefc01a,conv-f2c4fc2df2,d-92675051d5.838f6b85-1e72-4404-a193-f1b0dc79d107,Elena Garcia,Platform Reliability Engineering,Platform Reliability,KIRO_IDE,IDE,MANUAL,hook,platform-hardening,human-in-loop,AWS Docs,aws-docs,5,Qwen3_Coder_Next_messages,4.23,4411,2383
2026-05-25T16:55:00Z,req-0265307050c9,conv-e689e48c52,d-92675051d5.0ec463de-81c2-4f79-9d4c-029f7bb0f101,Priya Nair,Payments Modernization Team,Payments Transformation,KIRO_IDE,IDE,MANUAL,transform,legacy-modernization,human-in-loop,AWS Transform,aws-docs,8,Auto_messages,12.18,3710,5425
2026-05-25T17:15:00Z,req-af86e359cb80,conv-150ae6f396,d-92675051d5.0ec463de-81c2-4f79-9d4c-029f7bb0f101,Priya Nair,Payments Modernization Team,Payments Transformation,KIRO_CLI,CLI,MANUAL,transform,legacy-modernization,single-agent,AWS Transform,aws-docs,6,Claude_Sonnet_4.6_messages,4.43,4357,3881
2026-05-25T17:19:00Z,req-0fd32af56f17,conv-9279a712c4,d-92675051d5.797d1e6c-6d5f-41a9-8dc7-53d2ef14e102,Marco Silva,Payments Modernization Team,Payments Transformation,KIRO_IDE,IDE,MANUAL,plugin-action,test-generation,human-in-loop,GitHub,No MCP Invoked,2,Claude_Sonnet_4.6_messages,23.1,4162,7381
2026-05-25T17:35:00Z,req-dda15250b3c8,conv-61094ce4b5,d-92675051d5.59888cc4-2dac-4454-a84e-b7968ad4e112,Chloe Martin,AI SDLC Enablement Team,AI Delivery Acceleration,KIRO_IDE,IDE,MANUAL,automation,spec-orchestration,human-in-loop,Browser,jira,6,DeepSeek_V3.2_messages,5.48,6430,2376
2026-05-25T17:41:00Z,req-269b86b53929,conv-bbd1844a96,d-92675051d5.9b1ac779-7da0-470f-bfd8-fba1849ca111,Ben Foster,AI SDLC Enablement Team,AI Delivery Acceleration,KIRO_IDE,IDE,INLINE_CHAT,review,guardrail-evaluation,human-in-loop,GitHub,aws-docs,5,Claude_Sonnet_4.6_messages,15.36,4243,10466
2026-05-25T17:41:00Z,req-bed5c1bbcb28,conv-00c885c3d4,d-92675051d5.9b1ac779-7da0-470f-bfd8-fba1849ca111,Ben Foster,AI SDLC Enablement Team,AI Delivery Acceleration,KIRO_IDE,IDE,MANUAL,mcp-tool,guardrail-evaluation,human-in-loop,Browser,github,8,Claude_Sonnet_4.6_messages,22.6,4546,10944
2026-05-25T18:11:00Z,req-30dd57acf9fa,conv-e8d11ebd01,d-92675051d5.a9a3e94b-b147-4fb7-9934-f5ea941fd110,Aisha Khan,AI SDLC Enablement Team,AI Delivery Acceleration,KIRO_IDE,IDE,MANUAL,chat,spec-orchestration,spec-driven,GitHub,jira,2,DeepSeek_V3.2_messages,19.35,5458,3563
2026-05-26T09:14:00Z,req-c936c78436c4,conv-f94c62943d,d-92675051d5.0ec463de-81c2-4f79-9d4c-029f7bb0f101,Priya Nair,Payments Modernization Team,Payments Transformation,KIRO_CLI,CLI,MANUAL,transform,legacy-modernization,single-agent,Direct Kiro,aws-docs,5,Claude_Sonnet_4.6_messages,6.89,3379,2184
2026-05-26T09:16:00Z,req-851eb9710824,conv-53eca333e6,d-92675051d5.0ec463de-81c2-4f79-9d4c-029f7bb0f101,Priya Nair,Payments Modernization Team,Payments Transformation,KIRO_IDE,IDE,MANUAL,spec,legacy-modernization,single-agent,GitHub,No MCP Invoked,8,Claude_Sonnet_4.6_messages,6.62,3251,10133
2026-05-26T09:19:00Z,req-1d10e2fe21e5,conv-80a3995bd8,d-92675051d5.33a7a52f-dbf7-4f6b-89c9-43d30a61e104,Nina Patel,Retail Analytics Team,Retail Intelligence,KIRO_CLI,CLI,MANUAL,spec,retail-analytics,human-in-loop,Browser,No MCP Invoked,3,Claude_Sonnet_4.6_messages,7.89,619,3620
2026-05-26T09:56:00Z,req-3468014d0a60,conv-4d241de9e1,d-92675051d5.a9a3e94b-b147-4fb7-9934-f5ea941fd110,Aisha Khan,AI SDLC Enablement Team,AI Delivery Acceleration,KIRO_CLI,CLI,MANUAL,automation,spec-orchestration,spec-driven,Browser,jira,7,Claude_Sonnet_4.6_messages,11.77,2021,10927
2026-05-26T10:36:00Z,req-e2eac83838b1,conv-62f6d2195b,d-92675051d5.a9a3e94b-b147-4fb7-9934-f5ea941fd110,Aisha Khan,AI SDLC Enablement Team,AI Delivery Acceleration,KIRO_CLI,CLI,MANUAL,spec,spec-orchestration,spec-driven,GitHub,aws-docs,4,Claude_Sonnet_4.6_messages,10.46,6423,1291
2026-05-26T10:36:00Z,req-5609a27c7acd,conv-644b2618de,d-92675051d5.a9a3e94b-b147-4fb7-9934-f5ea941fd110,Aisha Khan,AI SDLC Enablement Team,AI Delivery Acceleration,KIRO_IDE,IDE,MANUAL,spec,spec-orchestration,orchestrated-multi-agent,Jira,github,1,Claude_Sonnet_4.6_messages,22.82,3822,2697
2026-05-26T10:47:00Z,req-c9619d6f6836,conv-62f6d2195b,d-92675051d5.a9a3e94b-b147-4fb7-9934-f5ea941fd110,Aisha Khan,AI SDLC Enablement Team,AI Delivery Acceleration,KIRO_IDE,IDE,MANUAL,spec,spec-orchestration,spec-driven,Browser,jira,1,Claude_Opus_4.6_messages,25.17,3100,7802
2026-05-26T10:57:00Z,req-0101d829bfa1,conv-4d241de9e1,d-92675051d5.a9a3e94b-b147-4fb7-9934-f5ea941fd110,Aisha Khan,AI SDLC Enablement Team,AI Delivery Acceleration,KIRO_IDE,IDE,MANUAL,mcp-tool,spec-orchestration,spec-driven,GitHub,No MCP Invoked,6,Claude_Sonnet_4.6_messages,31.5,748,11110
2026-05-26T11:48:00Z,req-66dd3750f710,conv-bea32f9a17,d-92675051d5.4a0a1ddb-32de-4237-b40f-cbc81f6ae105,Omar Haddad,Retail Analytics Team,Retail Intelligence,KIRO_IDE,IDE,MANUAL,mcp-tool,retail-analytics,spec-driven,GitHub,No MCP Invoked,8,Claude_Sonnet_4.6_messages,2.57,2046,4301
2026-05-26T12:12:00Z,req-e53570bf7410,conv-a82fe09a3a,d-92675051d5.a9a3e94b-b147-4fb7-9934-f5ea941fd110,Aisha Khan,AI SDLC Enablement Team,AI Delivery Acceleration,KIRO_IDE,IDE,MANUAL,automation,spec-orchestration,spec-driven,Jira,aws-docs,0,Claude_Sonnet_4.6_messages,24.74,3252,11825
2026-05-26T12:17:00Z,req-62490ca38a49,conv-3858e7b6e3,d-92675051d5.0ec463de-81c2-4f79-9d4c-029f7bb0f101,Priya Nair,Payments Modernization Team,Payments Transformation,KIRO_CLI,CLI,INLINE_CHAT,review,legacy-modernization,spec-driven,Direct Kiro,No MCP Invoked,2,Auto_messages,6.86,4344,10521
2026-05-26T12:20:00Z,req-e877c17d4e58,conv-86277f398b,d-92675051d5.9b1ac779-7da0-470f-bfd8-fba1849ca111,Ben Foster,AI SDLC Enablement Team,AI Delivery Acceleration,KIRO_IDE,IDE,INLINE_CHAT,review,guardrail-evaluation,orchestrated-multi-agent,GitHub,aws-docs,8,Claude_Sonnet_4.6_messages,24.29,5147,2157
2026-05-26T12:46:00Z,req-fe276c479e67,conv-a722ed8066,d-92675051d5.9b1ac779-7da0-470f-bfd8-fba1849ca111,Ben Foster,AI SDLC Enablement Team,AI Delivery Acceleration,KIRO_CLI,CLI,MANUAL,chat,guardrail-evaluation,spec-driven,GitHub,github,1,Claude_Sonnet_4.6_messages,15.23,371,9756
2026-05-26T12:47:00Z,req-d2639399690c,conv-3c5b7fe9f8,d-92675051d5.838f6b85-1e72-4404-a193-f1b0dc79d107,Elena Garcia,Platform Reliability Engineering,Platform Reliability,KIRO_CLI,CLI,MANUAL,cli-chat,platform-hardening,human-in-loop,Direct Kiro,No MCP Invoked,2,Claude_Sonnet_4.6_messages,5.18,2234,2331
2026-05-26T12:52:00Z,req-2479b719109d,conv-2ae9da7298,d-92675051d5.33a7a52f-dbf7-4f6b-89c9-43d30a61e104,Nina Patel,Retail Analytics Team,Retail Intelligence,KIRO_CLI,CLI,MANUAL,plugin-action,retail-analytics,spec-driven,Direct Kiro,github,8,Claude_Sonnet_4.6_messages,8.44,4349,1241
2026-05-26T12:56:00Z,req-c2010c1c5752,conv-3868dee7d1,d-92675051d5.33a7a52f-dbf7-4f6b-89c9-43d30a61e104,Nina Patel,Retail Analytics Team,Retail Intelligence,KIRO_CLI,CLI,MANUAL,chat,retail-analytics,single-agent,Browser,No MCP Invoked,3,DeepSeek_V3.2_messages,12.07,4678,3279
2026-05-26T13:02:00Z,req-767aee65b1a8,conv-9eeb9cd1fd,d-92675051d5.797d1e6c-6d5f-41a9-8dc7-53d2ef14e102,Marco Silva,Payments Modernization Team,Payments Transformation,PLUGIN,PLUGIN,INLINE_CHAT,review,test-generation,spec-driven,Direct Kiro,github,6,Claude_Sonnet_4.6_messages,9.0,2059,9467
2026-05-26T13:12:00Z,req-198e05d6bc98,conv-06470ee9a3,d-92675051d5.a9a3e94b-b147-4fb7-9934-f5ea941fd110,Aisha Khan,AI SDLC Enablement Team,AI Delivery Acceleration,KIRO_CLI,CLI,MANUAL,spec,spec-orchestration,spec-driven,Jira,github,3,Claude_Sonnet_4.6_messages,14.32,1053,4387
2026-05-26T13:15:00Z,req-afa71d60a92e,conv-edc073c1df,d-92675051d5.838f6b85-1e72-4404-a193-f1b0dc79d107,Elena Garcia,Platform Reliability Engineering,Platform Reliability,KIRO_IDE,IDE,MANUAL,mcp-tool,platform-hardening,single-agent,Direct Kiro,No MCP Invoked,0,Claude_Opus_4.6_messages,3.35,553,9586
2026-05-26T13:20:00Z,req-c791628e8a18,conv-9f84ad8dd3,d-92675051d5.33a7a52f-dbf7-4f6b-89c9-43d30a61e104,Nina Patel,Retail Analytics Team,Retail Intelligence,KIRO_CLI,CLI,MANUAL,plugin-action,retail-analytics,single-agent,Direct Kiro,github,1,Claude_Sonnet_4.6_messages,7.92,3168,6341
2026-05-26T13:27:00Z,req-15e2f9ddb859,conv-89bb979117,d-92675051d5.33a7a52f-dbf7-4f6b-89c9-43d30a61e104,Nina Patel,Retail Analytics Team,Retail Intelligence,KIRO_CLI,CLI,MANUAL,mcp-tool,retail-analytics,spec-driven,Browser,No MCP Invoked,7,Claude_Sonnet_4.6_messages,12.16,2161,1712
2026-05-26T13:33:00Z,req-7af5aa37c355,conv-f35b0e8901,d-92675051d5.0ec463de-81c2-4f79-9d4c-029f7bb0f101,Priya Nair,Payments Modernization Team,Payments Transformation,KIRO_CLI,CLI,INLINE_CHAT,review,legacy-modernization,spec-driven,Direct Kiro,aws-docs,3,Claude_Sonnet_4.6_messages,4.54,4427,10236
2026-05-26T13:42:00Z,req-5cfa3308ce11,conv-f35b0e8901,d-92675051d5.0ec463de-81c2-4f79-9d4c-029f7bb0f101,Priya Nair,Payments Modernization Team,Payments Transformation,KIRO_IDE,IDE,MANUAL,chat,legacy-modernization,human-in-loop,GitHub,aws-docs,8,Claude_Sonnet_4.6_messages,11.16,1341,5199
2026-05-26T13:46:00Z,req-04ccab5bc277,conv-3dc64d9474,d-92675051d5.59888cc4-2dac-4454-a84e-b7968ad4e112,Chloe Martin,AI SDLC Enablement Team,AI Delivery Acceleration,KIRO_IDE,IDE,MANUAL,mcp-tool,spec-orchestration,spec-driven,GitHub,aws-docs,1,DeepSeek_V3.2_messages,6.58,2101,7931
2026-05-26T13:47:00Z,req-0fb6c214487f,conv-474101de2b,d-92675051d5.0ec463de-81c2-4f79-9d4c-029f7bb0f101,Priya Nair,Payments Modernization Team,Payments Transformation,KIRO_CLI,CLI,MANUAL,chat,legacy-modernization,single-agent,GitHub,No MCP Invoked,0,Claude_Sonnet_4.6_messages,5.2,4013,9718
2026-05-26T13:52:00Z,req-821c9464e1a7,conv-8ad951ab1c,d-92675051d5.838f6b85-1e72-4404-a193-f1b0dc79d107,Elena Garcia,Platform Reliability Engineering,Platform Reliability,KIRO_CLI,CLI,MANUAL,hook,platform-hardening,human-in-loop,Direct Kiro,No MCP Invoked,1,Claude_Sonnet_4.6_messages,3.99,5444,4742
2026-05-26T14:28:00Z,req-e3ad4cdf8afc,conv-52e2c5b0de,d-92675051d5.838f6b85-1e72-4404-a193-f1b0dc79d107,Elena Garcia,Platform Reliability Engineering,Platform Reliability,KIRO_IDE,IDE,MANUAL,hook,platform-hardening,single-agent,Direct Kiro,No MCP Invoked,3,Claude_Sonnet_4.6_messages,4.16,4596,2723
2026-05-26T14:35:00Z,req-513e7f01b078,conv-4433a3711b,d-92675051d5.59888cc4-2dac-4454-a84e-b7968ad4e112,Chloe Martin,AI SDLC Enablement Team,AI Delivery Acceleration,KIRO_IDE,IDE,MANUAL,chat,spec-orchestration,spec-driven,GitHub,No MCP Invoked,8,Qwen3_Coder_Next_messages,6.12,1527,2422
2026-05-26T15:13:00Z,req-8cc8c454b5f0,conv-06470ee9a3,d-92675051d5.a9a3e94b-b147-4fb7-9934-f5ea941fd110,Aisha Khan,AI SDLC Enablement Team,AI Delivery Acceleration,KIRO_IDE,IDE,MANUAL,chat,spec-orchestration,spec-driven,Direct Kiro,jira,8,Claude_Sonnet_4.6_messages,31.62,1121,2156
2026-05-26T15:15:00Z,req-bd51858e82b4,conv-57d084e4dc,d-92675051d5.4a0a1ddb-32de-4237-b40f-cbc81f6ae105,Omar Haddad,Retail Analytics Team,Retail Intelligence,KIRO_IDE,IDE,MANUAL,plugin-action,retail-analytics,single-agent,Browser,aws-docs,1,Qwen3_Coder_Next_messages,3.63,4012,6675
2026-05-26T15:22:00Z,req-583731e58a14,conv-4756b8579f,d-92675051d5.9b1ac779-7da0-470f-bfd8-fba1849ca111,Ben Foster,AI SDLC Enablement Team,AI Delivery Acceleration,KIRO_IDE,IDE,INLINE_CHAT,review,guardrail-evaluation,orchestrated-multi-agent,Browser,github,5,DeepSeek_V3.2_messages,18.32,1632,4079
2026-05-26T15:24:00Z,req-c9fa8d4c6679,conv-948090f430,d-92675051d5.59888cc4-2dac-4454-a84e-b7968ad4e112,Chloe Martin,AI SDLC Enablement Team,AI Delivery Acceleration,KIRO_IDE,IDE,MANUAL,spec,spec-orchestration,orchestrated-multi-agent,Browser,jira,3,Claude_Sonnet_4.6_messages,4.87,3627,3462
2026-05-26T15:29:00Z,req-8a0ce3c3d6ce,conv-fbf581a082,d-92675051d5.59888cc4-2dac-4454-a84e-b7968ad4e112,Chloe Martin,AI SDLC Enablement Team,AI Delivery Acceleration,KIRO_IDE,IDE,MANUAL,mcp-tool,spec-orchestration,human-in-loop,Jira,aws-docs,7,Claude_Sonnet_4.6_messages,5.87,3147,7740
2026-05-26T15:35:00Z,req-9d00a114e066,conv-8ad951ab1c,d-92675051d5.838f6b85-1e72-4404-a193-f1b0dc79d107,Elena Garcia,Platform Reliability Engineering,Platform Reliability,KIRO_IDE,IDE,MANUAL,hook,platform-hardening,human-in-loop,AWS Docs,No MCP Invoked,8,Claude_Sonnet_4.6_messages,4.08,3959,2908
2026-05-26T15:38:00Z,req-249f02d5e908,conv-3c5b7fe9f8,d-92675051d5.838f6b85-1e72-4404-a193-f1b0dc79d107,Elena Garcia,Platform Reliability Engineering,Platform Reliability,KIRO_IDE,IDE,INLINE_CHAT,review,platform-hardening,single-agent,Direct Kiro,github,4,Claude_Sonnet_4.6_messages,4.54,5570,7025
2026-05-26T16:00:00Z,req-6edac5cb925d,conv-f94c62943d,d-92675051d5.0ec463de-81c2-4f79-9d4c-029f7bb0f101,Priya Nair,Payments Modernization Team,Payments Transformation,KIRO_IDE,IDE,MANUAL,transform,legacy-modernization,human-in-loop,Direct Kiro,aws-docs,2,Qwen3_Coder_Next_messages,8.84,3675,9886
2026-05-26T16:06:00Z,req-67465e17825b,conv-a722ed8066,d-92675051d5.9b1ac779-7da0-470f-bfd8-fba1849ca111,Ben Foster,AI SDLC Enablement Team,AI Delivery Acceleration,KIRO_IDE,IDE,MANUAL,chat,guardrail-evaluation,spec-driven,GitHub,aws-docs,3,Claude_Sonnet_4.6_messages,31.87,3944,8429
2026-05-26T16:06:00Z,req-767e0709ee00,conv-86277f398b,d-92675051d5.9b1ac779-7da0-470f-bfd8-fba1849ca111,Ben Foster,AI SDLC Enablement Team,AI Delivery Acceleration,PLUGIN,PLUGIN,INLINE_CHAT,review,guardrail-evaluation,human-in-loop,Browser,jira,8,Qwen3_Coder_Next_messages,9.12,698,11880
2026-05-26T16:08:00Z,req-038f79328aed,conv-86277f398b,d-92675051d5.9b1ac779-7da0-470f-bfd8-fba1849ca111,Ben Foster,AI SDLC Enablement Team,AI Delivery Acceleration,KIRO_CLI,CLI,MANUAL,automation,guardrail-evaluation,human-in-loop,Jira,jira,0,Qwen3_Coder_Next_messages,19.83,3039,11941
2026-05-26T16:29:00Z,req-1a886719ac92,conv-53eca333e6,d-92675051d5.0ec463de-81c2-4f79-9d4c-029f7bb0f101,Priya Nair,Payments Modernization Team,Payments Transformation,KIRO_CLI,CLI,MANUAL,transform,legacy-modernization,human-in-loop,Direct Kiro,github,5,Claude_Sonnet_4.6_messages,4.73,1466,7805
2026-05-26T16:41:00Z,req-b217fa356166,conv-a82fe09a3a,d-92675051d5.a9a3e94b-b147-4fb7-9934-f5ea941fd110,Aisha Khan,AI SDLC Enablement Team,AI Delivery Acceleration,KIRO_CLI,CLI,MANUAL,chat,spec-orchestration,orchestrated-multi-agent,Browser,No MCP Invoked,7,Claude_Sonnet_4.6_messages,8.54,5180,3761
2026-05-26T16:50:00Z,req-b0f2d4a88b00,conv-5a525adb6e,d-92675051d5.4a0a1ddb-32de-4237-b40f-cbc81f6ae105,Omar Haddad,Retail Analytics Team,Retail Intelligence,KIRO_IDE,IDE,MANUAL,mcp-tool,retail-analytics,single-agent,Browser,github,4,Qwen3_Coder_Next_messages,3.78,4775,7625
2026-05-26T16:50:00Z,req-22515fc96566,conv-4756b8579f,d-92675051d5.9b1ac779-7da0-470f-bfd8-fba1849ca111,Ben Foster,AI SDLC Enablement Team,AI Delivery Acceleration,KIRO_CLI,CLI,INLINE_CHAT,review,guardrail-evaluation,human-in-loop,Direct Kiro,aws-docs,6,Claude_Sonnet_4.6_messages,20.91,4154,9495
2026-05-26T17:10:00Z,req-6d77d09a3d96,conv-474101de2b,d-92675051d5.0ec463de-81c2-4f79-9d4c-029f7bb0f101,Priya Nair,Payments Modernization Team,Payments Transformation,KIRO_IDE,IDE,MANUAL,chat,legacy-modernization,spec-driven,AWS Transform,No MCP Invoked,4,Claude_Sonnet_4.6_messages,8.46,2399,10087
2026-05-26T17:22:00Z,req-e636de669db1,conv-52e2c5b0de,d-92675051d5.838f6b85-1e72-4404-a193-f1b0dc79d107,Elena Garcia,Platform Reliability Engineering,Platform Reliability,KIRO_CLI,CLI,MANUAL,hook,platform-hardening,single-agent,Direct Kiro,aws-docs,4,Auto_messages,3.85,6369,11204
2026-05-26T17:41:00Z,req-02f4bc5191f4,conv-a5a8aef742,d-92675051d5.9b1ac779-7da0-470f-bfd8-fba1849ca111,Ben Foster,AI SDLC Enablement Team,AI Delivery Acceleration,KIRO_IDE,IDE,MANUAL,mcp-tool,guardrail-evaluation,spec-driven,GitHub,jira,5,Claude_Sonnet_4.6_messages,23.62,3725,7878
2026-05-26T17:52:00Z,req-53ef0900b249,conv-c3c832db68,d-92675051d5.838f6b85-1e72-4404-a193-f1b0dc79d107,Elena Garcia,Platform Reliability Engineering,Platform Reliability,KIRO_IDE,IDE,MANUAL,mcp-tool,platform-hardening,single-agent,GitHub,aws-docs,1,Claude_Opus_4.6_messages,2.39,2489,10863
2026-05-26T17:56:00Z,req-d39691dc3df9,conv-3858e7b6e3,d-92675051d5.0ec463de-81c2-4f79-9d4c-029f7bb0f101,Priya Nair,Payments Modernization Team,Payments Transformation,KIRO_IDE,IDE,MANUAL,spec,legacy-modernization,spec-driven,AWS Transform,No MCP Invoked,3,Claude_Sonnet_4.6_messages,10.09,4655,5680
2026-05-26T17:58:00Z,req-a2776cf478b0,conv-5bd281a364,d-92675051d5.797d1e6c-6d5f-41a9-8dc7-53d2ef14e102,Marco Silva,Payments Modernization Team,Payments Transformation,PLUGIN,PLUGIN,MANUAL,plugin-action,test-generation,human-in-loop,GitHub,github,8,Auto_messages,13.95,624,10970
2026-05-26T18:04:00Z,req-46cc5685c497,conv-a722ed8066,d-92675051d5.9b1ac779-7da0-470f-bfd8-fba1849ca111,Ben Foster,AI SDLC Enablement Team,AI Delivery Acceleration,PLUGIN,PLUGIN,MANUAL,automation,guardrail-evaluation,human-in-loop,Browser,jira,8,Claude_Sonnet_4.6_messages,9.98,3968,7620
2026-05-26T18:12:00Z,req-da1d368e8814,conv-10ef02bc41,d-92675051d5.59888cc4-2dac-4454-a84e-b7968ad4e112,Chloe Martin,AI SDLC Enablement Team,AI Delivery Acceleration,KIRO_IDE,IDE,MANUAL,chat,spec-orchestration,spec-driven,Direct Kiro,aws-docs,3,DeepSeek_V3.2_messages,3.71,5137,1058
2026-05-26T18:38:00Z,req-b28222c0cbad,conv-cff70e729f,d-92675051d5.9b1ac779-7da0-470f-bfd8-fba1849ca111,Ben Foster,AI SDLC Enablement Team,AI Delivery Acceleration,KIRO_IDE,IDE,MANUAL,automation,guardrail-evaluation,human-in-loop,Browser,jira,4,Auto_messages,26.33,1306,9127
2026-05-26T18:54:00Z,req-e1b0e2af533d,conv-cff70e729f,d-92675051d5.9b1ac779-7da0-470f-bfd8-fba1849ca111,Ben Foster,AI SDLC Enablement Team,AI Delivery Acceleration,KIRO_CLI,CLI,INLINE_CHAT,review,guardrail-evaluation,human-in-loop,GitHub,github,3,Claude_Sonnet_4.6_messages,13.36,1590,2006
2026-05-26T18:55:00Z,req-d9c666513a77,conv-644b2618de,d-92675051d5.a9a3e94b-b147-4fb7-9934-f5ea941fd110,Aisha Khan,AI SDLC Enablement Team,AI Delivery Acceleration,KIRO_CLI,CLI,MANUAL,mcp-tool,spec-orchestration,spec-driven,Direct Kiro,jira,2,Claude_Sonnet_4.6_messages,10.31,4053,9722
