Log_Date,Log_File_Path,Prompt,Chat_Trigger_Type,Customization_Arn,UserId,TimeStamp_UTC,Assistant_Response,Followup_Prompts,Conversation_Id,Utterance_Id,Code_Reference_Events_JSON,Supplementary_Web_Links_JSON,Supplementary_Web_Links_Count,Request_Id
2026-05-13,prompt-logs/chat/2026/05/13/kiro_chat_prompt_log.json,What guardrails should we add so SRE investigations use tools first and only escalate to larger models when needed?,MANUAL,,d-92675051d5.838f6b85-1e72-4404-a193-f1b0dc79d107,2026-05-13T16:15:00Z,"Start with deterministic checks such as logs, metrics, config diffs, and runbooks. Escalate to a larger model only after those signals are summarized, and require the final prompt to include the incident scope and exact evidence instead of raw dumps.",Can you draft a hook policy that enforces that escalation pattern?,conv-68ac4a536a,,[],[],0,req-00e641e79ed4
2026-05-13,prompt-logs/chat/2026/05/13/kiro_chat_prompt_log.json,What guardrails should we add so SRE investigations use tools first and only escalate to larger models when needed?,MANUAL,,d-92675051d5.3b537ba7-2c3b-4a6c-aec6-61e594bd1109,2026-05-13T17:54:00Z,"Start with deterministic checks such as logs, metrics, config diffs, and runbooks. Escalate to a larger model only after those signals are summarized, and require the final prompt to include the incident scope and exact evidence instead of raw dumps.",Can you draft a hook policy that enforces that escalation pattern?,conv-996f54b983,,[],[],0,req-02cfc857f13f
2026-05-13,prompt-logs/chat/2026/05/13/kiro_chat_prompt_log.json,Design an AI SDLC flow that gives us visibility into which orchestration steps are driving most of the Kiro usage.,MANUAL,,d-92675051d5.a9a3e94b-b147-4fb7-9934-f5ea941fd110,2026-05-13T17:35:00Z,"Label each step in the orchestration chain and persist request metadata with a workflow stage tag such as discovery, planning, implementation, review, or validation. With those tags you can attribute credits to the exact stage and then adjust routing or context budgets where the spikes occur.",What tags should we standardize on for multi-agent SDLC workflows?,conv-e720c5588c,,[],"[{""uri"":""https://docs.aws.amazon.com/quicksight/latest/user/welcome.html"",""title"":""[1] Amazon QuickSight User Guide"",""snippet"":""Guidance for building dashboards and visual analyses in Amazon QuickSight.""}]",1,req-03f7ba58bda9
2026-05-13,prompt-logs/chat/2026/05/13/kiro_chat_prompt_log.json,What guardrails should we add so SRE investigations use tools first and only escalate to larger models when needed?,MANUAL,,d-92675051d5.6273ba8a-bb02-425f-b443-3d4dcb2c9108,2026-05-13T18:57:00Z,"Start with deterministic checks such as logs, metrics, config diffs, and runbooks. Escalate to a larger model only after those signals are summarized, and require the final prompt to include the incident scope and exact evidence instead of raw dumps.",Can you draft a hook policy that enforces that escalation pattern?,conv-514c9cca33,,[],[],0,req-0480e877a47c
2026-05-13,prompt-logs/chat/2026/05/13/kiro_chat_prompt_log.json,"Given this payment service refactor plan, where are we likely over-pulling context and increasing hallucination risk?",MANUAL,,d-92675051d5.0ec463de-81c2-4f79-9d4c-029f7bb0f101,2026-05-13T15:56:00Z,"The highest risk is sending every service, DTO, and migration file into the same request. Split discovery from implementation, summarize upstream contracts first, and only attach files directly relevant to the current change set.",What should the step-by-step agent flow look like after that split?,conv-fc6dee6807,,[],[],0,req-07d0760b9b0f
2026-05-13,prompt-logs/chat/2026/05/13/kiro_chat_prompt_log.json,Review this modernization workflow and suggest how we should route simple code transforms versus deeper architecture questions to control Kiro credit usage.,MANUAL,,d-92675051d5.0ec463de-81c2-4f79-9d4c-029f7bb0f101,2026-05-13T16:55:00Z,Use a lighter default path for single-file transforms and reserve the higher-cost model only for cross-file refactors or design decisions. Add a first pass that trims unchanged files from context and sends documentation lookups to tools instead of the primary chat model.,"Can you turn that into a policy table for transform, review, and architecture tasks?",conv-5cc991a3e7,,[],"[{""uri"":""https://docs.aws.amazon.com/lambda/latest/dg/welcome.html"",""title"":""[1] AWS Lambda Developer Guide"",""snippet"":""Developer guide for building, deploying, and operating AWS Lambda functions.""}]",1,req-12e223befc9c
2026-05-13,prompt-logs/chat/2026/05/13/kiro_chat_prompt_log.json,What guardrails should we add so SRE investigations use tools first and only escalate to larger models when needed?,INLINE_CHAT,,d-92675051d5.6273ba8a-bb02-425f-b443-3d4dcb2c9108,2026-05-13T13:14:00Z,"Start with deterministic checks such as logs, metrics, config diffs, and runbooks. Escalate to a larger model only after those signals are summarized, and require the final prompt to include the incident scope and exact evidence instead of raw dumps.",Can you draft a hook policy that enforces that escalation pattern?,conv-c3c4f6daf2,,[],[],0,req-1487d5095aa3
2026-05-13,prompt-logs/chat/2026/05/13/kiro_chat_prompt_log.json,Help me reduce credit burn in our automated test-generation loop without losing coverage.,MANUAL,,d-92675051d5.797d1e6c-6d5f-41a9-8dc7-53d2ef14e102,2026-05-13T16:46:00Z,"Generate a lightweight test plan first, then ask Kiro to produce tests only for the selected cases. Reuse repository summaries across runs and gate expensive review passes behind coverage or failure thresholds.","Can you show a low-cost orchestration pattern for plan, generate, and review?",conv-363830abec,,[],[],0,req-151c2e34d21e
2026-05-13,prompt-logs/chat/2026/05/13/kiro_chat_prompt_log.json,We want to evaluate whether our guardrail prompts are too broad and causing unnecessary token usage. What is the fastest way to inspect that?,MANUAL,,d-92675051d5.9b1ac779-7da0-470f-bfd8-fba1849ca111,2026-05-13T16:04:00Z,"Compare the longest prompts against the workflows they serve and look for repeated policy text, duplicated file context, and tool instructions that never trigger. Move stable policy into hooks or reusable templates and keep run-specific prompts focused on the actual task.",Can you propose a prompt review checklist for cost and hallucination risk?,conv-d0fb666d81,,[],[],0,req-156abdac3785
2026-05-13,prompt-logs/chat/2026/05/13/kiro_chat_prompt_log.json,Help me reduce credit burn in our automated test-generation loop without losing coverage.,MANUAL,,d-92675051d5.797d1e6c-6d5f-41a9-8dc7-53d2ef14e102,2026-05-13T11:24:00Z,"Generate a lightweight test plan first, then ask Kiro to produce tests only for the selected cases. Reuse repository summaries across runs and gate expensive review passes behind coverage or failure thresholds.","Can you show a low-cost orchestration pattern for plan, generate, and review?",conv-0a4c853441,,[],[],0,req-18fa8072abd3
2026-05-13,prompt-logs/chat/2026/05/13/kiro_chat_prompt_log.json,Help me reduce credit burn in our automated test-generation loop without losing coverage.,MANUAL,,d-92675051d5.797d1e6c-6d5f-41a9-8dc7-53d2ef14e102,2026-05-13T12:47:00Z,"Generate a lightweight test plan first, then ask Kiro to produce tests only for the selected cases. Reuse repository summaries across runs and gate expensive review passes behind coverage or failure thresholds.","Can you show a low-cost orchestration pattern for plan, generate, and review?",conv-89a35e5880,,[],[],0,req-193de261ee49
2026-05-13,prompt-logs/chat/2026/05/13/kiro_chat_prompt_log.json,"Given this payment service refactor plan, where are we likely over-pulling context and increasing hallucination risk?",MANUAL,,d-92675051d5.0ec463de-81c2-4f79-9d4c-029f7bb0f101,2026-05-13T16:38:00Z,"The highest risk is sending every service, DTO, and migration file into the same request. Split discovery from implementation, summarize upstream contracts first, and only attach files directly relevant to the current change set.",What should the step-by-step agent flow look like after that split?,conv-5cc991a3e7,,[],[],0,req-1ad38fdf50f6
2026-05-13,prompt-logs/chat/2026/05/13/kiro_chat_prompt_log.json,What guardrails should we add so SRE investigations use tools first and only escalate to larger models when needed?,MANUAL,,d-92675051d5.838f6b85-1e72-4404-a193-f1b0dc79d107,2026-05-13T16:03:00Z,"Start with deterministic checks such as logs, metrics, config diffs, and runbooks. Escalate to a larger model only after those signals are summarized, and require the final prompt to include the incident scope and exact evidence instead of raw dumps.",Can you draft a hook policy that enforces that escalation pattern?,conv-f9e7c567c7,,[],[],0,req-1cde68d9d941
2026-05-13,prompt-logs/chat/2026/05/13/kiro_chat_prompt_log.json,Design an AI SDLC flow that gives us visibility into which orchestration steps are driving most of the Kiro usage.,MANUAL,,d-92675051d5.a9a3e94b-b147-4fb7-9934-f5ea941fd110,2026-05-13T16:41:00Z,"Label each step in the orchestration chain and persist request metadata with a workflow stage tag such as discovery, planning, implementation, review, or validation. With those tags you can attribute credits to the exact stage and then adjust routing or context budgets where the spikes occur.",What tags should we standardize on for multi-agent SDLC workflows?,conv-db4028e4f8,,[],"[{""uri"":""https://docs.aws.amazon.com/quicksight/latest/user/welcome.html"",""title"":""[1] Amazon QuickSight User Guide"",""snippet"":""Guidance for building dashboards and visual analyses in Amazon QuickSight.""}]",1,req-2276bb085d17
2026-05-13,prompt-logs/chat/2026/05/13/kiro_chat_prompt_log.json,Design an AI SDLC flow that gives us visibility into which orchestration steps are driving most of the Kiro usage.,MANUAL,,d-92675051d5.a9a3e94b-b147-4fb7-9934-f5ea941fd110,2026-05-13T12:46:00Z,"Label each step in the orchestration chain and persist request metadata with a workflow stage tag such as discovery, planning, implementation, review, or validation. With those tags you can attribute credits to the exact stage and then adjust routing or context budgets where the spikes occur.",What tags should we standardize on for multi-agent SDLC workflows?,conv-c446303083,,[],"[{""uri"":""https://docs.aws.amazon.com/quicksight/latest/user/welcome.html"",""title"":""[1] Amazon QuickSight User Guide"",""snippet"":""Guidance for building dashboards and visual analyses in Amazon QuickSight.""}]",1,req-2bc1b47acb42
2026-05-13,prompt-logs/chat/2026/05/13/kiro_chat_prompt_log.json,"Given this payment service refactor plan, where are we likely over-pulling context and increasing hallucination risk?",MANUAL,,d-92675051d5.f12818d1-8f2c-4d54-9188-4f7224a4d103,2026-05-13T09:04:00Z,"The highest risk is sending every service, DTO, and migration file into the same request. Split discovery from implementation, summarize upstream contracts first, and only attach files directly relevant to the current change set.",What should the step-by-step agent flow look like after that split?,conv-47d541ba50,,[],[],0,req-39ba85c122c7
2026-05-13,prompt-logs/chat/2026/05/13/kiro_chat_prompt_log.json,Review this modernization workflow and suggest how we should route simple code transforms versus deeper architecture questions to control Kiro credit usage.,MANUAL,,d-92675051d5.0ec463de-81c2-4f79-9d4c-029f7bb0f101,2026-05-13T13:04:00Z,Use a lighter default path for single-file transforms and reserve the higher-cost model only for cross-file refactors or design decisions. Add a first pass that trims unchanged files from context and sends documentation lookups to tools instead of the primary chat model.,"Can you turn that into a policy table for transform, review, and architecture tasks?",conv-2a11c89df2,,[],"[{""uri"":""https://docs.aws.amazon.com/lambda/latest/dg/welcome.html"",""title"":""[1] AWS Lambda Developer Guide"",""snippet"":""Developer guide for building, deploying, and operating AWS Lambda functions.""}]",1,req-40c800c71f2a
2026-05-13,prompt-logs/chat/2026/05/13/kiro_chat_prompt_log.json,We want to evaluate whether our guardrail prompts are too broad and causing unnecessary token usage. What is the fastest way to inspect that?,MANUAL,,d-92675051d5.9b1ac779-7da0-470f-bfd8-fba1849ca111,2026-05-13T13:02:00Z,"Compare the longest prompts against the workflows they serve and look for repeated policy text, duplicated file context, and tool instructions that never trigger. Move stable policy into hooks or reusable templates and keep run-specific prompts focused on the actual task.",Can you propose a prompt review checklist for cost and hallucination risk?,conv-48930ba86f,,[],[],0,req-4239e199d1c5
2026-05-13,prompt-logs/chat/2026/05/13/kiro_chat_prompt_log.json,"Given this payment service refactor plan, where are we likely over-pulling context and increasing hallucination risk?",INLINE_CHAT,,d-92675051d5.0ec463de-81c2-4f79-9d4c-029f7bb0f101,2026-05-13T10:13:00Z,"The highest risk is sending every service, DTO, and migration file into the same request. Split discovery from implementation, summarize upstream contracts first, and only attach files directly relevant to the current change set.",What should the step-by-step agent flow look like after that split?,conv-fc6dee6807,,[],[],0,req-429027f2a3cb
2026-05-13,prompt-logs/chat/2026/05/13/kiro_chat_prompt_log.json,Help me reduce credit burn in our automated test-generation loop without losing coverage.,INLINE_CHAT,,d-92675051d5.797d1e6c-6d5f-41a9-8dc7-53d2ef14e102,2026-05-13T11:59:00Z,"Generate a lightweight test plan first, then ask Kiro to produce tests only for the selected cases. Reuse repository summaries across runs and gate expensive review passes behind coverage or failure thresholds.","Can you show a low-cost orchestration pattern for plan, generate, and review?",conv-89a35e5880,,[],[],0,req-430d86115bda
2026-05-13,prompt-logs/chat/2026/05/13/kiro_chat_prompt_log.json,We need per-user cost visibility for analytics workflows. What should we capture so we can separate exploratory prompts from production dashboard work?,MANUAL,,d-92675051d5.4a0a1ddb-32de-4237-b40f-cbc81f6ae105,2026-05-13T17:34:00Z,"Track the user, conversation, trigger type, and whether the request was an ad hoc question, spec task, or tool-assisted workflow. That separation makes it easier to route exploratory work to smaller models and keep scheduled or governed work on stricter guardrails.",Can you suggest dashboard dimensions for exploratory versus governed analytics work?,conv-bb178401aa,,[],"[{""uri"":""https://docs.aws.amazon.com/athena/latest/ug/what-is.html"",""title"":""[1] What is Amazon Athena?"",""snippet"":""Overview of using Amazon Athena to query data in Amazon S3.""}]",1,req-468fe7139659
2026-05-13,prompt-logs/chat/2026/05/13/kiro_chat_prompt_log.json,What guardrails should we add so SRE investigations use tools first and only escalate to larger models when needed?,MANUAL,,d-92675051d5.3b537ba7-2c3b-4a6c-aec6-61e594bd1109,2026-05-13T18:10:00Z,"Start with deterministic checks such as logs, metrics, config diffs, and runbooks. Escalate to a larger model only after those signals are summarized, and require the final prompt to include the incident scope and exact evidence instead of raw dumps.",Can you draft a hook policy that enforces that escalation pattern?,conv-996f54b983,,[],[],0,req-46a249637fbf
2026-05-13,prompt-logs/chat/2026/05/13/kiro_chat_prompt_log.json,What guardrails should we add so SRE investigations use tools first and only escalate to larger models when needed?,MANUAL,,d-92675051d5.838f6b85-1e72-4404-a193-f1b0dc79d107,2026-05-13T18:48:00Z,"Start with deterministic checks such as logs, metrics, config diffs, and runbooks. Escalate to a larger model only after those signals are summarized, and require the final prompt to include the incident scope and exact evidence instead of raw dumps.",Can you draft a hook policy that enforces that escalation pattern?,conv-f9e7c567c7,,[],[],0,req-4f1377bada48
2026-05-13,prompt-logs/chat/2026/05/13/kiro_chat_prompt_log.json,Review this modernization workflow and suggest how we should route simple code transforms versus deeper architecture questions to control Kiro credit usage.,MANUAL,,d-92675051d5.0ec463de-81c2-4f79-9d4c-029f7bb0f101,2026-05-13T18:42:00Z,Use a lighter default path for single-file transforms and reserve the higher-cost model only for cross-file refactors or design decisions. Add a first pass that trims unchanged files from context and sends documentation lookups to tools instead of the primary chat model.,"Can you turn that into a policy table for transform, review, and architecture tasks?",conv-a36f2d4e2f,,[],"[{""uri"":""https://docs.aws.amazon.com/lambda/latest/dg/welcome.html"",""title"":""[1] AWS Lambda Developer Guide"",""snippet"":""Developer guide for building, deploying, and operating AWS Lambda functions.""}]",1,req-5220fc190cc3
2026-05-13,prompt-logs/chat/2026/05/13/kiro_chat_prompt_log.json,Help me reduce credit burn in our automated test-generation loop without losing coverage.,MANUAL,,d-92675051d5.797d1e6c-6d5f-41a9-8dc7-53d2ef14e102,2026-05-13T15:48:00Z,"Generate a lightweight test plan first, then ask Kiro to produce tests only for the selected cases. Reuse repository summaries across runs and gate expensive review passes behind coverage or failure thresholds.","Can you show a low-cost orchestration pattern for plan, generate, and review?",conv-363830abec,,[],[],0,req-533ec5130710
2026-05-13,prompt-logs/chat/2026/05/13/kiro_chat_prompt_log.json,What guardrails should we add so SRE investigations use tools first and only escalate to larger models when needed?,INLINE_CHAT,,d-92675051d5.838f6b85-1e72-4404-a193-f1b0dc79d107,2026-05-13T16:36:00Z,"Start with deterministic checks such as logs, metrics, config diffs, and runbooks. Escalate to a larger model only after those signals are summarized, and require the final prompt to include the incident scope and exact evidence instead of raw dumps.",Can you draft a hook policy that enforces that escalation pattern?,conv-c95cfa0082,,[],[],0,req-557ad361a4a2
2026-05-13,prompt-logs/chat/2026/05/13/kiro_chat_prompt_log.json,Design an AI SDLC flow that gives us visibility into which orchestration steps are driving most of the Kiro usage.,MANUAL,,d-92675051d5.a9a3e94b-b147-4fb7-9934-f5ea941fd110,2026-05-13T16:12:00Z,"Label each step in the orchestration chain and persist request metadata with a workflow stage tag such as discovery, planning, implementation, review, or validation. With those tags you can attribute credits to the exact stage and then adjust routing or context budgets where the spikes occur.",What tags should we standardize on for multi-agent SDLC workflows?,conv-646ebceb1b,,[],"[{""uri"":""https://docs.aws.amazon.com/quicksight/latest/user/welcome.html"",""title"":""[1] Amazon QuickSight User Guide"",""snippet"":""Guidance for building dashboards and visual analyses in Amazon QuickSight.""}]",1,req-57d3468a66a1
2026-05-13,prompt-logs/chat/2026/05/13/kiro_chat_prompt_log.json,Help me reduce credit burn in our automated test-generation loop without losing coverage.,MANUAL,,d-92675051d5.797d1e6c-6d5f-41a9-8dc7-53d2ef14e102,2026-05-13T13:03:00Z,"Generate a lightweight test plan first, then ask Kiro to produce tests only for the selected cases. Reuse repository summaries across runs and gate expensive review passes behind coverage or failure thresholds.","Can you show a low-cost orchestration pattern for plan, generate, and review?",conv-a7939480a3,,[],[],0,req-59e96dc9294c
2026-05-13,prompt-logs/chat/2026/05/13/kiro_chat_prompt_log.json,We need per-user cost visibility for analytics workflows. What should we capture so we can separate exploratory prompts from production dashboard work?,MANUAL,,d-92675051d5.4a0a1ddb-32de-4237-b40f-cbc81f6ae105,2026-05-13T18:16:00Z,"Track the user, conversation, trigger type, and whether the request was an ad hoc question, spec task, or tool-assisted workflow. That separation makes it easier to route exploratory work to smaller models and keep scheduled or governed work on stricter guardrails.",Can you suggest dashboard dimensions for exploratory versus governed analytics work?,conv-c4d849f4d4,,[],"[{""uri"":""https://docs.aws.amazon.com/athena/latest/ug/what-is.html"",""title"":""[1] What is Amazon Athena?"",""snippet"":""Overview of using Amazon Athena to query data in Amazon S3.""}]",1,req-5e66b91399ed
2026-05-13,prompt-logs/chat/2026/05/13/kiro_chat_prompt_log.json,What guardrails should we add so SRE investigations use tools first and only escalate to larger models when needed?,MANUAL,,d-92675051d5.6273ba8a-bb02-425f-b443-3d4dcb2c9108,2026-05-13T12:02:00Z,"Start with deterministic checks such as logs, metrics, config diffs, and runbooks. Escalate to a larger model only after those signals are summarized, and require the final prompt to include the incident scope and exact evidence instead of raw dumps.",Can you draft a hook policy that enforces that escalation pattern?,conv-0006c28e64,,[],[],0,req-66ded3d34894
2026-05-13,prompt-logs/chat/2026/05/13/kiro_chat_prompt_log.json,We need per-user cost visibility for analytics workflows. What should we capture so we can separate exploratory prompts from production dashboard work?,MANUAL,,d-92675051d5.33a7a52f-dbf7-4f6b-89c9-43d30a61e104,2026-05-13T16:54:00Z,"Track the user, conversation, trigger type, and whether the request was an ad hoc question, spec task, or tool-assisted workflow. That separation makes it easier to route exploratory work to smaller models and keep scheduled or governed work on stricter guardrails.",Can you suggest dashboard dimensions for exploratory versus governed analytics work?,conv-2f52195220,,[],"[{""uri"":""https://docs.aws.amazon.com/athena/latest/ug/what-is.html"",""title"":""[1] What is Amazon Athena?"",""snippet"":""Overview of using Amazon Athena to query data in Amazon S3.""}]",1,req-67c0107de4f4
2026-05-13,prompt-logs/chat/2026/05/13/kiro_chat_prompt_log.json,Review this modernization workflow and suggest how we should route simple code transforms versus deeper architecture questions to control Kiro credit usage.,MANUAL,,d-92675051d5.0ec463de-81c2-4f79-9d4c-029f7bb0f101,2026-05-13T11:18:00Z,Use a lighter default path for single-file transforms and reserve the higher-cost model only for cross-file refactors or design decisions. Add a first pass that trims unchanged files from context and sends documentation lookups to tools instead of the primary chat model.,"Can you turn that into a policy table for transform, review, and architecture tasks?",conv-587d91c7c2,,[],"[{""uri"":""https://docs.aws.amazon.com/lambda/latest/dg/welcome.html"",""title"":""[1] AWS Lambda Developer Guide"",""snippet"":""Developer guide for building, deploying, and operating AWS Lambda functions.""}]",1,req-6ae4fd59d58b
2026-05-13,prompt-logs/chat/2026/05/13/kiro_chat_prompt_log.json,What guardrails should we add so SRE investigations use tools first and only escalate to larger models when needed?,MANUAL,,d-92675051d5.3b537ba7-2c3b-4a6c-aec6-61e594bd1109,2026-05-13T15:20:00Z,"Start with deterministic checks such as logs, metrics, config diffs, and runbooks. Escalate to a larger model only after those signals are summarized, and require the final prompt to include the incident scope and exact evidence instead of raw dumps.",Can you draft a hook policy that enforces that escalation pattern?,conv-9314484747,,[],[],0,req-709a96acae2e
2026-05-13,prompt-logs/chat/2026/05/13/kiro_chat_prompt_log.json,Design an AI SDLC flow that gives us visibility into which orchestration steps are driving most of the Kiro usage.,MANUAL,,d-92675051d5.a9a3e94b-b147-4fb7-9934-f5ea941fd110,2026-05-13T11:20:00Z,"Label each step in the orchestration chain and persist request metadata with a workflow stage tag such as discovery, planning, implementation, review, or validation. With those tags you can attribute credits to the exact stage and then adjust routing or context budgets where the spikes occur.",What tags should we standardize on for multi-agent SDLC workflows?,conv-ae54867b52,,[],"[{""uri"":""https://docs.aws.amazon.com/quicksight/latest/user/welcome.html"",""title"":""[1] Amazon QuickSight User Guide"",""snippet"":""Guidance for building dashboards and visual analyses in Amazon QuickSight.""}]",1,req-70da34956534
2026-05-13,prompt-logs/chat/2026/05/13/kiro_chat_prompt_log.json,What guardrails should we add so SRE investigations use tools first and only escalate to larger models when needed?,INLINE_CHAT,,d-92675051d5.6273ba8a-bb02-425f-b443-3d4dcb2c9108,2026-05-13T16:53:00Z,"Start with deterministic checks such as logs, metrics, config diffs, and runbooks. Escalate to a larger model only after those signals are summarized, and require the final prompt to include the incident scope and exact evidence instead of raw dumps.",Can you draft a hook policy that enforces that escalation pattern?,conv-28798af0e5,,[],[],0,req-72420f259c9e
2026-05-13,prompt-logs/chat/2026/05/13/kiro_chat_prompt_log.json,We need per-user cost visibility for analytics workflows. What should we capture so we can separate exploratory prompts from production dashboard work?,MANUAL,,d-92675051d5.7e23e16f-5eb6-49f0-8e5d-a84c5ad99106,2026-05-13T13:10:00Z,"Track the user, conversation, trigger type, and whether the request was an ad hoc question, spec task, or tool-assisted workflow. That separation makes it easier to route exploratory work to smaller models and keep scheduled or governed work on stricter guardrails.",Can you suggest dashboard dimensions for exploratory versus governed analytics work?,conv-d984e408fa,,[],"[{""uri"":""https://docs.aws.amazon.com/athena/latest/ug/what-is.html"",""title"":""[1] What is Amazon Athena?"",""snippet"":""Overview of using Amazon Athena to query data in Amazon S3.""}]",1,req-73379107ac3b
2026-05-13,prompt-logs/chat/2026/05/13/kiro_chat_prompt_log.json,What guardrails should we add so SRE investigations use tools first and only escalate to larger models when needed?,MANUAL,,d-92675051d5.838f6b85-1e72-4404-a193-f1b0dc79d107,2026-05-13T09:29:00Z,"Start with deterministic checks such as logs, metrics, config diffs, and runbooks. Escalate to a larger model only after those signals are summarized, and require the final prompt to include the incident scope and exact evidence instead of raw dumps.",Can you draft a hook policy that enforces that escalation pattern?,conv-68ac4a536a,,[],[],0,req-7653a608668f
2026-05-13,prompt-logs/chat/2026/05/13/kiro_chat_prompt_log.json,"Given this payment service refactor plan, where are we likely over-pulling context and increasing hallucination risk?",MANUAL,,d-92675051d5.f12818d1-8f2c-4d54-9188-4f7224a4d103,2026-05-13T12:28:00Z,"The highest risk is sending every service, DTO, and migration file into the same request. Split discovery from implementation, summarize upstream contracts first, and only attach files directly relevant to the current change set.",What should the step-by-step agent flow look like after that split?,conv-2b619b7ac5,,[],[],0,req-79c41a5079e4
2026-05-13,prompt-logs/chat/2026/05/13/kiro_chat_prompt_log.json,What guardrails should we add so SRE investigations use tools first and only escalate to larger models when needed?,MANUAL,,d-92675051d5.6273ba8a-bb02-425f-b443-3d4dcb2c9108,2026-05-13T15:41:00Z,"Start with deterministic checks such as logs, metrics, config diffs, and runbooks. Escalate to a larger model only after those signals are summarized, and require the final prompt to include the incident scope and exact evidence instead of raw dumps.",Can you draft a hook policy that enforces that escalation pattern?,conv-514c9cca33,,[],[],0,req-7d3934105c2a
2026-05-13,prompt-logs/chat/2026/05/13/kiro_chat_prompt_log.json,We want to evaluate whether our guardrail prompts are too broad and causing unnecessary token usage. What is the fastest way to inspect that?,MANUAL,,d-92675051d5.9b1ac779-7da0-470f-bfd8-fba1849ca111,2026-05-13T10:21:00Z,"Compare the longest prompts against the workflows they serve and look for repeated policy text, duplicated file context, and tool instructions that never trigger. Move stable policy into hooks or reusable templates and keep run-specific prompts focused on the actual task.",Can you propose a prompt review checklist for cost and hallucination risk?,conv-a1a47c7994,,[],[],0,req-87d8a1f3bf83
2026-05-13,prompt-logs/chat/2026/05/13/kiro_chat_prompt_log.json,What guardrails should we add so SRE investigations use tools first and only escalate to larger models when needed?,MANUAL,,d-92675051d5.3b537ba7-2c3b-4a6c-aec6-61e594bd1109,2026-05-13T13:56:00Z,"Start with deterministic checks such as logs, metrics, config diffs, and runbooks. Escalate to a larger model only after those signals are summarized, and require the final prompt to include the incident scope and exact evidence instead of raw dumps.",Can you draft a hook policy that enforces that escalation pattern?,conv-9314484747,,[],[],0,req-8c51fc60c118
2026-05-13,prompt-logs/chat/2026/05/13/kiro_chat_prompt_log.json,What guardrails should we add so SRE investigations use tools first and only escalate to larger models when needed?,MANUAL,,d-92675051d5.6273ba8a-bb02-425f-b443-3d4dcb2c9108,2026-05-13T14:52:00Z,"Start with deterministic checks such as logs, metrics, config diffs, and runbooks. Escalate to a larger model only after those signals are summarized, and require the final prompt to include the incident scope and exact evidence instead of raw dumps.",Can you draft a hook policy that enforces that escalation pattern?,conv-28798af0e5,,[],[],0,req-8cee807daa9a
2026-05-13,prompt-logs/chat/2026/05/13/kiro_chat_prompt_log.json,Review this modernization workflow and suggest how we should route simple code transforms versus deeper architecture questions to control Kiro credit usage.,MANUAL,,d-92675051d5.f12818d1-8f2c-4d54-9188-4f7224a4d103,2026-05-13T12:12:00Z,Use a lighter default path for single-file transforms and reserve the higher-cost model only for cross-file refactors or design decisions. Add a first pass that trims unchanged files from context and sends documentation lookups to tools instead of the primary chat model.,"Can you turn that into a policy table for transform, review, and architecture tasks?",conv-8c2041a7b7,,[],"[{""uri"":""https://docs.aws.amazon.com/lambda/latest/dg/welcome.html"",""title"":""[1] AWS Lambda Developer Guide"",""snippet"":""Developer guide for building, deploying, and operating AWS Lambda functions.""}]",1,req-8e3869204cca
2026-05-13,prompt-logs/chat/2026/05/13/kiro_chat_prompt_log.json,"Given this payment service refactor plan, where are we likely over-pulling context and increasing hallucination risk?",MANUAL,,d-92675051d5.f12818d1-8f2c-4d54-9188-4f7224a4d103,2026-05-13T12:28:00Z,"The highest risk is sending every service, DTO, and migration file into the same request. Split discovery from implementation, summarize upstream contracts first, and only attach files directly relevant to the current change set.",What should the step-by-step agent flow look like after that split?,conv-4d369529de,,[],[],0,req-92066c0d6f6e
2026-05-13,prompt-logs/chat/2026/05/13/kiro_chat_prompt_log.json,We need per-user cost visibility for analytics workflows. What should we capture so we can separate exploratory prompts from production dashboard work?,MANUAL,,d-92675051d5.33a7a52f-dbf7-4f6b-89c9-43d30a61e104,2026-05-13T14:26:00Z,"Track the user, conversation, trigger type, and whether the request was an ad hoc question, spec task, or tool-assisted workflow. That separation makes it easier to route exploratory work to smaller models and keep scheduled or governed work on stricter guardrails.",Can you suggest dashboard dimensions for exploratory versus governed analytics work?,conv-9e01b1e735,,[],"[{""uri"":""https://docs.aws.amazon.com/athena/latest/ug/what-is.html"",""title"":""[1] What is Amazon Athena?"",""snippet"":""Overview of using Amazon Athena to query data in Amazon S3.""}]",1,req-9832a80e2232
2026-05-13,prompt-logs/chat/2026/05/13/kiro_chat_prompt_log.json,What guardrails should we add so SRE investigations use tools first and only escalate to larger models when needed?,MANUAL,,d-92675051d5.6273ba8a-bb02-425f-b443-3d4dcb2c9108,2026-05-13T17:32:00Z,"Start with deterministic checks such as logs, metrics, config diffs, and runbooks. Escalate to a larger model only after those signals are summarized, and require the final prompt to include the incident scope and exact evidence instead of raw dumps.",Can you draft a hook policy that enforces that escalation pattern?,conv-c3c4f6daf2,,[],[],0,req-9dca2b9ab11e
2026-05-13,prompt-logs/chat/2026/05/13/kiro_chat_prompt_log.json,Design an AI SDLC flow that gives us visibility into which orchestration steps are driving most of the Kiro usage.,MANUAL,,d-92675051d5.a9a3e94b-b147-4fb7-9934-f5ea941fd110,2026-05-13T15:25:00Z,"Label each step in the orchestration chain and persist request metadata with a workflow stage tag such as discovery, planning, implementation, review, or validation. With those tags you can attribute credits to the exact stage and then adjust routing or context budgets where the spikes occur.",What tags should we standardize on for multi-agent SDLC workflows?,conv-c446303083,,[],"[{""uri"":""https://docs.aws.amazon.com/quicksight/latest/user/welcome.html"",""title"":""[1] Amazon QuickSight User Guide"",""snippet"":""Guidance for building dashboards and visual analyses in Amazon QuickSight.""}]",1,req-9dd2121d1c30
2026-05-13,prompt-logs/chat/2026/05/13/kiro_chat_prompt_log.json,We want to evaluate whether our guardrail prompts are too broad and causing unnecessary token usage. What is the fastest way to inspect that?,MANUAL,,d-92675051d5.9b1ac779-7da0-470f-bfd8-fba1849ca111,2026-05-13T17:37:00Z,"Compare the longest prompts against the workflows they serve and look for repeated policy text, duplicated file context, and tool instructions that never trigger. Move stable policy into hooks or reusable templates and keep run-specific prompts focused on the actual task.",Can you propose a prompt review checklist for cost and hallucination risk?,conv-02116471a4,,[],[],0,req-a07b9e7077bf
2026-05-13,prompt-logs/chat/2026/05/13/kiro_chat_prompt_log.json,What guardrails should we add so SRE investigations use tools first and only escalate to larger models when needed?,MANUAL,,d-92675051d5.838f6b85-1e72-4404-a193-f1b0dc79d107,2026-05-13T15:48:00Z,"Start with deterministic checks such as logs, metrics, config diffs, and runbooks. Escalate to a larger model only after those signals are summarized, and require the final prompt to include the incident scope and exact evidence instead of raw dumps.",Can you draft a hook policy that enforces that escalation pattern?,conv-c95cfa0082,,[],[],0,req-a1b501c69020
2026-05-13,prompt-logs/chat/2026/05/13/kiro_chat_prompt_log.json,We want to evaluate whether our guardrail prompts are too broad and causing unnecessary token usage. What is the fastest way to inspect that?,INLINE_CHAT,,d-92675051d5.9b1ac779-7da0-470f-bfd8-fba1849ca111,2026-05-13T10:10:00Z,"Compare the longest prompts against the workflows they serve and look for repeated policy text, duplicated file context, and tool instructions that never trigger. Move stable policy into hooks or reusable templates and keep run-specific prompts focused on the actual task.",Can you propose a prompt review checklist for cost and hallucination risk?,conv-48930ba86f,,[],[],0,req-a350d3e86ed5
2026-05-13,prompt-logs/chat/2026/05/13/kiro_chat_prompt_log.json,We need per-user cost visibility for analytics workflows. What should we capture so we can separate exploratory prompts from production dashboard work?,MANUAL,,d-92675051d5.33a7a52f-dbf7-4f6b-89c9-43d30a61e104,2026-05-13T13:36:00Z,"Track the user, conversation, trigger type, and whether the request was an ad hoc question, spec task, or tool-assisted workflow. That separation makes it easier to route exploratory work to smaller models and keep scheduled or governed work on stricter guardrails.",Can you suggest dashboard dimensions for exploratory versus governed analytics work?,conv-b620965609,,[],"[{""uri"":""https://docs.aws.amazon.com/athena/latest/ug/what-is.html"",""title"":""[1] What is Amazon Athena?"",""snippet"":""Overview of using Amazon Athena to query data in Amazon S3.""}]",1,req-a52caf151b3b
2026-05-13,prompt-logs/chat/2026/05/13/kiro_chat_prompt_log.json,Review this modernization workflow and suggest how we should route simple code transforms versus deeper architecture questions to control Kiro credit usage.,MANUAL,,d-92675051d5.0ec463de-81c2-4f79-9d4c-029f7bb0f101,2026-05-13T16:58:00Z,Use a lighter default path for single-file transforms and reserve the higher-cost model only for cross-file refactors or design decisions. Add a first pass that trims unchanged files from context and sends documentation lookups to tools instead of the primary chat model.,"Can you turn that into a policy table for transform, review, and architecture tasks?",conv-587d91c7c2,,[],"[{""uri"":""https://docs.aws.amazon.com/lambda/latest/dg/welcome.html"",""title"":""[1] AWS Lambda Developer Guide"",""snippet"":""Developer guide for building, deploying, and operating AWS Lambda functions.""}]",1,req-a71d172f5867
2026-05-13,prompt-logs/chat/2026/05/13/kiro_chat_prompt_log.json,We need per-user cost visibility for analytics workflows. What should we capture so we can separate exploratory prompts from production dashboard work?,MANUAL,,d-92675051d5.7e23e16f-5eb6-49f0-8e5d-a84c5ad99106,2026-05-13T09:16:00Z,"Track the user, conversation, trigger type, and whether the request was an ad hoc question, spec task, or tool-assisted workflow. That separation makes it easier to route exploratory work to smaller models and keep scheduled or governed work on stricter guardrails.",Can you suggest dashboard dimensions for exploratory versus governed analytics work?,conv-d984e408fa,,[],"[{""uri"":""https://docs.aws.amazon.com/athena/latest/ug/what-is.html"",""title"":""[1] What is Amazon Athena?"",""snippet"":""Overview of using Amazon Athena to query data in Amazon S3.""}]",1,req-b0cc3b47bccb
2026-05-13,prompt-logs/chat/2026/05/13/kiro_chat_prompt_log.json,Design an AI SDLC flow that gives us visibility into which orchestration steps are driving most of the Kiro usage.,MANUAL,,d-92675051d5.a9a3e94b-b147-4fb7-9934-f5ea941fd110,2026-05-13T14:11:00Z,"Label each step in the orchestration chain and persist request metadata with a workflow stage tag such as discovery, planning, implementation, review, or validation. With those tags you can attribute credits to the exact stage and then adjust routing or context budgets where the spikes occur.",What tags should we standardize on for multi-agent SDLC workflows?,conv-ae54867b52,,[],"[{""uri"":""https://docs.aws.amazon.com/quicksight/latest/user/welcome.html"",""title"":""[1] Amazon QuickSight User Guide"",""snippet"":""Guidance for building dashboards and visual analyses in Amazon QuickSight.""}]",1,req-b2368a45d292
2026-05-13,prompt-logs/chat/2026/05/13/kiro_chat_prompt_log.json,We want to evaluate whether our guardrail prompts are too broad and causing unnecessary token usage. What is the fastest way to inspect that?,MANUAL,,d-92675051d5.9b1ac779-7da0-470f-bfd8-fba1849ca111,2026-05-13T15:39:00Z,"Compare the longest prompts against the workflows they serve and look for repeated policy text, duplicated file context, and tool instructions that never trigger. Move stable policy into hooks or reusable templates and keep run-specific prompts focused on the actual task.",Can you propose a prompt review checklist for cost and hallucination risk?,conv-d0fb666d81,,[],[],0,req-bee7a5020253
2026-05-13,prompt-logs/chat/2026/05/13/kiro_chat_prompt_log.json,Design an AI SDLC flow that gives us visibility into which orchestration steps are driving most of the Kiro usage.,MANUAL,,d-92675051d5.a9a3e94b-b147-4fb7-9934-f5ea941fd110,2026-05-13T10:53:00Z,"Label each step in the orchestration chain and persist request metadata with a workflow stage tag such as discovery, planning, implementation, review, or validation. With those tags you can attribute credits to the exact stage and then adjust routing or context budgets where the spikes occur.",What tags should we standardize on for multi-agent SDLC workflows?,conv-c446303083,,[],"[{""uri"":""https://docs.aws.amazon.com/quicksight/latest/user/welcome.html"",""title"":""[1] Amazon QuickSight User Guide"",""snippet"":""Guidance for building dashboards and visual analyses in Amazon QuickSight.""}]",1,req-befcebdea357
2026-05-13,prompt-logs/chat/2026/05/13/kiro_chat_prompt_log.json,We need per-user cost visibility for analytics workflows. What should we capture so we can separate exploratory prompts from production dashboard work?,MANUAL,,d-92675051d5.33a7a52f-dbf7-4f6b-89c9-43d30a61e104,2026-05-13T11:42:00Z,"Track the user, conversation, trigger type, and whether the request was an ad hoc question, spec task, or tool-assisted workflow. That separation makes it easier to route exploratory work to smaller models and keep scheduled or governed work on stricter guardrails.",Can you suggest dashboard dimensions for exploratory versus governed analytics work?,conv-9e01b1e735,,[],"[{""uri"":""https://docs.aws.amazon.com/athena/latest/ug/what-is.html"",""title"":""[1] What is Amazon Athena?"",""snippet"":""Overview of using Amazon Athena to query data in Amazon S3.""}]",1,req-c360ab66aa8f
2026-05-13,prompt-logs/chat/2026/05/13/kiro_chat_prompt_log.json,We want to evaluate whether our guardrail prompts are too broad and causing unnecessary token usage. What is the fastest way to inspect that?,MANUAL,,d-92675051d5.9b1ac779-7da0-470f-bfd8-fba1849ca111,2026-05-13T11:33:00Z,"Compare the longest prompts against the workflows they serve and look for repeated policy text, duplicated file context, and tool instructions that never trigger. Move stable policy into hooks or reusable templates and keep run-specific prompts focused on the actual task.",Can you propose a prompt review checklist for cost and hallucination risk?,conv-a1a47c7994,,[],[],0,req-c54d74fb0780
2026-05-13,prompt-logs/chat/2026/05/13/kiro_chat_prompt_log.json,We want to evaluate whether our guardrail prompts are too broad and causing unnecessary token usage. What is the fastest way to inspect that?,MANUAL,,d-92675051d5.9b1ac779-7da0-470f-bfd8-fba1849ca111,2026-05-13T11:49:00Z,"Compare the longest prompts against the workflows they serve and look for repeated policy text, duplicated file context, and tool instructions that never trigger. Move stable policy into hooks or reusable templates and keep run-specific prompts focused on the actual task.",Can you propose a prompt review checklist for cost and hallucination risk?,conv-032b4f9e80,,[],[],0,req-cacdd33e5b9a
2026-05-13,prompt-logs/chat/2026/05/13/kiro_chat_prompt_log.json,Help me reduce credit burn in our automated test-generation loop without losing coverage.,MANUAL,,d-92675051d5.797d1e6c-6d5f-41a9-8dc7-53d2ef14e102,2026-05-13T14:25:00Z,"Generate a lightweight test plan first, then ask Kiro to produce tests only for the selected cases. Reuse repository summaries across runs and gate expensive review passes behind coverage or failure thresholds.","Can you show a low-cost orchestration pattern for plan, generate, and review?",conv-11430d0169,,[],[],0,req-cc535a05934e
2026-05-13,prompt-logs/chat/2026/05/13/kiro_chat_prompt_log.json,Design an AI SDLC flow that gives us visibility into which orchestration steps are driving most of the Kiro usage.,MANUAL,,d-92675051d5.a9a3e94b-b147-4fb7-9934-f5ea941fd110,2026-05-13T15:55:00Z,"Label each step in the orchestration chain and persist request metadata with a workflow stage tag such as discovery, planning, implementation, review, or validation. With those tags you can attribute credits to the exact stage and then adjust routing or context budgets where the spikes occur.",What tags should we standardize on for multi-agent SDLC workflows?,conv-db4028e4f8,,[],"[{""uri"":""https://docs.aws.amazon.com/quicksight/latest/user/welcome.html"",""title"":""[1] Amazon QuickSight User Guide"",""snippet"":""Guidance for building dashboards and visual analyses in Amazon QuickSight.""}]",1,req-d349440bd3cf
2026-05-13,prompt-logs/chat/2026/05/13/kiro_chat_prompt_log.json,We need per-user cost visibility for analytics workflows. What should we capture so we can separate exploratory prompts from production dashboard work?,MANUAL,,d-92675051d5.33a7a52f-dbf7-4f6b-89c9-43d30a61e104,2026-05-13T09:04:00Z,"Track the user, conversation, trigger type, and whether the request was an ad hoc question, spec task, or tool-assisted workflow. That separation makes it easier to route exploratory work to smaller models and keep scheduled or governed work on stricter guardrails.",Can you suggest dashboard dimensions for exploratory versus governed analytics work?,conv-8dae4bb19b,,[],"[{""uri"":""https://docs.aws.amazon.com/athena/latest/ug/what-is.html"",""title"":""[1] What is Amazon Athena?"",""snippet"":""Overview of using Amazon Athena to query data in Amazon S3.""}]",1,req-d3660255cf38
2026-05-13,prompt-logs/chat/2026/05/13/kiro_chat_prompt_log.json,Design an AI SDLC flow that gives us visibility into which orchestration steps are driving most of the Kiro usage.,MANUAL,,d-92675051d5.a9a3e94b-b147-4fb7-9934-f5ea941fd110,2026-05-13T09:21:00Z,"Label each step in the orchestration chain and persist request metadata with a workflow stage tag such as discovery, planning, implementation, review, or validation. With those tags you can attribute credits to the exact stage and then adjust routing or context budgets where the spikes occur.",What tags should we standardize on for multi-agent SDLC workflows?,conv-646ebceb1b,,[],"[{""uri"":""https://docs.aws.amazon.com/quicksight/latest/user/welcome.html"",""title"":""[1] Amazon QuickSight User Guide"",""snippet"":""Guidance for building dashboards and visual analyses in Amazon QuickSight.""}]",1,req-d8d05ef11e2b
2026-05-13,prompt-logs/chat/2026/05/13/kiro_chat_prompt_log.json,We need per-user cost visibility for analytics workflows. What should we capture so we can separate exploratory prompts from production dashboard work?,MANUAL,,d-92675051d5.33a7a52f-dbf7-4f6b-89c9-43d30a61e104,2026-05-13T17:41:00Z,"Track the user, conversation, trigger type, and whether the request was an ad hoc question, spec task, or tool-assisted workflow. That separation makes it easier to route exploratory work to smaller models and keep scheduled or governed work on stricter guardrails.",Can you suggest dashboard dimensions for exploratory versus governed analytics work?,conv-349a08329b,,[],"[{""uri"":""https://docs.aws.amazon.com/athena/latest/ug/what-is.html"",""title"":""[1] What is Amazon Athena?"",""snippet"":""Overview of using Amazon Athena to query data in Amazon S3.""}]",1,req-d98477402c15
2026-05-13,prompt-logs/chat/2026/05/13/kiro_chat_prompt_log.json,Review this modernization workflow and suggest how we should route simple code transforms versus deeper architecture questions to control Kiro credit usage.,MANUAL,,d-92675051d5.f12818d1-8f2c-4d54-9188-4f7224a4d103,2026-05-13T10:43:00Z,Use a lighter default path for single-file transforms and reserve the higher-cost model only for cross-file refactors or design decisions. Add a first pass that trims unchanged files from context and sends documentation lookups to tools instead of the primary chat model.,"Can you turn that into a policy table for transform, review, and architecture tasks?",conv-b83c54f1d4,,[],"[{""uri"":""https://docs.aws.amazon.com/lambda/latest/dg/welcome.html"",""title"":""[1] AWS Lambda Developer Guide"",""snippet"":""Developer guide for building, deploying, and operating AWS Lambda functions.""}]",1,req-dad5868cde5e
2026-05-13,prompt-logs/chat/2026/05/13/kiro_chat_prompt_log.json,We need per-user cost visibility for analytics workflows. What should we capture so we can separate exploratory prompts from production dashboard work?,MANUAL,,d-92675051d5.7e23e16f-5eb6-49f0-8e5d-a84c5ad99106,2026-05-13T13:58:00Z,"Track the user, conversation, trigger type, and whether the request was an ad hoc question, spec task, or tool-assisted workflow. That separation makes it easier to route exploratory work to smaller models and keep scheduled or governed work on stricter guardrails.",Can you suggest dashboard dimensions for exploratory versus governed analytics work?,conv-78cc63f035,,[],"[{""uri"":""https://docs.aws.amazon.com/athena/latest/ug/what-is.html"",""title"":""[1] What is Amazon Athena?"",""snippet"":""Overview of using Amazon Athena to query data in Amazon S3.""}]",1,req-db1e17e79bb6
2026-05-13,prompt-logs/chat/2026/05/13/kiro_chat_prompt_log.json,Design an AI SDLC flow that gives us visibility into which orchestration steps are driving most of the Kiro usage.,MANUAL,,d-92675051d5.a9a3e94b-b147-4fb7-9934-f5ea941fd110,2026-05-13T18:06:00Z,"Label each step in the orchestration chain and persist request metadata with a workflow stage tag such as discovery, planning, implementation, review, or validation. With those tags you can attribute credits to the exact stage and then adjust routing or context budgets where the spikes occur.",What tags should we standardize on for multi-agent SDLC workflows?,conv-e720c5588c,,[],"[{""uri"":""https://docs.aws.amazon.com/quicksight/latest/user/welcome.html"",""title"":""[1] Amazon QuickSight User Guide"",""snippet"":""Guidance for building dashboards and visual analyses in Amazon QuickSight.""}]",1,req-ddb1c0242cd9
2026-05-13,prompt-logs/chat/2026/05/13/kiro_chat_prompt_log.json,Help me reduce credit burn in our automated test-generation loop without losing coverage.,INLINE_CHAT,,d-92675051d5.797d1e6c-6d5f-41a9-8dc7-53d2ef14e102,2026-05-13T18:26:00Z,"Generate a lightweight test plan first, then ask Kiro to produce tests only for the selected cases. Reuse repository summaries across runs and gate expensive review passes behind coverage or failure thresholds.","Can you show a low-cost orchestration pattern for plan, generate, and review?",conv-a7939480a3,,[],[],0,req-e14a599cf595
2026-05-13,prompt-logs/chat/2026/05/13/kiro_chat_prompt_log.json,Help me reduce credit burn in our automated test-generation loop without losing coverage.,MANUAL,,d-92675051d5.797d1e6c-6d5f-41a9-8dc7-53d2ef14e102,2026-05-13T16:54:00Z,"Generate a lightweight test plan first, then ask Kiro to produce tests only for the selected cases. Reuse repository summaries across runs and gate expensive review passes behind coverage or failure thresholds.","Can you show a low-cost orchestration pattern for plan, generate, and review?",conv-11430d0169,,[],[],0,req-e22f416dedcf
2026-05-13,prompt-logs/chat/2026/05/13/kiro_chat_prompt_log.json,Design an AI SDLC flow that gives us visibility into which orchestration steps are driving most of the Kiro usage.,MANUAL,,d-92675051d5.a9a3e94b-b147-4fb7-9934-f5ea941fd110,2026-05-13T12:21:00Z,"Label each step in the orchestration chain and persist request metadata with a workflow stage tag such as discovery, planning, implementation, review, or validation. With those tags you can attribute credits to the exact stage and then adjust routing or context budgets where the spikes occur.",What tags should we standardize on for multi-agent SDLC workflows?,conv-db4028e4f8,,[],"[{""uri"":""https://docs.aws.amazon.com/quicksight/latest/user/welcome.html"",""title"":""[1] Amazon QuickSight User Guide"",""snippet"":""Guidance for building dashboards and visual analyses in Amazon QuickSight.""}]",1,req-e37b641dc3b1
2026-05-13,prompt-logs/chat/2026/05/13/kiro_chat_prompt_log.json,We want to evaluate whether our guardrail prompts are too broad and causing unnecessary token usage. What is the fastest way to inspect that?,MANUAL,,d-92675051d5.9b1ac779-7da0-470f-bfd8-fba1849ca111,2026-05-13T10:35:00Z,"Compare the longest prompts against the workflows they serve and look for repeated policy text, duplicated file context, and tool instructions that never trigger. Move stable policy into hooks or reusable templates and keep run-specific prompts focused on the actual task.",Can you propose a prompt review checklist for cost and hallucination risk?,conv-032b4f9e80,,[],[],0,req-e8ed3a335cd7
2026-05-13,prompt-logs/chat/2026/05/13/kiro_chat_prompt_log.json,What guardrails should we add so SRE investigations use tools first and only escalate to larger models when needed?,MANUAL,,d-92675051d5.838f6b85-1e72-4404-a193-f1b0dc79d107,2026-05-13T17:01:00Z,"Start with deterministic checks such as logs, metrics, config diffs, and runbooks. Escalate to a larger model only after those signals are summarized, and require the final prompt to include the incident scope and exact evidence instead of raw dumps.",Can you draft a hook policy that enforces that escalation pattern?,conv-94e91bfb9c,,[],[],0,req-f54d4b29cfde
2026-05-13,prompt-logs/chat/2026/05/13/kiro_chat_prompt_log.json,We need per-user cost visibility for analytics workflows. What should we capture so we can separate exploratory prompts from production dashboard work?,MANUAL,,d-92675051d5.4a0a1ddb-32de-4237-b40f-cbc81f6ae105,2026-05-13T12:20:00Z,"Track the user, conversation, trigger type, and whether the request was an ad hoc question, spec task, or tool-assisted workflow. That separation makes it easier to route exploratory work to smaller models and keep scheduled or governed work on stricter guardrails.",Can you suggest dashboard dimensions for exploratory versus governed analytics work?,conv-7ad85e409b,,[],"[{""uri"":""https://docs.aws.amazon.com/athena/latest/ug/what-is.html"",""title"":""[1] What is Amazon Athena?"",""snippet"":""Overview of using Amazon Athena to query data in Amazon S3.""}]",1,req-ff5b089d35d2
2026-05-14,prompt-logs/chat/2026/05/14/kiro_chat_prompt_log.json,"Given this payment service refactor plan, where are we likely over-pulling context and increasing hallucination risk?",MANUAL,,d-92675051d5.0ec463de-81c2-4f79-9d4c-029f7bb0f101,2026-05-14T16:57:00Z,"The highest risk is sending every service, DTO, and migration file into the same request. Split discovery from implementation, summarize upstream contracts first, and only attach files directly relevant to the current change set.",What should the step-by-step agent flow look like after that split?,conv-1fbaa6d124,,[],[],0,req-0acd32d6f3b5
2026-05-14,prompt-logs/chat/2026/05/14/kiro_chat_prompt_log.json,Review this modernization workflow and suggest how we should route simple code transforms versus deeper architecture questions to control Kiro credit usage.,MANUAL,,d-92675051d5.f12818d1-8f2c-4d54-9188-4f7224a4d103,2026-05-14T13:59:00Z,Use a lighter default path for single-file transforms and reserve the higher-cost model only for cross-file refactors or design decisions. Add a first pass that trims unchanged files from context and sends documentation lookups to tools instead of the primary chat model.,"Can you turn that into a policy table for transform, review, and architecture tasks?",conv-225ba2c345,,[],"[{""uri"":""https://docs.aws.amazon.com/lambda/latest/dg/welcome.html"",""title"":""[1] AWS Lambda Developer Guide"",""snippet"":""Developer guide for building, deploying, and operating AWS Lambda functions.""}]",1,req-0d2d6cd80d31
2026-05-14,prompt-logs/chat/2026/05/14/kiro_chat_prompt_log.json,Review this modernization workflow and suggest how we should route simple code transforms versus deeper architecture questions to control Kiro credit usage.,MANUAL,,d-92675051d5.f12818d1-8f2c-4d54-9188-4f7224a4d103,2026-05-14T12:10:00Z,Use a lighter default path for single-file transforms and reserve the higher-cost model only for cross-file refactors or design decisions. Add a first pass that trims unchanged files from context and sends documentation lookups to tools instead of the primary chat model.,"Can you turn that into a policy table for transform, review, and architecture tasks?",conv-cb85a82a27,,[],"[{""uri"":""https://docs.aws.amazon.com/lambda/latest/dg/welcome.html"",""title"":""[1] AWS Lambda Developer Guide"",""snippet"":""Developer guide for building, deploying, and operating AWS Lambda functions.""}]",1,req-105cdb772a83
2026-05-14,prompt-logs/chat/2026/05/14/kiro_chat_prompt_log.json,"Given this payment service refactor plan, where are we likely over-pulling context and increasing hallucination risk?",MANUAL,,d-92675051d5.0ec463de-81c2-4f79-9d4c-029f7bb0f101,2026-05-14T13:24:00Z,"The highest risk is sending every service, DTO, and migration file into the same request. Split discovery from implementation, summarize upstream contracts first, and only attach files directly relevant to the current change set.",What should the step-by-step agent flow look like after that split?,conv-6e3aa74e69,,[],[],0,req-11c64000ab8d
2026-05-14,prompt-logs/chat/2026/05/14/kiro_chat_prompt_log.json,Help me reduce credit burn in our automated test-generation loop without losing coverage.,INLINE_CHAT,,d-92675051d5.797d1e6c-6d5f-41a9-8dc7-53d2ef14e102,2026-05-14T17:24:00Z,"Generate a lightweight test plan first, then ask Kiro to produce tests only for the selected cases. Reuse repository summaries across runs and gate expensive review passes behind coverage or failure thresholds.","Can you show a low-cost orchestration pattern for plan, generate, and review?",conv-90fb319e6f,,[],[],0,req-14574d51f7f0
2026-05-14,prompt-logs/chat/2026/05/14/kiro_chat_prompt_log.json,We want to evaluate whether our guardrail prompts are too broad and causing unnecessary token usage. What is the fastest way to inspect that?,MANUAL,,d-92675051d5.9b1ac779-7da0-470f-bfd8-fba1849ca111,2026-05-14T11:19:00Z,"Compare the longest prompts against the workflows they serve and look for repeated policy text, duplicated file context, and tool instructions that never trigger. Move stable policy into hooks or reusable templates and keep run-specific prompts focused on the actual task.",Can you propose a prompt review checklist for cost and hallucination risk?,conv-7644a1071f,,[],[],0,req-1908458f5752
2026-05-14,prompt-logs/chat/2026/05/14/kiro_chat_prompt_log.json,We need per-user cost visibility for analytics workflows. What should we capture so we can separate exploratory prompts from production dashboard work?,MANUAL,,d-92675051d5.4a0a1ddb-32de-4237-b40f-cbc81f6ae105,2026-05-14T10:46:00Z,"Track the user, conversation, trigger type, and whether the request was an ad hoc question, spec task, or tool-assisted workflow. That separation makes it easier to route exploratory work to smaller models and keep scheduled or governed work on stricter guardrails.",Can you suggest dashboard dimensions for exploratory versus governed analytics work?,conv-5ad0b9cb68,,[],"[{""uri"":""https://docs.aws.amazon.com/athena/latest/ug/what-is.html"",""title"":""[1] What is Amazon Athena?"",""snippet"":""Overview of using Amazon Athena to query data in Amazon S3.""}]",1,req-1ab85acffdc4
2026-05-14,prompt-logs/chat/2026/05/14/kiro_chat_prompt_log.json,What guardrails should we add so SRE investigations use tools first and only escalate to larger models when needed?,INLINE_CHAT,,d-92675051d5.6273ba8a-bb02-425f-b443-3d4dcb2c9108,2026-05-14T12:19:00Z,"Start with deterministic checks such as logs, metrics, config diffs, and runbooks. Escalate to a larger model only after those signals are summarized, and require the final prompt to include the incident scope and exact evidence instead of raw dumps.",Can you draft a hook policy that enforces that escalation pattern?,conv-5c451c7201,,[],[],0,req-223e627f78d9
2026-05-14,prompt-logs/chat/2026/05/14/kiro_chat_prompt_log.json,Design an AI SDLC flow that gives us visibility into which orchestration steps are driving most of the Kiro usage.,MANUAL,,d-92675051d5.59888cc4-2dac-4454-a84e-b7968ad4e112,2026-05-14T15:28:00Z,"Label each step in the orchestration chain and persist request metadata with a workflow stage tag such as discovery, planning, implementation, review, or validation. With those tags you can attribute credits to the exact stage and then adjust routing or context budgets where the spikes occur.",What tags should we standardize on for multi-agent SDLC workflows?,conv-46d3937587,,[],"[{""uri"":""https://docs.aws.amazon.com/quicksight/latest/user/welcome.html"",""title"":""[1] Amazon QuickSight User Guide"",""snippet"":""Guidance for building dashboards and visual analyses in Amazon QuickSight.""}]",1,req-232d1fffe2f2
2026-05-14,prompt-logs/chat/2026/05/14/kiro_chat_prompt_log.json,What guardrails should we add so SRE investigations use tools first and only escalate to larger models when needed?,MANUAL,,d-92675051d5.838f6b85-1e72-4404-a193-f1b0dc79d107,2026-05-14T15:05:00Z,"Start with deterministic checks such as logs, metrics, config diffs, and runbooks. Escalate to a larger model only after those signals are summarized, and require the final prompt to include the incident scope and exact evidence instead of raw dumps.",Can you draft a hook policy that enforces that escalation pattern?,conv-4217fa9043,,[],[],0,req-292f2c02ffb8
2026-05-14,prompt-logs/chat/2026/05/14/kiro_chat_prompt_log.json,We want to evaluate whether our guardrail prompts are too broad and causing unnecessary token usage. What is the fastest way to inspect that?,MANUAL,,d-92675051d5.9b1ac779-7da0-470f-bfd8-fba1849ca111,2026-05-14T12:33:00Z,"Compare the longest prompts against the workflows they serve and look for repeated policy text, duplicated file context, and tool instructions that never trigger. Move stable policy into hooks or reusable templates and keep run-specific prompts focused on the actual task.",Can you propose a prompt review checklist for cost and hallucination risk?,conv-e0c0fb4931,,[],[],0,req-2d428d8b553d
2026-05-14,prompt-logs/chat/2026/05/14/kiro_chat_prompt_log.json,What guardrails should we add so SRE investigations use tools first and only escalate to larger models when needed?,MANUAL,,d-92675051d5.838f6b85-1e72-4404-a193-f1b0dc79d107,2026-05-14T09:29:00Z,"Start with deterministic checks such as logs, metrics, config diffs, and runbooks. Escalate to a larger model only after those signals are summarized, and require the final prompt to include the incident scope and exact evidence instead of raw dumps.",Can you draft a hook policy that enforces that escalation pattern?,conv-182e66b954,,[],[],0,req-2f65ea8bed73
2026-05-14,prompt-logs/chat/2026/05/14/kiro_chat_prompt_log.json,Design an AI SDLC flow that gives us visibility into which orchestration steps are driving most of the Kiro usage.,MANUAL,,d-92675051d5.a9a3e94b-b147-4fb7-9934-f5ea941fd110,2026-05-14T10:32:00Z,"Label each step in the orchestration chain and persist request metadata with a workflow stage tag such as discovery, planning, implementation, review, or validation. With those tags you can attribute credits to the exact stage and then adjust routing or context budgets where the spikes occur.",What tags should we standardize on for multi-agent SDLC workflows?,conv-d3e58ef128,,[],"[{""uri"":""https://docs.aws.amazon.com/quicksight/latest/user/welcome.html"",""title"":""[1] Amazon QuickSight User Guide"",""snippet"":""Guidance for building dashboards and visual analyses in Amazon QuickSight.""}]",1,req-3592be8c91d2
2026-05-14,prompt-logs/chat/2026/05/14/kiro_chat_prompt_log.json,Design an AI SDLC flow that gives us visibility into which orchestration steps are driving most of the Kiro usage.,MANUAL,,d-92675051d5.59888cc4-2dac-4454-a84e-b7968ad4e112,2026-05-14T17:50:00Z,"Label each step in the orchestration chain and persist request metadata with a workflow stage tag such as discovery, planning, implementation, review, or validation. With those tags you can attribute credits to the exact stage and then adjust routing or context budgets where the spikes occur.",What tags should we standardize on for multi-agent SDLC workflows?,conv-5baf4e80b8,,[],"[{""uri"":""https://docs.aws.amazon.com/quicksight/latest/user/welcome.html"",""title"":""[1] Amazon QuickSight User Guide"",""snippet"":""Guidance for building dashboards and visual analyses in Amazon QuickSight.""}]",1,req-390aea085764
2026-05-14,prompt-logs/chat/2026/05/14/kiro_chat_prompt_log.json,Help me reduce credit burn in our automated test-generation loop without losing coverage.,MANUAL,,d-92675051d5.797d1e6c-6d5f-41a9-8dc7-53d2ef14e102,2026-05-14T15:17:00Z,"Generate a lightweight test plan first, then ask Kiro to produce tests only for the selected cases. Reuse repository summaries across runs and gate expensive review passes behind coverage or failure thresholds.","Can you show a low-cost orchestration pattern for plan, generate, and review?",conv-2cd14a7e85,,[],[],0,req-39ea0d55c971
2026-05-14,prompt-logs/chat/2026/05/14/kiro_chat_prompt_log.json,"Given this payment service refactor plan, where are we likely over-pulling context and increasing hallucination risk?",MANUAL,,d-92675051d5.0ec463de-81c2-4f79-9d4c-029f7bb0f101,2026-05-14T12:04:00Z,"The highest risk is sending every service, DTO, and migration file into the same request. Split discovery from implementation, summarize upstream contracts first, and only attach files directly relevant to the current change set.",What should the step-by-step agent flow look like after that split?,conv-0914ad4d59,,[],[],0,req-40970b630b13
2026-05-14,prompt-logs/chat/2026/05/14/kiro_chat_prompt_log.json,Design an AI SDLC flow that gives us visibility into which orchestration steps are driving most of the Kiro usage.,MANUAL,,d-92675051d5.a9a3e94b-b147-4fb7-9934-f5ea941fd110,2026-05-14T12:50:00Z,"Label each step in the orchestration chain and persist request metadata with a workflow stage tag such as discovery, planning, implementation, review, or validation. With those tags you can attribute credits to the exact stage and then adjust routing or context budgets where the spikes occur.",What tags should we standardize on for multi-agent SDLC workflows?,conv-f6d2903290,,[],"[{""uri"":""https://docs.aws.amazon.com/quicksight/latest/user/welcome.html"",""title"":""[1] Amazon QuickSight User Guide"",""snippet"":""Guidance for building dashboards and visual analyses in Amazon QuickSight.""}]",1,req-42ef1de75b8e
2026-05-14,prompt-logs/chat/2026/05/14/kiro_chat_prompt_log.json,Design an AI SDLC flow that gives us visibility into which orchestration steps are driving most of the Kiro usage.,MANUAL,,d-92675051d5.a9a3e94b-b147-4fb7-9934-f5ea941fd110,2026-05-14T18:20:00Z,"Label each step in the orchestration chain and persist request metadata with a workflow stage tag such as discovery, planning, implementation, review, or validation. With those tags you can attribute credits to the exact stage and then adjust routing or context budgets where the spikes occur.",What tags should we standardize on for multi-agent SDLC workflows?,conv-6396d1a587,,[],"[{""uri"":""https://docs.aws.amazon.com/quicksight/latest/user/welcome.html"",""title"":""[1] Amazon QuickSight User Guide"",""snippet"":""Guidance for building dashboards and visual analyses in Amazon QuickSight.""}]",1,req-4715149e1001
2026-05-14,prompt-logs/chat/2026/05/14/kiro_chat_prompt_log.json,Help me reduce credit burn in our automated test-generation loop without losing coverage.,MANUAL,,d-92675051d5.797d1e6c-6d5f-41a9-8dc7-53d2ef14e102,2026-05-14T10:33:00Z,"Generate a lightweight test plan first, then ask Kiro to produce tests only for the selected cases. Reuse repository summaries across runs and gate expensive review passes behind coverage or failure thresholds.","Can you show a low-cost orchestration pattern for plan, generate, and review?",conv-fa30a8e3ff,,[],[],0,req-4aadd0ced8c3
2026-05-14,prompt-logs/chat/2026/05/14/kiro_chat_prompt_log.json,Review this modernization workflow and suggest how we should route simple code transforms versus deeper architecture questions to control Kiro credit usage.,MANUAL,,d-92675051d5.0ec463de-81c2-4f79-9d4c-029f7bb0f101,2026-05-14T12:14:00Z,Use a lighter default path for single-file transforms and reserve the higher-cost model only for cross-file refactors or design decisions. Add a first pass that trims unchanged files from context and sends documentation lookups to tools instead of the primary chat model.,"Can you turn that into a policy table for transform, review, and architecture tasks?",conv-0914ad4d59,,[],"[{""uri"":""https://docs.aws.amazon.com/lambda/latest/dg/welcome.html"",""title"":""[1] AWS Lambda Developer Guide"",""snippet"":""Developer guide for building, deploying, and operating AWS Lambda functions.""}]",1,req-52f9edc9f85f
2026-05-14,prompt-logs/chat/2026/05/14/kiro_chat_prompt_log.json,Help me reduce credit burn in our automated test-generation loop without losing coverage.,MANUAL,,d-92675051d5.797d1e6c-6d5f-41a9-8dc7-53d2ef14e102,2026-05-14T17:54:00Z,"Generate a lightweight test plan first, then ask Kiro to produce tests only for the selected cases. Reuse repository summaries across runs and gate expensive review passes behind coverage or failure thresholds.","Can you show a low-cost orchestration pattern for plan, generate, and review?",conv-fa30a8e3ff,,[],[],0,req-544505be72fc
2026-05-14,prompt-logs/chat/2026/05/14/kiro_chat_prompt_log.json,We need per-user cost visibility for analytics workflows. What should we capture so we can separate exploratory prompts from production dashboard work?,MANUAL,,d-92675051d5.33a7a52f-dbf7-4f6b-89c9-43d30a61e104,2026-05-14T15:10:00Z,"Track the user, conversation, trigger type, and whether the request was an ad hoc question, spec task, or tool-assisted workflow. That separation makes it easier to route exploratory work to smaller models and keep scheduled or governed work on stricter guardrails.",Can you suggest dashboard dimensions for exploratory versus governed analytics work?,conv-997727327b,,[],"[{""uri"":""https://docs.aws.amazon.com/athena/latest/ug/what-is.html"",""title"":""[1] What is Amazon Athena?"",""snippet"":""Overview of using Amazon Athena to query data in Amazon S3.""}]",1,req-5467d332ede7
2026-05-14,prompt-logs/chat/2026/05/14/kiro_chat_prompt_log.json,We need per-user cost visibility for analytics workflows. What should we capture so we can separate exploratory prompts from production dashboard work?,MANUAL,,d-92675051d5.7e23e16f-5eb6-49f0-8e5d-a84c5ad99106,2026-05-14T12:31:00Z,"Track the user, conversation, trigger type, and whether the request was an ad hoc question, spec task, or tool-assisted workflow. That separation makes it easier to route exploratory work to smaller models and keep scheduled or governed work on stricter guardrails.",Can you suggest dashboard dimensions for exploratory versus governed analytics work?,conv-b38d1abc8d,,[],"[{""uri"":""https://docs.aws.amazon.com/athena/latest/ug/what-is.html"",""title"":""[1] What is Amazon Athena?"",""snippet"":""Overview of using Amazon Athena to query data in Amazon S3.""}]",1,req-567d10300a3c
2026-05-14,prompt-logs/chat/2026/05/14/kiro_chat_prompt_log.json,We need per-user cost visibility for analytics workflows. What should we capture so we can separate exploratory prompts from production dashboard work?,MANUAL,,d-92675051d5.4a0a1ddb-32de-4237-b40f-cbc81f6ae105,2026-05-14T18:43:00Z,"Track the user, conversation, trigger type, and whether the request was an ad hoc question, spec task, or tool-assisted workflow. That separation makes it easier to route exploratory work to smaller models and keep scheduled or governed work on stricter guardrails.",Can you suggest dashboard dimensions for exploratory versus governed analytics work?,conv-aafd727277,,[],"[{""uri"":""https://docs.aws.amazon.com/athena/latest/ug/what-is.html"",""title"":""[1] What is Amazon Athena?"",""snippet"":""Overview of using Amazon Athena to query data in Amazon S3.""}]",1,req-597ce569dab8
2026-05-14,prompt-logs/chat/2026/05/14/kiro_chat_prompt_log.json,Design an AI SDLC flow that gives us visibility into which orchestration steps are driving most of the Kiro usage.,MANUAL,,d-92675051d5.59888cc4-2dac-4454-a84e-b7968ad4e112,2026-05-14T12:33:00Z,"Label each step in the orchestration chain and persist request metadata with a workflow stage tag such as discovery, planning, implementation, review, or validation. With those tags you can attribute credits to the exact stage and then adjust routing or context budgets where the spikes occur.",What tags should we standardize on for multi-agent SDLC workflows?,conv-19855ce4b7,,[],"[{""uri"":""https://docs.aws.amazon.com/quicksight/latest/user/welcome.html"",""title"":""[1] Amazon QuickSight User Guide"",""snippet"":""Guidance for building dashboards and visual analyses in Amazon QuickSight.""}]",1,req-5bcecd1b2097
2026-05-14,prompt-logs/chat/2026/05/14/kiro_chat_prompt_log.json,Design an AI SDLC flow that gives us visibility into which orchestration steps are driving most of the Kiro usage.,MANUAL,,d-92675051d5.a9a3e94b-b147-4fb7-9934-f5ea941fd110,2026-05-14T18:45:00Z,"Label each step in the orchestration chain and persist request metadata with a workflow stage tag such as discovery, planning, implementation, review, or validation. With those tags you can attribute credits to the exact stage and then adjust routing or context budgets where the spikes occur.",What tags should we standardize on for multi-agent SDLC workflows?,conv-6396d1a587,,[],"[{""uri"":""https://docs.aws.amazon.com/quicksight/latest/user/welcome.html"",""title"":""[1] Amazon QuickSight User Guide"",""snippet"":""Guidance for building dashboards and visual analyses in Amazon QuickSight.""}]",1,req-5db6b51b7cd1
2026-05-14,prompt-logs/chat/2026/05/14/kiro_chat_prompt_log.json,We want to evaluate whether our guardrail prompts are too broad and causing unnecessary token usage. What is the fastest way to inspect that?,MANUAL,,d-92675051d5.9b1ac779-7da0-470f-bfd8-fba1849ca111,2026-05-14T10:42:00Z,"Compare the longest prompts against the workflows they serve and look for repeated policy text, duplicated file context, and tool instructions that never trigger. Move stable policy into hooks or reusable templates and keep run-specific prompts focused on the actual task.",Can you propose a prompt review checklist for cost and hallucination risk?,conv-78e7072601,,[],[],0,req-62883bc8bd84
2026-05-14,prompt-logs/chat/2026/05/14/kiro_chat_prompt_log.json,What guardrails should we add so SRE investigations use tools first and only escalate to larger models when needed?,MANUAL,,d-92675051d5.838f6b85-1e72-4404-a193-f1b0dc79d107,2026-05-14T14:56:00Z,"Start with deterministic checks such as logs, metrics, config diffs, and runbooks. Escalate to a larger model only after those signals are summarized, and require the final prompt to include the incident scope and exact evidence instead of raw dumps.",Can you draft a hook policy that enforces that escalation pattern?,conv-6ccc9385e5,,[],[],0,req-65aac8cf8680
2026-05-14,prompt-logs/chat/2026/05/14/kiro_chat_prompt_log.json,Design an AI SDLC flow that gives us visibility into which orchestration steps are driving most of the Kiro usage.,MANUAL,,d-92675051d5.a9a3e94b-b147-4fb7-9934-f5ea941fd110,2026-05-14T18:33:00Z,"Label each step in the orchestration chain and persist request metadata with a workflow stage tag such as discovery, planning, implementation, review, or validation. With those tags you can attribute credits to the exact stage and then adjust routing or context budgets where the spikes occur.",What tags should we standardize on for multi-agent SDLC workflows?,conv-fbdf95cfc1,,[],"[{""uri"":""https://docs.aws.amazon.com/quicksight/latest/user/welcome.html"",""title"":""[1] Amazon QuickSight User Guide"",""snippet"":""Guidance for building dashboards and visual analyses in Amazon QuickSight.""}]",1,req-6a80d7e22152
2026-05-14,prompt-logs/chat/2026/05/14/kiro_chat_prompt_log.json,Help me reduce credit burn in our automated test-generation loop without losing coverage.,INLINE_CHAT,,d-92675051d5.797d1e6c-6d5f-41a9-8dc7-53d2ef14e102,2026-05-14T15:56:00Z,"Generate a lightweight test plan first, then ask Kiro to produce tests only for the selected cases. Reuse repository summaries across runs and gate expensive review passes behind coverage or failure thresholds.","Can you show a low-cost orchestration pattern for plan, generate, and review?",conv-c8de035f22,,[],[],0,req-71d8d06e9f98
2026-05-14,prompt-logs/chat/2026/05/14/kiro_chat_prompt_log.json,"Given this payment service refactor plan, where are we likely over-pulling context and increasing hallucination risk?",MANUAL,,d-92675051d5.0ec463de-81c2-4f79-9d4c-029f7bb0f101,2026-05-14T16:32:00Z,"The highest risk is sending every service, DTO, and migration file into the same request. Split discovery from implementation, summarize upstream contracts first, and only attach files directly relevant to the current change set.",What should the step-by-step agent flow look like after that split?,conv-9470573d21,,[],[],0,req-78db9ba209c2
2026-05-14,prompt-logs/chat/2026/05/14/kiro_chat_prompt_log.json,Design an AI SDLC flow that gives us visibility into which orchestration steps are driving most of the Kiro usage.,MANUAL,,d-92675051d5.a9a3e94b-b147-4fb7-9934-f5ea941fd110,2026-05-14T10:11:00Z,"Label each step in the orchestration chain and persist request metadata with a workflow stage tag such as discovery, planning, implementation, review, or validation. With those tags you can attribute credits to the exact stage and then adjust routing or context budgets where the spikes occur.",What tags should we standardize on for multi-agent SDLC workflows?,conv-fbdf95cfc1,,[],"[{""uri"":""https://docs.aws.amazon.com/quicksight/latest/user/welcome.html"",""title"":""[1] Amazon QuickSight User Guide"",""snippet"":""Guidance for building dashboards and visual analyses in Amazon QuickSight.""}]",1,req-8031e5f72f92
2026-05-14,prompt-logs/chat/2026/05/14/kiro_chat_prompt_log.json,We need per-user cost visibility for analytics workflows. What should we capture so we can separate exploratory prompts from production dashboard work?,MANUAL,,d-92675051d5.4a0a1ddb-32de-4237-b40f-cbc81f6ae105,2026-05-14T15:12:00Z,"Track the user, conversation, trigger type, and whether the request was an ad hoc question, spec task, or tool-assisted workflow. That separation makes it easier to route exploratory work to smaller models and keep scheduled or governed work on stricter guardrails.",Can you suggest dashboard dimensions for exploratory versus governed analytics work?,conv-8c49ce5e3b,,[],"[{""uri"":""https://docs.aws.amazon.com/athena/latest/ug/what-is.html"",""title"":""[1] What is Amazon Athena?"",""snippet"":""Overview of using Amazon Athena to query data in Amazon S3.""}]",1,req-848b0089b53a
2026-05-14,prompt-logs/chat/2026/05/14/kiro_chat_prompt_log.json,We need per-user cost visibility for analytics workflows. What should we capture so we can separate exploratory prompts from production dashboard work?,MANUAL,,d-92675051d5.33a7a52f-dbf7-4f6b-89c9-43d30a61e104,2026-05-14T17:16:00Z,"Track the user, conversation, trigger type, and whether the request was an ad hoc question, spec task, or tool-assisted workflow. That separation makes it easier to route exploratory work to smaller models and keep scheduled or governed work on stricter guardrails.",Can you suggest dashboard dimensions for exploratory versus governed analytics work?,conv-fe5bdd71fd,,[],"[{""uri"":""https://docs.aws.amazon.com/athena/latest/ug/what-is.html"",""title"":""[1] What is Amazon Athena?"",""snippet"":""Overview of using Amazon Athena to query data in Amazon S3.""}]",1,req-8a81e7207059
2026-05-14,prompt-logs/chat/2026/05/14/kiro_chat_prompt_log.json,We need per-user cost visibility for analytics workflows. What should we capture so we can separate exploratory prompts from production dashboard work?,MANUAL,,d-92675051d5.33a7a52f-dbf7-4f6b-89c9-43d30a61e104,2026-05-14T12:38:00Z,"Track the user, conversation, trigger type, and whether the request was an ad hoc question, spec task, or tool-assisted workflow. That separation makes it easier to route exploratory work to smaller models and keep scheduled or governed work on stricter guardrails.",Can you suggest dashboard dimensions for exploratory versus governed analytics work?,conv-d1dec5c421,,[],"[{""uri"":""https://docs.aws.amazon.com/athena/latest/ug/what-is.html"",""title"":""[1] What is Amazon Athena?"",""snippet"":""Overview of using Amazon Athena to query data in Amazon S3.""}]",1,req-8bde650d65db
2026-05-14,prompt-logs/chat/2026/05/14/kiro_chat_prompt_log.json,We want to evaluate whether our guardrail prompts are too broad and causing unnecessary token usage. What is the fastest way to inspect that?,MANUAL,,d-92675051d5.9b1ac779-7da0-470f-bfd8-fba1849ca111,2026-05-14T15:54:00Z,"Compare the longest prompts against the workflows they serve and look for repeated policy text, duplicated file context, and tool instructions that never trigger. Move stable policy into hooks or reusable templates and keep run-specific prompts focused on the actual task.",Can you propose a prompt review checklist for cost and hallucination risk?,conv-ab285cb579,,[],[],0,req-8c91d3ca1eb7
2026-05-14,prompt-logs/chat/2026/05/14/kiro_chat_prompt_log.json,"Given this payment service refactor plan, where are we likely over-pulling context and increasing hallucination risk?",MANUAL,,d-92675051d5.0ec463de-81c2-4f79-9d4c-029f7bb0f101,2026-05-14T17:36:00Z,"The highest risk is sending every service, DTO, and migration file into the same request. Split discovery from implementation, summarize upstream contracts first, and only attach files directly relevant to the current change set.",What should the step-by-step agent flow look like after that split?,conv-1fbaa6d124,,[],[],0,req-8f14fa230371
2026-05-14,prompt-logs/chat/2026/05/14/kiro_chat_prompt_log.json,What guardrails should we add so SRE investigations use tools first and only escalate to larger models when needed?,INLINE_CHAT,,d-92675051d5.6273ba8a-bb02-425f-b443-3d4dcb2c9108,2026-05-14T18:00:00Z,"Start with deterministic checks such as logs, metrics, config diffs, and runbooks. Escalate to a larger model only after those signals are summarized, and require the final prompt to include the incident scope and exact evidence instead of raw dumps.",Can you draft a hook policy that enforces that escalation pattern?,conv-3bab40edf1,,[],[],0,req-918f25281ed7
2026-05-14,prompt-logs/chat/2026/05/14/kiro_chat_prompt_log.json,Review this modernization workflow and suggest how we should route simple code transforms versus deeper architecture questions to control Kiro credit usage.,MANUAL,,d-92675051d5.0ec463de-81c2-4f79-9d4c-029f7bb0f101,2026-05-14T13:38:00Z,Use a lighter default path for single-file transforms and reserve the higher-cost model only for cross-file refactors or design decisions. Add a first pass that trims unchanged files from context and sends documentation lookups to tools instead of the primary chat model.,"Can you turn that into a policy table for transform, review, and architecture tasks?",conv-ebff08b720,,[],"[{""uri"":""https://docs.aws.amazon.com/lambda/latest/dg/welcome.html"",""title"":""[1] AWS Lambda Developer Guide"",""snippet"":""Developer guide for building, deploying, and operating AWS Lambda functions.""}]",1,req-96ed4891c741
2026-05-14,prompt-logs/chat/2026/05/14/kiro_chat_prompt_log.json,We want to evaluate whether our guardrail prompts are too broad and causing unnecessary token usage. What is the fastest way to inspect that?,INLINE_CHAT,,d-92675051d5.9b1ac779-7da0-470f-bfd8-fba1849ca111,2026-05-14T14:14:00Z,"Compare the longest prompts against the workflows they serve and look for repeated policy text, duplicated file context, and tool instructions that never trigger. Move stable policy into hooks or reusable templates and keep run-specific prompts focused on the actual task.",Can you propose a prompt review checklist for cost and hallucination risk?,conv-01bb5d5143,,[],[],0,req-9b0f5063f9f7
2026-05-14,prompt-logs/chat/2026/05/14/kiro_chat_prompt_log.json,We need per-user cost visibility for analytics workflows. What should we capture so we can separate exploratory prompts from production dashboard work?,MANUAL,,d-92675051d5.4a0a1ddb-32de-4237-b40f-cbc81f6ae105,2026-05-14T12:42:00Z,"Track the user, conversation, trigger type, and whether the request was an ad hoc question, spec task, or tool-assisted workflow. That separation makes it easier to route exploratory work to smaller models and keep scheduled or governed work on stricter guardrails.",Can you suggest dashboard dimensions for exploratory versus governed analytics work?,conv-8c49ce5e3b,,[],"[{""uri"":""https://docs.aws.amazon.com/athena/latest/ug/what-is.html"",""title"":""[1] What is Amazon Athena?"",""snippet"":""Overview of using Amazon Athena to query data in Amazon S3.""}]",1,req-9e55e22a2e36
2026-05-14,prompt-logs/chat/2026/05/14/kiro_chat_prompt_log.json,We need per-user cost visibility for analytics workflows. What should we capture so we can separate exploratory prompts from production dashboard work?,MANUAL,,d-92675051d5.4a0a1ddb-32de-4237-b40f-cbc81f6ae105,2026-05-14T09:20:00Z,"Track the user, conversation, trigger type, and whether the request was an ad hoc question, spec task, or tool-assisted workflow. That separation makes it easier to route exploratory work to smaller models and keep scheduled or governed work on stricter guardrails.",Can you suggest dashboard dimensions for exploratory versus governed analytics work?,conv-0a87c3e363,,[],"[{""uri"":""https://docs.aws.amazon.com/athena/latest/ug/what-is.html"",""title"":""[1] What is Amazon Athena?"",""snippet"":""Overview of using Amazon Athena to query data in Amazon S3.""}]",1,req-a33f4eb8af4c
2026-05-14,prompt-logs/chat/2026/05/14/kiro_chat_prompt_log.json,We need per-user cost visibility for analytics workflows. What should we capture so we can separate exploratory prompts from production dashboard work?,MANUAL,,d-92675051d5.4a0a1ddb-32de-4237-b40f-cbc81f6ae105,2026-05-14T12:29:00Z,"Track the user, conversation, trigger type, and whether the request was an ad hoc question, spec task, or tool-assisted workflow. That separation makes it easier to route exploratory work to smaller models and keep scheduled or governed work on stricter guardrails.",Can you suggest dashboard dimensions for exploratory versus governed analytics work?,conv-5ad0b9cb68,,[],"[{""uri"":""https://docs.aws.amazon.com/athena/latest/ug/what-is.html"",""title"":""[1] What is Amazon Athena?"",""snippet"":""Overview of using Amazon Athena to query data in Amazon S3.""}]",1,req-a51170e7a478
2026-05-14,prompt-logs/chat/2026/05/14/kiro_chat_prompt_log.json,What guardrails should we add so SRE investigations use tools first and only escalate to larger models when needed?,MANUAL,,d-92675051d5.838f6b85-1e72-4404-a193-f1b0dc79d107,2026-05-14T13:57:00Z,"Start with deterministic checks such as logs, metrics, config diffs, and runbooks. Escalate to a larger model only after those signals are summarized, and require the final prompt to include the incident scope and exact evidence instead of raw dumps.",Can you draft a hook policy that enforces that escalation pattern?,conv-51772a4ce5,,[],[],0,req-a780c96d9a72
2026-05-14,prompt-logs/chat/2026/05/14/kiro_chat_prompt_log.json,What guardrails should we add so SRE investigations use tools first and only escalate to larger models when needed?,MANUAL,,d-92675051d5.3b537ba7-2c3b-4a6c-aec6-61e594bd1109,2026-05-14T10:42:00Z,"Start with deterministic checks such as logs, metrics, config diffs, and runbooks. Escalate to a larger model only after those signals are summarized, and require the final prompt to include the incident scope and exact evidence instead of raw dumps.",Can you draft a hook policy that enforces that escalation pattern?,conv-a44adcff0f,,[],[],0,req-a9067fcb8872
2026-05-14,prompt-logs/chat/2026/05/14/kiro_chat_prompt_log.json,Help me reduce credit burn in our automated test-generation loop without losing coverage.,MANUAL,,d-92675051d5.797d1e6c-6d5f-41a9-8dc7-53d2ef14e102,2026-05-14T10:40:00Z,"Generate a lightweight test plan first, then ask Kiro to produce tests only for the selected cases. Reuse repository summaries across runs and gate expensive review passes behind coverage or failure thresholds.","Can you show a low-cost orchestration pattern for plan, generate, and review?",conv-c8de035f22,,[],[],0,req-a9def64f7320
2026-05-14,prompt-logs/chat/2026/05/14/kiro_chat_prompt_log.json,We need per-user cost visibility for analytics workflows. What should we capture so we can separate exploratory prompts from production dashboard work?,MANUAL,,d-92675051d5.33a7a52f-dbf7-4f6b-89c9-43d30a61e104,2026-05-14T13:27:00Z,"Track the user, conversation, trigger type, and whether the request was an ad hoc question, spec task, or tool-assisted workflow. That separation makes it easier to route exploratory work to smaller models and keep scheduled or governed work on stricter guardrails.",Can you suggest dashboard dimensions for exploratory versus governed analytics work?,conv-997727327b,,[],"[{""uri"":""https://docs.aws.amazon.com/athena/latest/ug/what-is.html"",""title"":""[1] What is Amazon Athena?"",""snippet"":""Overview of using Amazon Athena to query data in Amazon S3.""}]",1,req-aefbf3d2110c
2026-05-14,prompt-logs/chat/2026/05/14/kiro_chat_prompt_log.json,We need per-user cost visibility for analytics workflows. What should we capture so we can separate exploratory prompts from production dashboard work?,MANUAL,,d-92675051d5.7e23e16f-5eb6-49f0-8e5d-a84c5ad99106,2026-05-14T17:16:00Z,"Track the user, conversation, trigger type, and whether the request was an ad hoc question, spec task, or tool-assisted workflow. That separation makes it easier to route exploratory work to smaller models and keep scheduled or governed work on stricter guardrails.",Can you suggest dashboard dimensions for exploratory versus governed analytics work?,conv-20eca15f0d,,[],"[{""uri"":""https://docs.aws.amazon.com/athena/latest/ug/what-is.html"",""title"":""[1] What is Amazon Athena?"",""snippet"":""Overview of using Amazon Athena to query data in Amazon S3.""}]",1,req-afd5e9bd7bb7
2026-05-14,prompt-logs/chat/2026/05/14/kiro_chat_prompt_log.json,"Given this payment service refactor plan, where are we likely over-pulling context and increasing hallucination risk?",MANUAL,,d-92675051d5.f12818d1-8f2c-4d54-9188-4f7224a4d103,2026-05-14T16:02:00Z,"The highest risk is sending every service, DTO, and migration file into the same request. Split discovery from implementation, summarize upstream contracts first, and only attach files directly relevant to the current change set.",What should the step-by-step agent flow look like after that split?,conv-66a2e028ae,,[],[],0,req-b22c9102ac60
2026-05-14,prompt-logs/chat/2026/05/14/kiro_chat_prompt_log.json,What guardrails should we add so SRE investigations use tools first and only escalate to larger models when needed?,MANUAL,,d-92675051d5.3b537ba7-2c3b-4a6c-aec6-61e594bd1109,2026-05-14T15:52:00Z,"Start with deterministic checks such as logs, metrics, config diffs, and runbooks. Escalate to a larger model only after those signals are summarized, and require the final prompt to include the incident scope and exact evidence instead of raw dumps.",Can you draft a hook policy that enforces that escalation pattern?,conv-0ad54d674f,,[],[],0,req-b2514305e56b
2026-05-14,prompt-logs/chat/2026/05/14/kiro_chat_prompt_log.json,"Given this payment service refactor plan, where are we likely over-pulling context and increasing hallucination risk?",INLINE_CHAT,,d-92675051d5.0ec463de-81c2-4f79-9d4c-029f7bb0f101,2026-05-14T13:13:00Z,"The highest risk is sending every service, DTO, and migration file into the same request. Split discovery from implementation, summarize upstream contracts first, and only attach files directly relevant to the current change set.",What should the step-by-step agent flow look like after that split?,conv-ebff08b720,,[],[],0,req-b640ce333e76
2026-05-14,prompt-logs/chat/2026/05/14/kiro_chat_prompt_log.json,Design an AI SDLC flow that gives us visibility into which orchestration steps are driving most of the Kiro usage.,MANUAL,,d-92675051d5.a9a3e94b-b147-4fb7-9934-f5ea941fd110,2026-05-14T18:29:00Z,"Label each step in the orchestration chain and persist request metadata with a workflow stage tag such as discovery, planning, implementation, review, or validation. With those tags you can attribute credits to the exact stage and then adjust routing or context budgets where the spikes occur.",What tags should we standardize on for multi-agent SDLC workflows?,conv-f6d2903290,,[],"[{""uri"":""https://docs.aws.amazon.com/quicksight/latest/user/welcome.html"",""title"":""[1] Amazon QuickSight User Guide"",""snippet"":""Guidance for building dashboards and visual analyses in Amazon QuickSight.""}]",1,req-b810ef9ae0dc
2026-05-14,prompt-logs/chat/2026/05/14/kiro_chat_prompt_log.json,Design an AI SDLC flow that gives us visibility into which orchestration steps are driving most of the Kiro usage.,MANUAL,,d-92675051d5.59888cc4-2dac-4454-a84e-b7968ad4e112,2026-05-14T13:34:00Z,"Label each step in the orchestration chain and persist request metadata with a workflow stage tag such as discovery, planning, implementation, review, or validation. With those tags you can attribute credits to the exact stage and then adjust routing or context budgets where the spikes occur.",What tags should we standardize on for multi-agent SDLC workflows?,conv-414b4b8485,,[],"[{""uri"":""https://docs.aws.amazon.com/quicksight/latest/user/welcome.html"",""title"":""[1] Amazon QuickSight User Guide"",""snippet"":""Guidance for building dashboards and visual analyses in Amazon QuickSight.""}]",1,req-ba274e4e6faf
2026-05-14,prompt-logs/chat/2026/05/14/kiro_chat_prompt_log.json,Review this modernization workflow and suggest how we should route simple code transforms versus deeper architecture questions to control Kiro credit usage.,MANUAL,,d-92675051d5.f12818d1-8f2c-4d54-9188-4f7224a4d103,2026-05-14T17:31:00Z,Use a lighter default path for single-file transforms and reserve the higher-cost model only for cross-file refactors or design decisions. Add a first pass that trims unchanged files from context and sends documentation lookups to tools instead of the primary chat model.,"Can you turn that into a policy table for transform, review, and architecture tasks?",conv-d0c861c9a1,,[],"[{""uri"":""https://docs.aws.amazon.com/lambda/latest/dg/welcome.html"",""title"":""[1] AWS Lambda Developer Guide"",""snippet"":""Developer guide for building, deploying, and operating AWS Lambda functions.""}]",1,req-bbe525ea5eab
2026-05-14,prompt-logs/chat/2026/05/14/kiro_chat_prompt_log.json,Design an AI SDLC flow that gives us visibility into which orchestration steps are driving most of the Kiro usage.,MANUAL,,d-92675051d5.59888cc4-2dac-4454-a84e-b7968ad4e112,2026-05-14T11:08:00Z,"Label each step in the orchestration chain and persist request metadata with a workflow stage tag such as discovery, planning, implementation, review, or validation. With those tags you can attribute credits to the exact stage and then adjust routing or context budgets where the spikes occur.",What tags should we standardize on for multi-agent SDLC workflows?,conv-4e151f2c7c,,[],"[{""uri"":""https://docs.aws.amazon.com/quicksight/latest/user/welcome.html"",""title"":""[1] Amazon QuickSight User Guide"",""snippet"":""Guidance for building dashboards and visual analyses in Amazon QuickSight.""}]",1,req-c86e1d8ba585
2026-05-14,prompt-logs/chat/2026/05/14/kiro_chat_prompt_log.json,Design an AI SDLC flow that gives us visibility into which orchestration steps are driving most of the Kiro usage.,MANUAL,,d-92675051d5.a9a3e94b-b147-4fb7-9934-f5ea941fd110,2026-05-14T13:26:00Z,"Label each step in the orchestration chain and persist request metadata with a workflow stage tag such as discovery, planning, implementation, review, or validation. With those tags you can attribute credits to the exact stage and then adjust routing or context budgets where the spikes occur.",What tags should we standardize on for multi-agent SDLC workflows?,conv-b184e3ca88,,[],"[{""uri"":""https://docs.aws.amazon.com/quicksight/latest/user/welcome.html"",""title"":""[1] Amazon QuickSight User Guide"",""snippet"":""Guidance for building dashboards and visual analyses in Amazon QuickSight.""}]",1,req-cd73dcf4f2fa
2026-05-14,prompt-logs/chat/2026/05/14/kiro_chat_prompt_log.json,What guardrails should we add so SRE investigations use tools first and only escalate to larger models when needed?,MANUAL,,d-92675051d5.3b537ba7-2c3b-4a6c-aec6-61e594bd1109,2026-05-14T12:21:00Z,"Start with deterministic checks such as logs, metrics, config diffs, and runbooks. Escalate to a larger model only after those signals are summarized, and require the final prompt to include the incident scope and exact evidence instead of raw dumps.",Can you draft a hook policy that enforces that escalation pattern?,conv-718b9fdb24,,[],[],0,req-d0bb7b6aba31
2026-05-14,prompt-logs/chat/2026/05/14/kiro_chat_prompt_log.json,Help me reduce credit burn in our automated test-generation loop without losing coverage.,MANUAL,,d-92675051d5.797d1e6c-6d5f-41a9-8dc7-53d2ef14e102,2026-05-14T14:14:00Z,"Generate a lightweight test plan first, then ask Kiro to produce tests only for the selected cases. Reuse repository summaries across runs and gate expensive review passes behind coverage or failure thresholds.","Can you show a low-cost orchestration pattern for plan, generate, and review?",conv-c8de035f22,,[],[],0,req-d148f146f92a
2026-05-14,prompt-logs/chat/2026/05/14/kiro_chat_prompt_log.json,We need per-user cost visibility for analytics workflows. What should we capture so we can separate exploratory prompts from production dashboard work?,MANUAL,,d-92675051d5.33a7a52f-dbf7-4f6b-89c9-43d30a61e104,2026-05-14T17:58:00Z,"Track the user, conversation, trigger type, and whether the request was an ad hoc question, spec task, or tool-assisted workflow. That separation makes it easier to route exploratory work to smaller models and keep scheduled or governed work on stricter guardrails.",Can you suggest dashboard dimensions for exploratory versus governed analytics work?,conv-b70bf16834,,[],"[{""uri"":""https://docs.aws.amazon.com/athena/latest/ug/what-is.html"",""title"":""[1] What is Amazon Athena?"",""snippet"":""Overview of using Amazon Athena to query data in Amazon S3.""}]",1,req-d67405980ac0
2026-05-14,prompt-logs/chat/2026/05/14/kiro_chat_prompt_log.json,We need per-user cost visibility for analytics workflows. What should we capture so we can separate exploratory prompts from production dashboard work?,MANUAL,,d-92675051d5.33a7a52f-dbf7-4f6b-89c9-43d30a61e104,2026-05-14T09:44:00Z,"Track the user, conversation, trigger type, and whether the request was an ad hoc question, spec task, or tool-assisted workflow. That separation makes it easier to route exploratory work to smaller models and keep scheduled or governed work on stricter guardrails.",Can you suggest dashboard dimensions for exploratory versus governed analytics work?,conv-5fd69dd1e9,,[],"[{""uri"":""https://docs.aws.amazon.com/athena/latest/ug/what-is.html"",""title"":""[1] What is Amazon Athena?"",""snippet"":""Overview of using Amazon Athena to query data in Amazon S3.""}]",1,req-da668208ad09
2026-05-14,prompt-logs/chat/2026/05/14/kiro_chat_prompt_log.json,Help me reduce credit burn in our automated test-generation loop without losing coverage.,MANUAL,,d-92675051d5.797d1e6c-6d5f-41a9-8dc7-53d2ef14e102,2026-05-14T12:59:00Z,"Generate a lightweight test plan first, then ask Kiro to produce tests only for the selected cases. Reuse repository summaries across runs and gate expensive review passes behind coverage or failure thresholds.","Can you show a low-cost orchestration pattern for plan, generate, and review?",conv-77ab6cbed2,,[],[],0,req-dec586798944
2026-05-14,prompt-logs/chat/2026/05/14/kiro_chat_prompt_log.json,Help me reduce credit burn in our automated test-generation loop without losing coverage.,MANUAL,,d-92675051d5.797d1e6c-6d5f-41a9-8dc7-53d2ef14e102,2026-05-14T17:11:00Z,"Generate a lightweight test plan first, then ask Kiro to produce tests only for the selected cases. Reuse repository summaries across runs and gate expensive review passes behind coverage or failure thresholds.","Can you show a low-cost orchestration pattern for plan, generate, and review?",conv-90fb319e6f,,[],[],0,req-e4b3fe132ab5
2026-05-14,prompt-logs/chat/2026/05/14/kiro_chat_prompt_log.json,Review this modernization workflow and suggest how we should route simple code transforms versus deeper architecture questions to control Kiro credit usage.,MANUAL,,d-92675051d5.f12818d1-8f2c-4d54-9188-4f7224a4d103,2026-05-14T09:57:00Z,Use a lighter default path for single-file transforms and reserve the higher-cost model only for cross-file refactors or design decisions. Add a first pass that trims unchanged files from context and sends documentation lookups to tools instead of the primary chat model.,"Can you turn that into a policy table for transform, review, and architecture tasks?",conv-672ae6a8aa,,[],"[{""uri"":""https://docs.aws.amazon.com/lambda/latest/dg/welcome.html"",""title"":""[1] AWS Lambda Developer Guide"",""snippet"":""Developer guide for building, deploying, and operating AWS Lambda functions.""}]",1,req-e782f3b3482c
2026-05-14,prompt-logs/chat/2026/05/14/kiro_chat_prompt_log.json,Help me reduce credit burn in our automated test-generation loop without losing coverage.,MANUAL,,d-92675051d5.797d1e6c-6d5f-41a9-8dc7-53d2ef14e102,2026-05-14T11:31:00Z,"Generate a lightweight test plan first, then ask Kiro to produce tests only for the selected cases. Reuse repository summaries across runs and gate expensive review passes behind coverage or failure thresholds.","Can you show a low-cost orchestration pattern for plan, generate, and review?",conv-77ab6cbed2,,[],[],0,req-ee3386e8d340
2026-05-14,prompt-logs/chat/2026/05/14/kiro_chat_prompt_log.json,Design an AI SDLC flow that gives us visibility into which orchestration steps are driving most of the Kiro usage.,MANUAL,,d-92675051d5.a9a3e94b-b147-4fb7-9934-f5ea941fd110,2026-05-14T13:13:00Z,"Label each step in the orchestration chain and persist request metadata with a workflow stage tag such as discovery, planning, implementation, review, or validation. With those tags you can attribute credits to the exact stage and then adjust routing or context budgets where the spikes occur.",What tags should we standardize on for multi-agent SDLC workflows?,conv-d3e58ef128,,[],"[{""uri"":""https://docs.aws.amazon.com/quicksight/latest/user/welcome.html"",""title"":""[1] Amazon QuickSight User Guide"",""snippet"":""Guidance for building dashboards and visual analyses in Amazon QuickSight.""}]",1,req-eead93bbd24f
2026-05-14,prompt-logs/chat/2026/05/14/kiro_chat_prompt_log.json,"Given this payment service refactor plan, where are we likely over-pulling context and increasing hallucination risk?",MANUAL,,d-92675051d5.0ec463de-81c2-4f79-9d4c-029f7bb0f101,2026-05-14T11:31:00Z,"The highest risk is sending every service, DTO, and migration file into the same request. Split discovery from implementation, summarize upstream contracts first, and only attach files directly relevant to the current change set.",What should the step-by-step agent flow look like after that split?,conv-9470573d21,,[],[],0,req-f2f54b4d3d5f
2026-05-14,prompt-logs/chat/2026/05/14/kiro_chat_prompt_log.json,What guardrails should we add so SRE investigations use tools first and only escalate to larger models when needed?,MANUAL,,d-92675051d5.6273ba8a-bb02-425f-b443-3d4dcb2c9108,2026-05-14T13:05:00Z,"Start with deterministic checks such as logs, metrics, config diffs, and runbooks. Escalate to a larger model only after those signals are summarized, and require the final prompt to include the incident scope and exact evidence instead of raw dumps.",Can you draft a hook policy that enforces that escalation pattern?,conv-9808a68cf1,,[],[],0,req-f4f7e52d3e20
2026-05-14,prompt-logs/chat/2026/05/14/kiro_chat_prompt_log.json,Review this modernization workflow and suggest how we should route simple code transforms versus deeper architecture questions to control Kiro credit usage.,INLINE_CHAT,,d-92675051d5.0ec463de-81c2-4f79-9d4c-029f7bb0f101,2026-05-14T11:47:00Z,Use a lighter default path for single-file transforms and reserve the higher-cost model only for cross-file refactors or design decisions. Add a first pass that trims unchanged files from context and sends documentation lookups to tools instead of the primary chat model.,"Can you turn that into a policy table for transform, review, and architecture tasks?",conv-6e3aa74e69,,[],"[{""uri"":""https://docs.aws.amazon.com/lambda/latest/dg/welcome.html"",""title"":""[1] AWS Lambda Developer Guide"",""snippet"":""Developer guide for building, deploying, and operating AWS Lambda functions.""}]",1,req-f5cf26daefb0
2026-05-14,prompt-logs/chat/2026/05/14/kiro_chat_prompt_log.json,Design an AI SDLC flow that gives us visibility into which orchestration steps are driving most of the Kiro usage.,MANUAL,,d-92675051d5.a9a3e94b-b147-4fb7-9934-f5ea941fd110,2026-05-14T11:57:00Z,"Label each step in the orchestration chain and persist request metadata with a workflow stage tag such as discovery, planning, implementation, review, or validation. With those tags you can attribute credits to the exact stage and then adjust routing or context budgets where the spikes occur.",What tags should we standardize on for multi-agent SDLC workflows?,conv-b184e3ca88,,[],"[{""uri"":""https://docs.aws.amazon.com/quicksight/latest/user/welcome.html"",""title"":""[1] Amazon QuickSight User Guide"",""snippet"":""Guidance for building dashboards and visual analyses in Amazon QuickSight.""}]",1,req-fb5d849087c0
2026-05-14,prompt-logs/chat/2026/05/14/kiro_chat_prompt_log.json,What guardrails should we add so SRE investigations use tools first and only escalate to larger models when needed?,INLINE_CHAT,,d-92675051d5.838f6b85-1e72-4404-a193-f1b0dc79d107,2026-05-14T14:23:00Z,"Start with deterministic checks such as logs, metrics, config diffs, and runbooks. Escalate to a larger model only after those signals are summarized, and require the final prompt to include the incident scope and exact evidence instead of raw dumps.",Can you draft a hook policy that enforces that escalation pattern?,conv-a7d9f63a28,,[],[],0,req-fb9a1d68ed63
2026-05-14,prompt-logs/chat/2026/05/14/kiro_chat_prompt_log.json,Help me reduce credit burn in our automated test-generation loop without losing coverage.,MANUAL,,d-92675051d5.797d1e6c-6d5f-41a9-8dc7-53d2ef14e102,2026-05-14T16:46:00Z,"Generate a lightweight test plan first, then ask Kiro to produce tests only for the selected cases. Reuse repository summaries across runs and gate expensive review passes behind coverage or failure thresholds.","Can you show a low-cost orchestration pattern for plan, generate, and review?",conv-2cd14a7e85,,[],[],0,req-fba5c3570b92
2026-05-15,prompt-logs/chat/2026/05/15/kiro_chat_prompt_log.json,We need per-user cost visibility for analytics workflows. What should we capture so we can separate exploratory prompts from production dashboard work?,MANUAL,,d-92675051d5.33a7a52f-dbf7-4f6b-89c9-43d30a61e104,2026-05-15T13:58:00Z,"Track the user, conversation, trigger type, and whether the request was an ad hoc question, spec task, or tool-assisted workflow. That separation makes it easier to route exploratory work to smaller models and keep scheduled or governed work on stricter guardrails.",Can you suggest dashboard dimensions for exploratory versus governed analytics work?,conv-3667fc30bf,,[],"[{""uri"":""https://docs.aws.amazon.com/athena/latest/ug/what-is.html"",""title"":""[1] What is Amazon Athena?"",""snippet"":""Overview of using Amazon Athena to query data in Amazon S3.""}]",1,req-01388aa67a29
2026-05-15,prompt-logs/chat/2026/05/15/kiro_chat_prompt_log.json,What guardrails should we add so SRE investigations use tools first and only escalate to larger models when needed?,MANUAL,,d-92675051d5.6273ba8a-bb02-425f-b443-3d4dcb2c9108,2026-05-15T17:24:00Z,"Start with deterministic checks such as logs, metrics, config diffs, and runbooks. Escalate to a larger model only after those signals are summarized, and require the final prompt to include the incident scope and exact evidence instead of raw dumps.",Can you draft a hook policy that enforces that escalation pattern?,conv-e0668e9d1f,,[],[],0,req-030edaa125af
2026-05-15,prompt-logs/chat/2026/05/15/kiro_chat_prompt_log.json,What guardrails should we add so SRE investigations use tools first and only escalate to larger models when needed?,MANUAL,,d-92675051d5.838f6b85-1e72-4404-a193-f1b0dc79d107,2026-05-15T09:34:00Z,"Start with deterministic checks such as logs, metrics, config diffs, and runbooks. Escalate to a larger model only after those signals are summarized, and require the final prompt to include the incident scope and exact evidence instead of raw dumps.",Can you draft a hook policy that enforces that escalation pattern?,conv-4d87acfa31,,[],[],0,req-0391b6fffcc3
2026-05-15,prompt-logs/chat/2026/05/15/kiro_chat_prompt_log.json,Design an AI SDLC flow that gives us visibility into which orchestration steps are driving most of the Kiro usage.,MANUAL,,d-92675051d5.a9a3e94b-b147-4fb7-9934-f5ea941fd110,2026-05-15T12:11:00Z,"Label each step in the orchestration chain and persist request metadata with a workflow stage tag such as discovery, planning, implementation, review, or validation. With those tags you can attribute credits to the exact stage and then adjust routing or context budgets where the spikes occur.",What tags should we standardize on for multi-agent SDLC workflows?,conv-f2435f0e19,,[],"[{""uri"":""https://docs.aws.amazon.com/quicksight/latest/user/welcome.html"",""title"":""[1] Amazon QuickSight User Guide"",""snippet"":""Guidance for building dashboards and visual analyses in Amazon QuickSight.""}]",1,req-08f6cd245953
2026-05-15,prompt-logs/chat/2026/05/15/kiro_chat_prompt_log.json,Review this modernization workflow and suggest how we should route simple code transforms versus deeper architecture questions to control Kiro credit usage.,MANUAL,,d-92675051d5.0ec463de-81c2-4f79-9d4c-029f7bb0f101,2026-05-15T16:48:00Z,Use a lighter default path for single-file transforms and reserve the higher-cost model only for cross-file refactors or design decisions. Add a first pass that trims unchanged files from context and sends documentation lookups to tools instead of the primary chat model.,"Can you turn that into a policy table for transform, review, and architecture tasks?",conv-b20b54fb3a,,[],"[{""uri"":""https://docs.aws.amazon.com/lambda/latest/dg/welcome.html"",""title"":""[1] AWS Lambda Developer Guide"",""snippet"":""Developer guide for building, deploying, and operating AWS Lambda functions.""}]",1,req-10b991cb9fd9
2026-05-15,prompt-logs/chat/2026/05/15/kiro_chat_prompt_log.json,Review this modernization workflow and suggest how we should route simple code transforms versus deeper architecture questions to control Kiro credit usage.,INLINE_CHAT,,d-92675051d5.0ec463de-81c2-4f79-9d4c-029f7bb0f101,2026-05-15T18:28:00Z,Use a lighter default path for single-file transforms and reserve the higher-cost model only for cross-file refactors or design decisions. Add a first pass that trims unchanged files from context and sends documentation lookups to tools instead of the primary chat model.,"Can you turn that into a policy table for transform, review, and architecture tasks?",conv-b7d5b7fe92,,[],"[{""uri"":""https://docs.aws.amazon.com/lambda/latest/dg/welcome.html"",""title"":""[1] AWS Lambda Developer Guide"",""snippet"":""Developer guide for building, deploying, and operating AWS Lambda functions.""}]",1,req-11a003a09a4a
2026-05-15,prompt-logs/chat/2026/05/15/kiro_chat_prompt_log.json,"Given this payment service refactor plan, where are we likely over-pulling context and increasing hallucination risk?",MANUAL,,d-92675051d5.f12818d1-8f2c-4d54-9188-4f7224a4d103,2026-05-15T12:05:00Z,"The highest risk is sending every service, DTO, and migration file into the same request. Split discovery from implementation, summarize upstream contracts first, and only attach files directly relevant to the current change set.",What should the step-by-step agent flow look like after that split?,conv-bf90c2ffd9,,[],[],0,req-12c4a10cd66d
2026-05-15,prompt-logs/chat/2026/05/15/kiro_chat_prompt_log.json,What guardrails should we add so SRE investigations use tools first and only escalate to larger models when needed?,MANUAL,,d-92675051d5.838f6b85-1e72-4404-a193-f1b0dc79d107,2026-05-15T16:48:00Z,"Start with deterministic checks such as logs, metrics, config diffs, and runbooks. Escalate to a larger model only after those signals are summarized, and require the final prompt to include the incident scope and exact evidence instead of raw dumps.",Can you draft a hook policy that enforces that escalation pattern?,conv-84ec186bfb,,[],[],0,req-13fc07871de6
2026-05-15,prompt-logs/chat/2026/05/15/kiro_chat_prompt_log.json,Help me reduce credit burn in our automated test-generation loop without losing coverage.,MANUAL,,d-92675051d5.797d1e6c-6d5f-41a9-8dc7-53d2ef14e102,2026-05-15T17:38:00Z,"Generate a lightweight test plan first, then ask Kiro to produce tests only for the selected cases. Reuse repository summaries across runs and gate expensive review passes behind coverage or failure thresholds.","Can you show a low-cost orchestration pattern for plan, generate, and review?",conv-7ff1e1200e,,[],[],0,req-1acd978e0710
2026-05-15,prompt-logs/chat/2026/05/15/kiro_chat_prompt_log.json,Design an AI SDLC flow that gives us visibility into which orchestration steps are driving most of the Kiro usage.,MANUAL,,d-92675051d5.a9a3e94b-b147-4fb7-9934-f5ea941fd110,2026-05-15T16:33:00Z,"Label each step in the orchestration chain and persist request metadata with a workflow stage tag such as discovery, planning, implementation, review, or validation. With those tags you can attribute credits to the exact stage and then adjust routing or context budgets where the spikes occur.",What tags should we standardize on for multi-agent SDLC workflows?,conv-47caa37bbd,,[],"[{""uri"":""https://docs.aws.amazon.com/quicksight/latest/user/welcome.html"",""title"":""[1] Amazon QuickSight User Guide"",""snippet"":""Guidance for building dashboards and visual analyses in Amazon QuickSight.""}]",1,req-1e10c9fbb37e
2026-05-15,prompt-logs/chat/2026/05/15/kiro_chat_prompt_log.json,We want to evaluate whether our guardrail prompts are too broad and causing unnecessary token usage. What is the fastest way to inspect that?,MANUAL,,d-92675051d5.9b1ac779-7da0-470f-bfd8-fba1849ca111,2026-05-15T11:50:00Z,"Compare the longest prompts against the workflows they serve and look for repeated policy text, duplicated file context, and tool instructions that never trigger. Move stable policy into hooks or reusable templates and keep run-specific prompts focused on the actual task.",Can you propose a prompt review checklist for cost and hallucination risk?,conv-5f6538215a,,[],[],0,req-1ec44db60632
2026-05-15,prompt-logs/chat/2026/05/15/kiro_chat_prompt_log.json,What guardrails should we add so SRE investigations use tools first and only escalate to larger models when needed?,MANUAL,,d-92675051d5.6273ba8a-bb02-425f-b443-3d4dcb2c9108,2026-05-15T14:54:00Z,"Start with deterministic checks such as logs, metrics, config diffs, and runbooks. Escalate to a larger model only after those signals are summarized, and require the final prompt to include the incident scope and exact evidence instead of raw dumps.",Can you draft a hook policy that enforces that escalation pattern?,conv-cdd254a864,,[],[],0,req-20cf46b93d4b
2026-05-15,prompt-logs/chat/2026/05/15/kiro_chat_prompt_log.json,What guardrails should we add so SRE investigations use tools first and only escalate to larger models when needed?,MANUAL,,d-92675051d5.838f6b85-1e72-4404-a193-f1b0dc79d107,2026-05-15T18:55:00Z,"Start with deterministic checks such as logs, metrics, config diffs, and runbooks. Escalate to a larger model only after those signals are summarized, and require the final prompt to include the incident scope and exact evidence instead of raw dumps.",Can you draft a hook policy that enforces that escalation pattern?,conv-84ec186bfb,,[],[],0,req-281ae29b5737
2026-05-15,prompt-logs/chat/2026/05/15/kiro_chat_prompt_log.json,We want to evaluate whether our guardrail prompts are too broad and causing unnecessary token usage. What is the fastest way to inspect that?,MANUAL,,d-92675051d5.9b1ac779-7da0-470f-bfd8-fba1849ca111,2026-05-15T18:00:00Z,"Compare the longest prompts against the workflows they serve and look for repeated policy text, duplicated file context, and tool instructions that never trigger. Move stable policy into hooks or reusable templates and keep run-specific prompts focused on the actual task.",Can you propose a prompt review checklist for cost and hallucination risk?,conv-1df310e8ac,,[],[],0,req-2875044614aa
2026-05-15,prompt-logs/chat/2026/05/15/kiro_chat_prompt_log.json,We want to evaluate whether our guardrail prompts are too broad and causing unnecessary token usage. What is the fastest way to inspect that?,INLINE_CHAT,,d-92675051d5.9b1ac779-7da0-470f-bfd8-fba1849ca111,2026-05-15T16:03:00Z,"Compare the longest prompts against the workflows they serve and look for repeated policy text, duplicated file context, and tool instructions that never trigger. Move stable policy into hooks or reusable templates and keep run-specific prompts focused on the actual task.",Can you propose a prompt review checklist for cost and hallucination risk?,conv-c80f52bc2c,,[],[],0,req-2f9529204826
2026-05-15,prompt-logs/chat/2026/05/15/kiro_chat_prompt_log.json,We need per-user cost visibility for analytics workflows. What should we capture so we can separate exploratory prompts from production dashboard work?,MANUAL,,d-92675051d5.33a7a52f-dbf7-4f6b-89c9-43d30a61e104,2026-05-15T10:46:00Z,"Track the user, conversation, trigger type, and whether the request was an ad hoc question, spec task, or tool-assisted workflow. That separation makes it easier to route exploratory work to smaller models and keep scheduled or governed work on stricter guardrails.",Can you suggest dashboard dimensions for exploratory versus governed analytics work?,conv-94e7af2cd2,,[],"[{""uri"":""https://docs.aws.amazon.com/athena/latest/ug/what-is.html"",""title"":""[1] What is Amazon Athena?"",""snippet"":""Overview of using Amazon Athena to query data in Amazon S3.""}]",1,req-319967a1e83f
2026-05-15,prompt-logs/chat/2026/05/15/kiro_chat_prompt_log.json,"Given this payment service refactor plan, where are we likely over-pulling context and increasing hallucination risk?",MANUAL,,d-92675051d5.0ec463de-81c2-4f79-9d4c-029f7bb0f101,2026-05-15T15:50:00Z,"The highest risk is sending every service, DTO, and migration file into the same request. Split discovery from implementation, summarize upstream contracts first, and only attach files directly relevant to the current change set.",What should the step-by-step agent flow look like after that split?,conv-a1aac1cdda,,[],[],0,req-3261052f5547
2026-05-15,prompt-logs/chat/2026/05/15/kiro_chat_prompt_log.json,"Given this payment service refactor plan, where are we likely over-pulling context and increasing hallucination risk?",MANUAL,,d-92675051d5.f12818d1-8f2c-4d54-9188-4f7224a4d103,2026-05-15T10:25:00Z,"The highest risk is sending every service, DTO, and migration file into the same request. Split discovery from implementation, summarize upstream contracts first, and only attach files directly relevant to the current change set.",What should the step-by-step agent flow look like after that split?,conv-6e4389e7d2,,[],[],0,req-387ce0fba498
2026-05-15,prompt-logs/chat/2026/05/15/kiro_chat_prompt_log.json,Design an AI SDLC flow that gives us visibility into which orchestration steps are driving most of the Kiro usage.,MANUAL,,d-92675051d5.a9a3e94b-b147-4fb7-9934-f5ea941fd110,2026-05-15T16:20:00Z,"Label each step in the orchestration chain and persist request metadata with a workflow stage tag such as discovery, planning, implementation, review, or validation. With those tags you can attribute credits to the exact stage and then adjust routing or context budgets where the spikes occur.",What tags should we standardize on for multi-agent SDLC workflows?,conv-f2435f0e19,,[],"[{""uri"":""https://docs.aws.amazon.com/quicksight/latest/user/welcome.html"",""title"":""[1] Amazon QuickSight User Guide"",""snippet"":""Guidance for building dashboards and visual analyses in Amazon QuickSight.""}]",1,req-3900a365ff01
2026-05-15,prompt-logs/chat/2026/05/15/kiro_chat_prompt_log.json,Review this modernization workflow and suggest how we should route simple code transforms versus deeper architecture questions to control Kiro credit usage.,MANUAL,,d-92675051d5.f12818d1-8f2c-4d54-9188-4f7224a4d103,2026-05-15T13:32:00Z,Use a lighter default path for single-file transforms and reserve the higher-cost model only for cross-file refactors or design decisions. Add a first pass that trims unchanged files from context and sends documentation lookups to tools instead of the primary chat model.,"Can you turn that into a policy table for transform, review, and architecture tasks?",conv-0fe1dd7af3,,[],"[{""uri"":""https://docs.aws.amazon.com/lambda/latest/dg/welcome.html"",""title"":""[1] AWS Lambda Developer Guide"",""snippet"":""Developer guide for building, deploying, and operating AWS Lambda functions.""}]",1,req-410d22d6b8d9
2026-05-15,prompt-logs/chat/2026/05/15/kiro_chat_prompt_log.json,What guardrails should we add so SRE investigations use tools first and only escalate to larger models when needed?,MANUAL,,d-92675051d5.6273ba8a-bb02-425f-b443-3d4dcb2c9108,2026-05-15T09:41:00Z,"Start with deterministic checks such as logs, metrics, config diffs, and runbooks. Escalate to a larger model only after those signals are summarized, and require the final prompt to include the incident scope and exact evidence instead of raw dumps.",Can you draft a hook policy that enforces that escalation pattern?,conv-9f1d7f66e8,,[],[],0,req-41d95dde3a31
2026-05-15,prompt-logs/chat/2026/05/15/kiro_chat_prompt_log.json,Design an AI SDLC flow that gives us visibility into which orchestration steps are driving most of the Kiro usage.,MANUAL,,d-92675051d5.a9a3e94b-b147-4fb7-9934-f5ea941fd110,2026-05-15T14:31:00Z,"Label each step in the orchestration chain and persist request metadata with a workflow stage tag such as discovery, planning, implementation, review, or validation. With those tags you can attribute credits to the exact stage and then adjust routing or context budgets where the spikes occur.",What tags should we standardize on for multi-agent SDLC workflows?,conv-3035ca0448,,[],"[{""uri"":""https://docs.aws.amazon.com/quicksight/latest/user/welcome.html"",""title"":""[1] Amazon QuickSight User Guide"",""snippet"":""Guidance for building dashboards and visual analyses in Amazon QuickSight.""}]",1,req-477dee0af53d
2026-05-15,prompt-logs/chat/2026/05/15/kiro_chat_prompt_log.json,"Given this payment service refactor plan, where are we likely over-pulling context and increasing hallucination risk?",INLINE_CHAT,,d-92675051d5.f12818d1-8f2c-4d54-9188-4f7224a4d103,2026-05-15T14:12:00Z,"The highest risk is sending every service, DTO, and migration file into the same request. Split discovery from implementation, summarize upstream contracts first, and only attach files directly relevant to the current change set.",What should the step-by-step agent flow look like after that split?,conv-6e4389e7d2,,[],[],0,req-4a6c44b21463
2026-05-15,prompt-logs/chat/2026/05/15/kiro_chat_prompt_log.json,We want to evaluate whether our guardrail prompts are too broad and causing unnecessary token usage. What is the fastest way to inspect that?,MANUAL,,d-92675051d5.9b1ac779-7da0-470f-bfd8-fba1849ca111,2026-05-15T18:29:00Z,"Compare the longest prompts against the workflows they serve and look for repeated policy text, duplicated file context, and tool instructions that never trigger. Move stable policy into hooks or reusable templates and keep run-specific prompts focused on the actual task.",Can you propose a prompt review checklist for cost and hallucination risk?,conv-b01a63c5bc,,[],[],0,req-4a770649b603
2026-05-15,prompt-logs/chat/2026/05/15/kiro_chat_prompt_log.json,We want to evaluate whether our guardrail prompts are too broad and causing unnecessary token usage. What is the fastest way to inspect that?,INLINE_CHAT,,d-92675051d5.9b1ac779-7da0-470f-bfd8-fba1849ca111,2026-05-15T16:19:00Z,"Compare the longest prompts against the workflows they serve and look for repeated policy text, duplicated file context, and tool instructions that never trigger. Move stable policy into hooks or reusable templates and keep run-specific prompts focused on the actual task.",Can you propose a prompt review checklist for cost and hallucination risk?,conv-fef415920f,,[],[],0,req-504f47281d8e
2026-05-15,prompt-logs/chat/2026/05/15/kiro_chat_prompt_log.json,We need per-user cost visibility for analytics workflows. What should we capture so we can separate exploratory prompts from production dashboard work?,MANUAL,,d-92675051d5.33a7a52f-dbf7-4f6b-89c9-43d30a61e104,2026-05-15T12:42:00Z,"Track the user, conversation, trigger type, and whether the request was an ad hoc question, spec task, or tool-assisted workflow. That separation makes it easier to route exploratory work to smaller models and keep scheduled or governed work on stricter guardrails.",Can you suggest dashboard dimensions for exploratory versus governed analytics work?,conv-2db3c4540e,,[],"[{""uri"":""https://docs.aws.amazon.com/athena/latest/ug/what-is.html"",""title"":""[1] What is Amazon Athena?"",""snippet"":""Overview of using Amazon Athena to query data in Amazon S3.""}]",1,req-519940416653
2026-05-15,prompt-logs/chat/2026/05/15/kiro_chat_prompt_log.json,"Given this payment service refactor plan, where are we likely over-pulling context and increasing hallucination risk?",MANUAL,,d-92675051d5.0ec463de-81c2-4f79-9d4c-029f7bb0f101,2026-05-15T09:13:00Z,"The highest risk is sending every service, DTO, and migration file into the same request. Split discovery from implementation, summarize upstream contracts first, and only attach files directly relevant to the current change set.",What should the step-by-step agent flow look like after that split?,conv-a1aac1cdda,,[],[],0,req-532dcebd2edf
2026-05-15,prompt-logs/chat/2026/05/15/kiro_chat_prompt_log.json,We want to evaluate whether our guardrail prompts are too broad and causing unnecessary token usage. What is the fastest way to inspect that?,INLINE_CHAT,,d-92675051d5.9b1ac779-7da0-470f-bfd8-fba1849ca111,2026-05-15T11:53:00Z,"Compare the longest prompts against the workflows they serve and look for repeated policy text, duplicated file context, and tool instructions that never trigger. Move stable policy into hooks or reusable templates and keep run-specific prompts focused on the actual task.",Can you propose a prompt review checklist for cost and hallucination risk?,conv-1df310e8ac,,[],[],0,req-593f486ddc3d
2026-05-15,prompt-logs/chat/2026/05/15/kiro_chat_prompt_log.json,We want to evaluate whether our guardrail prompts are too broad and causing unnecessary token usage. What is the fastest way to inspect that?,INLINE_CHAT,,d-92675051d5.9b1ac779-7da0-470f-bfd8-fba1849ca111,2026-05-15T16:19:00Z,"Compare the longest prompts against the workflows they serve and look for repeated policy text, duplicated file context, and tool instructions that never trigger. Move stable policy into hooks or reusable templates and keep run-specific prompts focused on the actual task.",Can you propose a prompt review checklist for cost and hallucination risk?,conv-c80f52bc2c,,[],[],0,req-5d107b3d4568
2026-05-15,prompt-logs/chat/2026/05/15/kiro_chat_prompt_log.json,Help me reduce credit burn in our automated test-generation loop without losing coverage.,MANUAL,,d-92675051d5.797d1e6c-6d5f-41a9-8dc7-53d2ef14e102,2026-05-15T17:26:00Z,"Generate a lightweight test plan first, then ask Kiro to produce tests only for the selected cases. Reuse repository summaries across runs and gate expensive review passes behind coverage or failure thresholds.","Can you show a low-cost orchestration pattern for plan, generate, and review?",conv-ade6152f9a,,[],[],0,req-61ef6aeb6c2c
2026-05-15,prompt-logs/chat/2026/05/15/kiro_chat_prompt_log.json,Design an AI SDLC flow that gives us visibility into which orchestration steps are driving most of the Kiro usage.,MANUAL,,d-92675051d5.a9a3e94b-b147-4fb7-9934-f5ea941fd110,2026-05-15T14:10:00Z,"Label each step in the orchestration chain and persist request metadata with a workflow stage tag such as discovery, planning, implementation, review, or validation. With those tags you can attribute credits to the exact stage and then adjust routing or context budgets where the spikes occur.",What tags should we standardize on for multi-agent SDLC workflows?,conv-47caa37bbd,,[],"[{""uri"":""https://docs.aws.amazon.com/quicksight/latest/user/welcome.html"",""title"":""[1] Amazon QuickSight User Guide"",""snippet"":""Guidance for building dashboards and visual analyses in Amazon QuickSight.""}]",1,req-64653612e7c2
2026-05-15,prompt-logs/chat/2026/05/15/kiro_chat_prompt_log.json,Help me reduce credit burn in our automated test-generation loop without losing coverage.,INLINE_CHAT,,d-92675051d5.797d1e6c-6d5f-41a9-8dc7-53d2ef14e102,2026-05-15T14:33:00Z,"Generate a lightweight test plan first, then ask Kiro to produce tests only for the selected cases. Reuse repository summaries across runs and gate expensive review passes behind coverage or failure thresholds.","Can you show a low-cost orchestration pattern for plan, generate, and review?",conv-142c91e4c9,,[],[],0,req-6940a61290f0
2026-05-15,prompt-logs/chat/2026/05/15/kiro_chat_prompt_log.json,Design an AI SDLC flow that gives us visibility into which orchestration steps are driving most of the Kiro usage.,MANUAL,,d-92675051d5.a9a3e94b-b147-4fb7-9934-f5ea941fd110,2026-05-15T11:42:00Z,"Label each step in the orchestration chain and persist request metadata with a workflow stage tag such as discovery, planning, implementation, review, or validation. With those tags you can attribute credits to the exact stage and then adjust routing or context budgets where the spikes occur.",What tags should we standardize on for multi-agent SDLC workflows?,conv-ba2ba80520,,[],"[{""uri"":""https://docs.aws.amazon.com/quicksight/latest/user/welcome.html"",""title"":""[1] Amazon QuickSight User Guide"",""snippet"":""Guidance for building dashboards and visual analyses in Amazon QuickSight.""}]",1,req-6e59adb7c15b
2026-05-15,prompt-logs/chat/2026/05/15/kiro_chat_prompt_log.json,What guardrails should we add so SRE investigations use tools first and only escalate to larger models when needed?,MANUAL,,d-92675051d5.838f6b85-1e72-4404-a193-f1b0dc79d107,2026-05-15T15:26:00Z,"Start with deterministic checks such as logs, metrics, config diffs, and runbooks. Escalate to a larger model only after those signals are summarized, and require the final prompt to include the incident scope and exact evidence instead of raw dumps.",Can you draft a hook policy that enforces that escalation pattern?,conv-f2fde35b7e,,[],[],0,req-7ab43cdfea22
2026-05-15,prompt-logs/chat/2026/05/15/kiro_chat_prompt_log.json,Review this modernization workflow and suggest how we should route simple code transforms versus deeper architecture questions to control Kiro credit usage.,MANUAL,,d-92675051d5.f12818d1-8f2c-4d54-9188-4f7224a4d103,2026-05-15T18:30:00Z,Use a lighter default path for single-file transforms and reserve the higher-cost model only for cross-file refactors or design decisions. Add a first pass that trims unchanged files from context and sends documentation lookups to tools instead of the primary chat model.,"Can you turn that into a policy table for transform, review, and architecture tasks?",conv-6f048f4151,,[],"[{""uri"":""https://docs.aws.amazon.com/lambda/latest/dg/welcome.html"",""title"":""[1] AWS Lambda Developer Guide"",""snippet"":""Developer guide for building, deploying, and operating AWS Lambda functions.""}]",1,req-7d3f9639bede
2026-05-15,prompt-logs/chat/2026/05/15/kiro_chat_prompt_log.json,What guardrails should we add so SRE investigations use tools first and only escalate to larger models when needed?,MANUAL,,d-92675051d5.838f6b85-1e72-4404-a193-f1b0dc79d107,2026-05-15T16:06:00Z,"Start with deterministic checks such as logs, metrics, config diffs, and runbooks. Escalate to a larger model only after those signals are summarized, and require the final prompt to include the incident scope and exact evidence instead of raw dumps.",Can you draft a hook policy that enforces that escalation pattern?,conv-f2fde35b7e,,[],[],0,req-7f78a09f295a
2026-05-15,prompt-logs/chat/2026/05/15/kiro_chat_prompt_log.json,Help me reduce credit burn in our automated test-generation loop without losing coverage.,MANUAL,,d-92675051d5.797d1e6c-6d5f-41a9-8dc7-53d2ef14e102,2026-05-15T10:50:00Z,"Generate a lightweight test plan first, then ask Kiro to produce tests only for the selected cases. Reuse repository summaries across runs and gate expensive review passes behind coverage or failure thresholds.","Can you show a low-cost orchestration pattern for plan, generate, and review?",conv-52d29aa900,,[],[],0,req-80b005e71678
2026-05-15,prompt-logs/chat/2026/05/15/kiro_chat_prompt_log.json,What guardrails should we add so SRE investigations use tools first and only escalate to larger models when needed?,INLINE_CHAT,,d-92675051d5.6273ba8a-bb02-425f-b443-3d4dcb2c9108,2026-05-15T11:44:00Z,"Start with deterministic checks such as logs, metrics, config diffs, and runbooks. Escalate to a larger model only after those signals are summarized, and require the final prompt to include the incident scope and exact evidence instead of raw dumps.",Can you draft a hook policy that enforces that escalation pattern?,conv-9f1d7f66e8,,[],[],0,req-83e447044ac6
2026-05-15,prompt-logs/chat/2026/05/15/kiro_chat_prompt_log.json,"Given this payment service refactor plan, where are we likely over-pulling context and increasing hallucination risk?",INLINE_CHAT,,d-92675051d5.f12818d1-8f2c-4d54-9188-4f7224a4d103,2026-05-15T11:32:00Z,"The highest risk is sending every service, DTO, and migration file into the same request. Split discovery from implementation, summarize upstream contracts first, and only attach files directly relevant to the current change set.",What should the step-by-step agent flow look like after that split?,conv-bf90c2ffd9,,[],[],0,req-8564a145c720
2026-05-15,prompt-logs/chat/2026/05/15/kiro_chat_prompt_log.json,Design an AI SDLC flow that gives us visibility into which orchestration steps are driving most of the Kiro usage.,MANUAL,,d-92675051d5.a9a3e94b-b147-4fb7-9934-f5ea941fd110,2026-05-15T12:35:00Z,"Label each step in the orchestration chain and persist request metadata with a workflow stage tag such as discovery, planning, implementation, review, or validation. With those tags you can attribute credits to the exact stage and then adjust routing or context budgets where the spikes occur.",What tags should we standardize on for multi-agent SDLC workflows?,conv-ba2ba80520,,[],"[{""uri"":""https://docs.aws.amazon.com/quicksight/latest/user/welcome.html"",""title"":""[1] Amazon QuickSight User Guide"",""snippet"":""Guidance for building dashboards and visual analyses in Amazon QuickSight.""}]",1,req-88347ee3c597
2026-05-15,prompt-logs/chat/2026/05/15/kiro_chat_prompt_log.json,Help me reduce credit burn in our automated test-generation loop without losing coverage.,INLINE_CHAT,,d-92675051d5.797d1e6c-6d5f-41a9-8dc7-53d2ef14e102,2026-05-15T11:38:00Z,"Generate a lightweight test plan first, then ask Kiro to produce tests only for the selected cases. Reuse repository summaries across runs and gate expensive review passes behind coverage or failure thresholds.","Can you show a low-cost orchestration pattern for plan, generate, and review?",conv-ade6152f9a,,[],[],0,req-8966bd79ec13
2026-05-15,prompt-logs/chat/2026/05/15/kiro_chat_prompt_log.json,Help me reduce credit burn in our automated test-generation loop without losing coverage.,INLINE_CHAT,,d-92675051d5.797d1e6c-6d5f-41a9-8dc7-53d2ef14e102,2026-05-15T16:47:00Z,"Generate a lightweight test plan first, then ask Kiro to produce tests only for the selected cases. Reuse repository summaries across runs and gate expensive review passes behind coverage or failure thresholds.","Can you show a low-cost orchestration pattern for plan, generate, and review?",conv-52d29aa900,,[],[],0,req-8b46bfc53ed1
2026-05-15,prompt-logs/chat/2026/05/15/kiro_chat_prompt_log.json,Design an AI SDLC flow that gives us visibility into which orchestration steps are driving most of the Kiro usage.,MANUAL,,d-92675051d5.59888cc4-2dac-4454-a84e-b7968ad4e112,2026-05-15T14:57:00Z,"Label each step in the orchestration chain and persist request metadata with a workflow stage tag such as discovery, planning, implementation, review, or validation. With those tags you can attribute credits to the exact stage and then adjust routing or context budgets where the spikes occur.",What tags should we standardize on for multi-agent SDLC workflows?,conv-80a0093f96,,[],"[{""uri"":""https://docs.aws.amazon.com/quicksight/latest/user/welcome.html"",""title"":""[1] Amazon QuickSight User Guide"",""snippet"":""Guidance for building dashboards and visual analyses in Amazon QuickSight.""}]",1,req-8b56c8740fa8
2026-05-15,prompt-logs/chat/2026/05/15/kiro_chat_prompt_log.json,"Given this payment service refactor plan, where are we likely over-pulling context and increasing hallucination risk?",MANUAL,,d-92675051d5.f12818d1-8f2c-4d54-9188-4f7224a4d103,2026-05-15T13:33:00Z,"The highest risk is sending every service, DTO, and migration file into the same request. Split discovery from implementation, summarize upstream contracts first, and only attach files directly relevant to the current change set.",What should the step-by-step agent flow look like after that split?,conv-7a0e3388be,,[],[],0,req-8edf0d42ae35
2026-05-15,prompt-logs/chat/2026/05/15/kiro_chat_prompt_log.json,"Given this payment service refactor plan, where are we likely over-pulling context and increasing hallucination risk?",MANUAL,,d-92675051d5.0ec463de-81c2-4f79-9d4c-029f7bb0f101,2026-05-15T18:40:00Z,"The highest risk is sending every service, DTO, and migration file into the same request. Split discovery from implementation, summarize upstream contracts first, and only attach files directly relevant to the current change set.",What should the step-by-step agent flow look like after that split?,conv-b7d5b7fe92,,[],[],0,req-8fa41a499277
2026-05-15,prompt-logs/chat/2026/05/15/kiro_chat_prompt_log.json,Design an AI SDLC flow that gives us visibility into which orchestration steps are driving most of the Kiro usage.,MANUAL,,d-92675051d5.59888cc4-2dac-4454-a84e-b7968ad4e112,2026-05-15T12:00:00Z,"Label each step in the orchestration chain and persist request metadata with a workflow stage tag such as discovery, planning, implementation, review, or validation. With those tags you can attribute credits to the exact stage and then adjust routing or context budgets where the spikes occur.",What tags should we standardize on for multi-agent SDLC workflows?,conv-fc8178aaf1,,[],"[{""uri"":""https://docs.aws.amazon.com/quicksight/latest/user/welcome.html"",""title"":""[1] Amazon QuickSight User Guide"",""snippet"":""Guidance for building dashboards and visual analyses in Amazon QuickSight.""}]",1,req-902bb58f6052
2026-05-15,prompt-logs/chat/2026/05/15/kiro_chat_prompt_log.json,Help me reduce credit burn in our automated test-generation loop without losing coverage.,MANUAL,,d-92675051d5.797d1e6c-6d5f-41a9-8dc7-53d2ef14e102,2026-05-15T10:27:00Z,"Generate a lightweight test plan first, then ask Kiro to produce tests only for the selected cases. Reuse repository summaries across runs and gate expensive review passes behind coverage or failure thresholds.","Can you show a low-cost orchestration pattern for plan, generate, and review?",conv-10374c41f5,,[],[],0,req-90619e1894ee
2026-05-15,prompt-logs/chat/2026/05/15/kiro_chat_prompt_log.json,What guardrails should we add so SRE investigations use tools first and only escalate to larger models when needed?,MANUAL,,d-92675051d5.3b537ba7-2c3b-4a6c-aec6-61e594bd1109,2026-05-15T12:34:00Z,"Start with deterministic checks such as logs, metrics, config diffs, and runbooks. Escalate to a larger model only after those signals are summarized, and require the final prompt to include the incident scope and exact evidence instead of raw dumps.",Can you draft a hook policy that enforces that escalation pattern?,conv-33073806e1,,[],[],0,req-9382f52071c3
2026-05-15,prompt-logs/chat/2026/05/15/kiro_chat_prompt_log.json,Help me reduce credit burn in our automated test-generation loop without losing coverage.,MANUAL,,d-92675051d5.797d1e6c-6d5f-41a9-8dc7-53d2ef14e102,2026-05-15T13:40:00Z,"Generate a lightweight test plan first, then ask Kiro to produce tests only for the selected cases. Reuse repository summaries across runs and gate expensive review passes behind coverage or failure thresholds.","Can you show a low-cost orchestration pattern for plan, generate, and review?",conv-142c91e4c9,,[],[],0,req-95d220d1997c
2026-05-15,prompt-logs/chat/2026/05/15/kiro_chat_prompt_log.json,What guardrails should we add so SRE investigations use tools first and only escalate to larger models when needed?,MANUAL,,d-92675051d5.3b537ba7-2c3b-4a6c-aec6-61e594bd1109,2026-05-15T15:38:00Z,"Start with deterministic checks such as logs, metrics, config diffs, and runbooks. Escalate to a larger model only after those signals are summarized, and require the final prompt to include the incident scope and exact evidence instead of raw dumps.",Can you draft a hook policy that enforces that escalation pattern?,conv-a646105b83,,[],[],0,req-9996b0fcf93c
2026-05-15,prompt-logs/chat/2026/05/15/kiro_chat_prompt_log.json,Review this modernization workflow and suggest how we should route simple code transforms versus deeper architecture questions to control Kiro credit usage.,MANUAL,,d-92675051d5.f12818d1-8f2c-4d54-9188-4f7224a4d103,2026-05-15T12:18:00Z,Use a lighter default path for single-file transforms and reserve the higher-cost model only for cross-file refactors or design decisions. Add a first pass that trims unchanged files from context and sends documentation lookups to tools instead of the primary chat model.,"Can you turn that into a policy table for transform, review, and architecture tasks?",conv-7a0e3388be,,[],"[{""uri"":""https://docs.aws.amazon.com/lambda/latest/dg/welcome.html"",""title"":""[1] AWS Lambda Developer Guide"",""snippet"":""Developer guide for building, deploying, and operating AWS Lambda functions.""}]",1,req-9bd821245094
2026-05-15,prompt-logs/chat/2026/05/15/kiro_chat_prompt_log.json,We need per-user cost visibility for analytics workflows. What should we capture so we can separate exploratory prompts from production dashboard work?,MANUAL,,d-92675051d5.33a7a52f-dbf7-4f6b-89c9-43d30a61e104,2026-05-15T16:42:00Z,"Track the user, conversation, trigger type, and whether the request was an ad hoc question, spec task, or tool-assisted workflow. That separation makes it easier to route exploratory work to smaller models and keep scheduled or governed work on stricter guardrails.",Can you suggest dashboard dimensions for exploratory versus governed analytics work?,conv-d213e9c847,,[],"[{""uri"":""https://docs.aws.amazon.com/athena/latest/ug/what-is.html"",""title"":""[1] What is Amazon Athena?"",""snippet"":""Overview of using Amazon Athena to query data in Amazon S3.""}]",1,req-a6bacbb76de9
2026-05-15,prompt-logs/chat/2026/05/15/kiro_chat_prompt_log.json,"Given this payment service refactor plan, where are we likely over-pulling context and increasing hallucination risk?",MANUAL,,d-92675051d5.0ec463de-81c2-4f79-9d4c-029f7bb0f101,2026-05-15T15:58:00Z,"The highest risk is sending every service, DTO, and migration file into the same request. Split discovery from implementation, summarize upstream contracts first, and only attach files directly relevant to the current change set.",What should the step-by-step agent flow look like after that split?,conv-a1aac1cdda,,[],[],0,req-a74a99564a23
2026-05-15,prompt-logs/chat/2026/05/15/kiro_chat_prompt_log.json,What guardrails should we add so SRE investigations use tools first and only escalate to larger models when needed?,MANUAL,,d-92675051d5.838f6b85-1e72-4404-a193-f1b0dc79d107,2026-05-15T12:57:00Z,"Start with deterministic checks such as logs, metrics, config diffs, and runbooks. Escalate to a larger model only after those signals are summarized, and require the final prompt to include the incident scope and exact evidence instead of raw dumps.",Can you draft a hook policy that enforces that escalation pattern?,conv-c8773afe01,,[],[],0,req-ad348f7f577f
2026-05-15,prompt-logs/chat/2026/05/15/kiro_chat_prompt_log.json,Design an AI SDLC flow that gives us visibility into which orchestration steps are driving most of the Kiro usage.,MANUAL,,d-92675051d5.59888cc4-2dac-4454-a84e-b7968ad4e112,2026-05-15T15:20:00Z,"Label each step in the orchestration chain and persist request metadata with a workflow stage tag such as discovery, planning, implementation, review, or validation. With those tags you can attribute credits to the exact stage and then adjust routing or context budgets where the spikes occur.",What tags should we standardize on for multi-agent SDLC workflows?,conv-91c981a90f,,[],"[{""uri"":""https://docs.aws.amazon.com/quicksight/latest/user/welcome.html"",""title"":""[1] Amazon QuickSight User Guide"",""snippet"":""Guidance for building dashboards and visual analyses in Amazon QuickSight.""}]",1,req-ae42a31a425b
2026-05-15,prompt-logs/chat/2026/05/15/kiro_chat_prompt_log.json,Help me reduce credit burn in our automated test-generation loop without losing coverage.,INLINE_CHAT,,d-92675051d5.797d1e6c-6d5f-41a9-8dc7-53d2ef14e102,2026-05-15T16:22:00Z,"Generate a lightweight test plan first, then ask Kiro to produce tests only for the selected cases. Reuse repository summaries across runs and gate expensive review passes behind coverage or failure thresholds.","Can you show a low-cost orchestration pattern for plan, generate, and review?",conv-7ff1e1200e,,[],[],0,req-ae9ac508f138
2026-05-15,prompt-logs/chat/2026/05/15/kiro_chat_prompt_log.json,"Given this payment service refactor plan, where are we likely over-pulling context and increasing hallucination risk?",MANUAL,,d-92675051d5.0ec463de-81c2-4f79-9d4c-029f7bb0f101,2026-05-15T16:28:00Z,"The highest risk is sending every service, DTO, and migration file into the same request. Split discovery from implementation, summarize upstream contracts first, and only attach files directly relevant to the current change set.",What should the step-by-step agent flow look like after that split?,conv-a003293e81,,[],[],0,req-b4ded565ec1e
2026-05-15,prompt-logs/chat/2026/05/15/kiro_chat_prompt_log.json,We need per-user cost visibility for analytics workflows. What should we capture so we can separate exploratory prompts from production dashboard work?,MANUAL,,d-92675051d5.7e23e16f-5eb6-49f0-8e5d-a84c5ad99106,2026-05-15T17:26:00Z,"Track the user, conversation, trigger type, and whether the request was an ad hoc question, spec task, or tool-assisted workflow. That separation makes it easier to route exploratory work to smaller models and keep scheduled or governed work on stricter guardrails.",Can you suggest dashboard dimensions for exploratory versus governed analytics work?,conv-0b58f9323f,,[],"[{""uri"":""https://docs.aws.amazon.com/athena/latest/ug/what-is.html"",""title"":""[1] What is Amazon Athena?"",""snippet"":""Overview of using Amazon Athena to query data in Amazon S3.""}]",1,req-be7f65264dee
2026-05-15,prompt-logs/chat/2026/05/15/kiro_chat_prompt_log.json,What guardrails should we add so SRE investigations use tools first and only escalate to larger models when needed?,MANUAL,,d-92675051d5.3b537ba7-2c3b-4a6c-aec6-61e594bd1109,2026-05-15T12:59:00Z,"Start with deterministic checks such as logs, metrics, config diffs, and runbooks. Escalate to a larger model only after those signals are summarized, and require the final prompt to include the incident scope and exact evidence instead of raw dumps.",Can you draft a hook policy that enforces that escalation pattern?,conv-33073806e1,,[],[],0,req-c0a605190b98
2026-05-15,prompt-logs/chat/2026/05/15/kiro_chat_prompt_log.json,Design an AI SDLC flow that gives us visibility into which orchestration steps are driving most of the Kiro usage.,MANUAL,,d-92675051d5.a9a3e94b-b147-4fb7-9934-f5ea941fd110,2026-05-15T17:26:00Z,"Label each step in the orchestration chain and persist request metadata with a workflow stage tag such as discovery, planning, implementation, review, or validation. With those tags you can attribute credits to the exact stage and then adjust routing or context budgets where the spikes occur.",What tags should we standardize on for multi-agent SDLC workflows?,conv-96671bf405,,[],"[{""uri"":""https://docs.aws.amazon.com/quicksight/latest/user/welcome.html"",""title"":""[1] Amazon QuickSight User Guide"",""snippet"":""Guidance for building dashboards and visual analyses in Amazon QuickSight.""}]",1,req-c3f8e28f46de
2026-05-15,prompt-logs/chat/2026/05/15/kiro_chat_prompt_log.json,Review this modernization workflow and suggest how we should route simple code transforms versus deeper architecture questions to control Kiro credit usage.,MANUAL,,d-92675051d5.0ec463de-81c2-4f79-9d4c-029f7bb0f101,2026-05-15T16:22:00Z,Use a lighter default path for single-file transforms and reserve the higher-cost model only for cross-file refactors or design decisions. Add a first pass that trims unchanged files from context and sends documentation lookups to tools instead of the primary chat model.,"Can you turn that into a policy table for transform, review, and architecture tasks?",conv-b20b54fb3a,,[],"[{""uri"":""https://docs.aws.amazon.com/lambda/latest/dg/welcome.html"",""title"":""[1] AWS Lambda Developer Guide"",""snippet"":""Developer guide for building, deploying, and operating AWS Lambda functions.""}]",1,req-c42f6f147be1
2026-05-15,prompt-logs/chat/2026/05/15/kiro_chat_prompt_log.json,Design an AI SDLC flow that gives us visibility into which orchestration steps are driving most of the Kiro usage.,MANUAL,,d-92675051d5.a9a3e94b-b147-4fb7-9934-f5ea941fd110,2026-05-15T12:25:00Z,"Label each step in the orchestration chain and persist request metadata with a workflow stage tag such as discovery, planning, implementation, review, or validation. With those tags you can attribute credits to the exact stage and then adjust routing or context budgets where the spikes occur.",What tags should we standardize on for multi-agent SDLC workflows?,conv-96671bf405,,[],"[{""uri"":""https://docs.aws.amazon.com/quicksight/latest/user/welcome.html"",""title"":""[1] Amazon QuickSight User Guide"",""snippet"":""Guidance for building dashboards and visual analyses in Amazon QuickSight.""}]",1,req-c4c7f3c42a60
2026-05-15,prompt-logs/chat/2026/05/15/kiro_chat_prompt_log.json,Review this modernization workflow and suggest how we should route simple code transforms versus deeper architecture questions to control Kiro credit usage.,MANUAL,,d-92675051d5.0ec463de-81c2-4f79-9d4c-029f7bb0f101,2026-05-15T16:32:00Z,Use a lighter default path for single-file transforms and reserve the higher-cost model only for cross-file refactors or design decisions. Add a first pass that trims unchanged files from context and sends documentation lookups to tools instead of the primary chat model.,"Can you turn that into a policy table for transform, review, and architecture tasks?",conv-3ae2e7c8b6,,[],"[{""uri"":""https://docs.aws.amazon.com/lambda/latest/dg/welcome.html"",""title"":""[1] AWS Lambda Developer Guide"",""snippet"":""Developer guide for building, deploying, and operating AWS Lambda functions.""}]",1,req-cc875d11e380
2026-05-15,prompt-logs/chat/2026/05/15/kiro_chat_prompt_log.json,We need per-user cost visibility for analytics workflows. What should we capture so we can separate exploratory prompts from production dashboard work?,MANUAL,,d-92675051d5.7e23e16f-5eb6-49f0-8e5d-a84c5ad99106,2026-05-15T15:08:00Z,"Track the user, conversation, trigger type, and whether the request was an ad hoc question, spec task, or tool-assisted workflow. That separation makes it easier to route exploratory work to smaller models and keep scheduled or governed work on stricter guardrails.",Can you suggest dashboard dimensions for exploratory versus governed analytics work?,conv-6193e7a2ff,,[],"[{""uri"":""https://docs.aws.amazon.com/athena/latest/ug/what-is.html"",""title"":""[1] What is Amazon Athena?"",""snippet"":""Overview of using Amazon Athena to query data in Amazon S3.""}]",1,req-cec09749a7b1
2026-05-15,prompt-logs/chat/2026/05/15/kiro_chat_prompt_log.json,What guardrails should we add so SRE investigations use tools first and only escalate to larger models when needed?,MANUAL,,d-92675051d5.6273ba8a-bb02-425f-b443-3d4dcb2c9108,2026-05-15T18:39:00Z,"Start with deterministic checks such as logs, metrics, config diffs, and runbooks. Escalate to a larger model only after those signals are summarized, and require the final prompt to include the incident scope and exact evidence instead of raw dumps.",Can you draft a hook policy that enforces that escalation pattern?,conv-cdd254a864,,[],[],0,req-cf3b9f08752b
2026-05-15,prompt-logs/chat/2026/05/15/kiro_chat_prompt_log.json,"Given this payment service refactor plan, where are we likely over-pulling context and increasing hallucination risk?",MANUAL,,d-92675051d5.0ec463de-81c2-4f79-9d4c-029f7bb0f101,2026-05-15T12:28:00Z,"The highest risk is sending every service, DTO, and migration file into the same request. Split discovery from implementation, summarize upstream contracts first, and only attach files directly relevant to the current change set.",What should the step-by-step agent flow look like after that split?,conv-b20b54fb3a,,[],[],0,req-d04755c50c47
2026-05-15,prompt-logs/chat/2026/05/15/kiro_chat_prompt_log.json,What guardrails should we add so SRE investigations use tools first and only escalate to larger models when needed?,MANUAL,,d-92675051d5.838f6b85-1e72-4404-a193-f1b0dc79d107,2026-05-15T15:42:00Z,"Start with deterministic checks such as logs, metrics, config diffs, and runbooks. Escalate to a larger model only after those signals are summarized, and require the final prompt to include the incident scope and exact evidence instead of raw dumps.",Can you draft a hook policy that enforces that escalation pattern?,conv-4d87acfa31,,[],[],0,req-d13f74ca35c8
2026-05-15,prompt-logs/chat/2026/05/15/kiro_chat_prompt_log.json,We want to evaluate whether our guardrail prompts are too broad and causing unnecessary token usage. What is the fastest way to inspect that?,MANUAL,,d-92675051d5.9b1ac779-7da0-470f-bfd8-fba1849ca111,2026-05-15T10:18:00Z,"Compare the longest prompts against the workflows they serve and look for repeated policy text, duplicated file context, and tool instructions that never trigger. Move stable policy into hooks or reusable templates and keep run-specific prompts focused on the actual task.",Can you propose a prompt review checklist for cost and hallucination risk?,conv-b01a63c5bc,,[],[],0,req-d76a22766762
2026-05-15,prompt-logs/chat/2026/05/15/kiro_chat_prompt_log.json,Review this modernization workflow and suggest how we should route simple code transforms versus deeper architecture questions to control Kiro credit usage.,INLINE_CHAT,,d-92675051d5.0ec463de-81c2-4f79-9d4c-029f7bb0f101,2026-05-15T13:05:00Z,Use a lighter default path for single-file transforms and reserve the higher-cost model only for cross-file refactors or design decisions. Add a first pass that trims unchanged files from context and sends documentation lookups to tools instead of the primary chat model.,"Can you turn that into a policy table for transform, review, and architecture tasks?",conv-a003293e81,,[],"[{""uri"":""https://docs.aws.amazon.com/lambda/latest/dg/welcome.html"",""title"":""[1] AWS Lambda Developer Guide"",""snippet"":""Developer guide for building, deploying, and operating AWS Lambda functions.""}]",1,req-e0e7c07db480
2026-05-15,prompt-logs/chat/2026/05/15/kiro_chat_prompt_log.json,We need per-user cost visibility for analytics workflows. What should we capture so we can separate exploratory prompts from production dashboard work?,MANUAL,,d-92675051d5.33a7a52f-dbf7-4f6b-89c9-43d30a61e104,2026-05-15T17:52:00Z,"Track the user, conversation, trigger type, and whether the request was an ad hoc question, spec task, or tool-assisted workflow. That separation makes it easier to route exploratory work to smaller models and keep scheduled or governed work on stricter guardrails.",Can you suggest dashboard dimensions for exploratory versus governed analytics work?,conv-e0eab8e1a8,,[],"[{""uri"":""https://docs.aws.amazon.com/athena/latest/ug/what-is.html"",""title"":""[1] What is Amazon Athena?"",""snippet"":""Overview of using Amazon Athena to query data in Amazon S3.""}]",1,req-ea03835947d4
2026-05-15,prompt-logs/chat/2026/05/15/kiro_chat_prompt_log.json,Design an AI SDLC flow that gives us visibility into which orchestration steps are driving most of the Kiro usage.,MANUAL,,d-92675051d5.a9a3e94b-b147-4fb7-9934-f5ea941fd110,2026-05-15T09:05:00Z,"Label each step in the orchestration chain and persist request metadata with a workflow stage tag such as discovery, planning, implementation, review, or validation. With those tags you can attribute credits to the exact stage and then adjust routing or context budgets where the spikes occur.",What tags should we standardize on for multi-agent SDLC workflows?,conv-3035ca0448,,[],"[{""uri"":""https://docs.aws.amazon.com/quicksight/latest/user/welcome.html"",""title"":""[1] Amazon QuickSight User Guide"",""snippet"":""Guidance for building dashboards and visual analyses in Amazon QuickSight.""}]",1,req-ea87b2d2f0b1
2026-05-15,prompt-logs/chat/2026/05/15/kiro_chat_prompt_log.json,"Given this payment service refactor plan, where are we likely over-pulling context and increasing hallucination risk?",MANUAL,,d-92675051d5.0ec463de-81c2-4f79-9d4c-029f7bb0f101,2026-05-15T10:45:00Z,"The highest risk is sending every service, DTO, and migration file into the same request. Split discovery from implementation, summarize upstream contracts first, and only attach files directly relevant to the current change set.",What should the step-by-step agent flow look like after that split?,conv-3ae2e7c8b6,,[],[],0,req-edb6b42e4e3e
2026-05-15,prompt-logs/chat/2026/05/15/kiro_chat_prompt_log.json,Help me reduce credit burn in our automated test-generation loop without losing coverage.,MANUAL,,d-92675051d5.797d1e6c-6d5f-41a9-8dc7-53d2ef14e102,2026-05-15T09:32:00Z,"Generate a lightweight test plan first, then ask Kiro to produce tests only for the selected cases. Reuse repository summaries across runs and gate expensive review passes behind coverage or failure thresholds.","Can you show a low-cost orchestration pattern for plan, generate, and review?",conv-10374c41f5,,[],[],0,req-ee04cb5d4fa8
2026-05-15,prompt-logs/chat/2026/05/15/kiro_chat_prompt_log.json,What guardrails should we add so SRE investigations use tools first and only escalate to larger models when needed?,MANUAL,,d-92675051d5.838f6b85-1e72-4404-a193-f1b0dc79d107,2026-05-15T17:28:00Z,"Start with deterministic checks such as logs, metrics, config diffs, and runbooks. Escalate to a larger model only after those signals are summarized, and require the final prompt to include the incident scope and exact evidence instead of raw dumps.",Can you draft a hook policy that enforces that escalation pattern?,conv-c8773afe01,,[],[],0,req-f6f846931586
2026-05-15,prompt-logs/chat/2026/05/15/kiro_chat_prompt_log.json,We want to evaluate whether our guardrail prompts are too broad and causing unnecessary token usage. What is the fastest way to inspect that?,MANUAL,,d-92675051d5.9b1ac779-7da0-470f-bfd8-fba1849ca111,2026-05-15T16:33:00Z,"Compare the longest prompts against the workflows they serve and look for repeated policy text, duplicated file context, and tool instructions that never trigger. Move stable policy into hooks or reusable templates and keep run-specific prompts focused on the actual task.",Can you propose a prompt review checklist for cost and hallucination risk?,conv-fef415920f,,[],[],0,req-ffec326bd5d2
2026-05-16,prompt-logs/chat/2026/05/16/kiro_chat_prompt_log.json,Design an AI SDLC flow that gives us visibility into which orchestration steps are driving most of the Kiro usage.,MANUAL,,d-92675051d5.a9a3e94b-b147-4fb7-9934-f5ea941fd110,2026-05-16T17:38:00Z,"Label each step in the orchestration chain and persist request metadata with a workflow stage tag such as discovery, planning, implementation, review, or validation. With those tags you can attribute credits to the exact stage and then adjust routing or context budgets where the spikes occur.",What tags should we standardize on for multi-agent SDLC workflows?,conv-27f10f5dfc,,[],"[{""uri"":""https://docs.aws.amazon.com/quicksight/latest/user/welcome.html"",""title"":""[1] Amazon QuickSight User Guide"",""snippet"":""Guidance for building dashboards and visual analyses in Amazon QuickSight.""}]",1,req-0de247170f7b
2026-05-16,prompt-logs/chat/2026/05/16/kiro_chat_prompt_log.json,We need per-user cost visibility for analytics workflows. What should we capture so we can separate exploratory prompts from production dashboard work?,MANUAL,,d-92675051d5.33a7a52f-dbf7-4f6b-89c9-43d30a61e104,2026-05-16T16:05:00Z,"Track the user, conversation, trigger type, and whether the request was an ad hoc question, spec task, or tool-assisted workflow. That separation makes it easier to route exploratory work to smaller models and keep scheduled or governed work on stricter guardrails.",Can you suggest dashboard dimensions for exploratory versus governed analytics work?,conv-50d7f4226d,,[],"[{""uri"":""https://docs.aws.amazon.com/athena/latest/ug/what-is.html"",""title"":""[1] What is Amazon Athena?"",""snippet"":""Overview of using Amazon Athena to query data in Amazon S3.""}]",1,req-59cc9986e4ca
2026-05-16,prompt-logs/chat/2026/05/16/kiro_chat_prompt_log.json,Design an AI SDLC flow that gives us visibility into which orchestration steps are driving most of the Kiro usage.,MANUAL,,d-92675051d5.a9a3e94b-b147-4fb7-9934-f5ea941fd110,2026-05-16T16:53:00Z,"Label each step in the orchestration chain and persist request metadata with a workflow stage tag such as discovery, planning, implementation, review, or validation. With those tags you can attribute credits to the exact stage and then adjust routing or context budgets where the spikes occur.",What tags should we standardize on for multi-agent SDLC workflows?,conv-209575ab8f,,[],"[{""uri"":""https://docs.aws.amazon.com/quicksight/latest/user/welcome.html"",""title"":""[1] Amazon QuickSight User Guide"",""snippet"":""Guidance for building dashboards and visual analyses in Amazon QuickSight.""}]",1,req-770fd4ac5952
2026-05-16,prompt-logs/chat/2026/05/16/kiro_chat_prompt_log.json,We need per-user cost visibility for analytics workflows. What should we capture so we can separate exploratory prompts from production dashboard work?,MANUAL,,d-92675051d5.33a7a52f-dbf7-4f6b-89c9-43d30a61e104,2026-05-16T14:06:00Z,"Track the user, conversation, trigger type, and whether the request was an ad hoc question, spec task, or tool-assisted workflow. That separation makes it easier to route exploratory work to smaller models and keep scheduled or governed work on stricter guardrails.",Can you suggest dashboard dimensions for exploratory versus governed analytics work?,conv-84c1456abc,,[],"[{""uri"":""https://docs.aws.amazon.com/athena/latest/ug/what-is.html"",""title"":""[1] What is Amazon Athena?"",""snippet"":""Overview of using Amazon Athena to query data in Amazon S3.""}]",1,req-85d27af4ffaf
2026-05-16,prompt-logs/chat/2026/05/16/kiro_chat_prompt_log.json,Design an AI SDLC flow that gives us visibility into which orchestration steps are driving most of the Kiro usage.,MANUAL,,d-92675051d5.a9a3e94b-b147-4fb7-9934-f5ea941fd110,2026-05-16T09:39:00Z,"Label each step in the orchestration chain and persist request metadata with a workflow stage tag such as discovery, planning, implementation, review, or validation. With those tags you can attribute credits to the exact stage and then adjust routing or context budgets where the spikes occur.",What tags should we standardize on for multi-agent SDLC workflows?,conv-d919c1787c,,[],"[{""uri"":""https://docs.aws.amazon.com/quicksight/latest/user/welcome.html"",""title"":""[1] Amazon QuickSight User Guide"",""snippet"":""Guidance for building dashboards and visual analyses in Amazon QuickSight.""}]",1,req-b09ccced1508
2026-05-16,prompt-logs/chat/2026/05/16/kiro_chat_prompt_log.json,"Given this payment service refactor plan, where are we likely over-pulling context and increasing hallucination risk?",MANUAL,,d-92675051d5.0ec463de-81c2-4f79-9d4c-029f7bb0f101,2026-05-16T14:45:00Z,"The highest risk is sending every service, DTO, and migration file into the same request. Split discovery from implementation, summarize upstream contracts first, and only attach files directly relevant to the current change set.",What should the step-by-step agent flow look like after that split?,conv-95776be8fd,,[],[],0,req-be53a6e57db0
2026-05-16,prompt-logs/chat/2026/05/16/kiro_chat_prompt_log.json,Review this modernization workflow and suggest how we should route simple code transforms versus deeper architecture questions to control Kiro credit usage.,INLINE_CHAT,,d-92675051d5.0ec463de-81c2-4f79-9d4c-029f7bb0f101,2026-05-16T16:12:00Z,Use a lighter default path for single-file transforms and reserve the higher-cost model only for cross-file refactors or design decisions. Add a first pass that trims unchanged files from context and sends documentation lookups to tools instead of the primary chat model.,"Can you turn that into a policy table for transform, review, and architecture tasks?",conv-a6bbf26e41,,[],"[{""uri"":""https://docs.aws.amazon.com/lambda/latest/dg/welcome.html"",""title"":""[1] AWS Lambda Developer Guide"",""snippet"":""Developer guide for building, deploying, and operating AWS Lambda functions.""}]",1,req-e784ad8f113e
2026-05-17,prompt-logs/chat/2026/05/17/kiro_chat_prompt_log.json,Design an AI SDLC flow that gives us visibility into which orchestration steps are driving most of the Kiro usage.,MANUAL,,d-92675051d5.a9a3e94b-b147-4fb7-9934-f5ea941fd110,2026-05-17T16:23:00Z,"Label each step in the orchestration chain and persist request metadata with a workflow stage tag such as discovery, planning, implementation, review, or validation. With those tags you can attribute credits to the exact stage and then adjust routing or context budgets where the spikes occur.",What tags should we standardize on for multi-agent SDLC workflows?,conv-cc84e2d59c,,[],"[{""uri"":""https://docs.aws.amazon.com/quicksight/latest/user/welcome.html"",""title"":""[1] Amazon QuickSight User Guide"",""snippet"":""Guidance for building dashboards and visual analyses in Amazon QuickSight.""}]",1,req-1b3a81854822
2026-05-17,prompt-logs/chat/2026/05/17/kiro_chat_prompt_log.json,Design an AI SDLC flow that gives us visibility into which orchestration steps are driving most of the Kiro usage.,MANUAL,,d-92675051d5.a9a3e94b-b147-4fb7-9934-f5ea941fd110,2026-05-17T10:22:00Z,"Label each step in the orchestration chain and persist request metadata with a workflow stage tag such as discovery, planning, implementation, review, or validation. With those tags you can attribute credits to the exact stage and then adjust routing or context budgets where the spikes occur.",What tags should we standardize on for multi-agent SDLC workflows?,conv-66c47d2513,,[],"[{""uri"":""https://docs.aws.amazon.com/quicksight/latest/user/welcome.html"",""title"":""[1] Amazon QuickSight User Guide"",""snippet"":""Guidance for building dashboards and visual analyses in Amazon QuickSight.""}]",1,req-22a3e72bb786
2026-05-17,prompt-logs/chat/2026/05/17/kiro_chat_prompt_log.json,Design an AI SDLC flow that gives us visibility into which orchestration steps are driving most of the Kiro usage.,MANUAL,,d-92675051d5.a9a3e94b-b147-4fb7-9934-f5ea941fd110,2026-05-17T16:04:00Z,"Label each step in the orchestration chain and persist request metadata with a workflow stage tag such as discovery, planning, implementation, review, or validation. With those tags you can attribute credits to the exact stage and then adjust routing or context budgets where the spikes occur.",What tags should we standardize on for multi-agent SDLC workflows?,conv-3811a30b7f,,[],"[{""uri"":""https://docs.aws.amazon.com/quicksight/latest/user/welcome.html"",""title"":""[1] Amazon QuickSight User Guide"",""snippet"":""Guidance for building dashboards and visual analyses in Amazon QuickSight.""}]",1,req-b8941c303b39
2026-05-17,prompt-logs/chat/2026/05/17/kiro_chat_prompt_log.json,Design an AI SDLC flow that gives us visibility into which orchestration steps are driving most of the Kiro usage.,MANUAL,,d-92675051d5.a9a3e94b-b147-4fb7-9934-f5ea941fd110,2026-05-17T18:02:00Z,"Label each step in the orchestration chain and persist request metadata with a workflow stage tag such as discovery, planning, implementation, review, or validation. With those tags you can attribute credits to the exact stage and then adjust routing or context budgets where the spikes occur.",What tags should we standardize on for multi-agent SDLC workflows?,conv-fc7cf76449,,[],"[{""uri"":""https://docs.aws.amazon.com/quicksight/latest/user/welcome.html"",""title"":""[1] Amazon QuickSight User Guide"",""snippet"":""Guidance for building dashboards and visual analyses in Amazon QuickSight.""}]",1,req-be9cedf785ae
2026-05-18,prompt-logs/chat/2026/05/18/kiro_chat_prompt_log.json,We want to evaluate whether our guardrail prompts are too broad and causing unnecessary token usage. What is the fastest way to inspect that?,MANUAL,,d-92675051d5.9b1ac779-7da0-470f-bfd8-fba1849ca111,2026-05-18T11:03:00Z,"Compare the longest prompts against the workflows they serve and look for repeated policy text, duplicated file context, and tool instructions that never trigger. Move stable policy into hooks or reusable templates and keep run-specific prompts focused on the actual task.",Can you propose a prompt review checklist for cost and hallucination risk?,conv-06a495c6e2,,[],[],0,req-0034b2399a87
2026-05-18,prompt-logs/chat/2026/05/18/kiro_chat_prompt_log.json,We want to evaluate whether our guardrail prompts are too broad and causing unnecessary token usage. What is the fastest way to inspect that?,INLINE_CHAT,,d-92675051d5.9b1ac779-7da0-470f-bfd8-fba1849ca111,2026-05-18T18:01:00Z,"Compare the longest prompts against the workflows they serve and look for repeated policy text, duplicated file context, and tool instructions that never trigger. Move stable policy into hooks or reusable templates and keep run-specific prompts focused on the actual task.",Can you propose a prompt review checklist for cost and hallucination risk?,conv-7e2e43e0aa,,[],[],0,req-0c034b71c612
2026-05-18,prompt-logs/chat/2026/05/18/kiro_chat_prompt_log.json,What guardrails should we add so SRE investigations use tools first and only escalate to larger models when needed?,MANUAL,,d-92675051d5.6273ba8a-bb02-425f-b443-3d4dcb2c9108,2026-05-18T10:18:00Z,"Start with deterministic checks such as logs, metrics, config diffs, and runbooks. Escalate to a larger model only after those signals are summarized, and require the final prompt to include the incident scope and exact evidence instead of raw dumps.",Can you draft a hook policy that enforces that escalation pattern?,conv-688359be2a,,[],[],0,req-0d2a382ad1cd
2026-05-18,prompt-logs/chat/2026/05/18/kiro_chat_prompt_log.json,What guardrails should we add so SRE investigations use tools first and only escalate to larger models when needed?,MANUAL,,d-92675051d5.6273ba8a-bb02-425f-b443-3d4dcb2c9108,2026-05-18T16:29:00Z,"Start with deterministic checks such as logs, metrics, config diffs, and runbooks. Escalate to a larger model only after those signals are summarized, and require the final prompt to include the incident scope and exact evidence instead of raw dumps.",Can you draft a hook policy that enforces that escalation pattern?,conv-4c27463d35,,[],[],0,req-0dc4189f3601
2026-05-18,prompt-logs/chat/2026/05/18/kiro_chat_prompt_log.json,Design an AI SDLC flow that gives us visibility into which orchestration steps are driving most of the Kiro usage.,MANUAL,,d-92675051d5.a9a3e94b-b147-4fb7-9934-f5ea941fd110,2026-05-18T12:39:00Z,"Label each step in the orchestration chain and persist request metadata with a workflow stage tag such as discovery, planning, implementation, review, or validation. With those tags you can attribute credits to the exact stage and then adjust routing or context budgets where the spikes occur.",What tags should we standardize on for multi-agent SDLC workflows?,conv-9c48471aec,,[],"[{""uri"":""https://docs.aws.amazon.com/quicksight/latest/user/welcome.html"",""title"":""[1] Amazon QuickSight User Guide"",""snippet"":""Guidance for building dashboards and visual analyses in Amazon QuickSight.""}]",1,req-1197840bd359
2026-05-18,prompt-logs/chat/2026/05/18/kiro_chat_prompt_log.json,"Given this payment service refactor plan, where are we likely over-pulling context and increasing hallucination risk?",MANUAL,,d-92675051d5.f12818d1-8f2c-4d54-9188-4f7224a4d103,2026-05-18T09:26:00Z,"The highest risk is sending every service, DTO, and migration file into the same request. Split discovery from implementation, summarize upstream contracts first, and only attach files directly relevant to the current change set.",What should the step-by-step agent flow look like after that split?,conv-673fd34ba6,,[],[],0,req-13e49c1b273d
2026-05-18,prompt-logs/chat/2026/05/18/kiro_chat_prompt_log.json,Design an AI SDLC flow that gives us visibility into which orchestration steps are driving most of the Kiro usage.,MANUAL,,d-92675051d5.a9a3e94b-b147-4fb7-9934-f5ea941fd110,2026-05-18T14:48:00Z,"Label each step in the orchestration chain and persist request metadata with a workflow stage tag such as discovery, planning, implementation, review, or validation. With those tags you can attribute credits to the exact stage and then adjust routing or context budgets where the spikes occur.",What tags should we standardize on for multi-agent SDLC workflows?,conv-5aadd50bf1,,[],"[{""uri"":""https://docs.aws.amazon.com/quicksight/latest/user/welcome.html"",""title"":""[1] Amazon QuickSight User Guide"",""snippet"":""Guidance for building dashboards and visual analyses in Amazon QuickSight.""}]",1,req-1d1e08888cc6
2026-05-18,prompt-logs/chat/2026/05/18/kiro_chat_prompt_log.json,We want to evaluate whether our guardrail prompts are too broad and causing unnecessary token usage. What is the fastest way to inspect that?,MANUAL,,d-92675051d5.9b1ac779-7da0-470f-bfd8-fba1849ca111,2026-05-18T12:12:00Z,"Compare the longest prompts against the workflows they serve and look for repeated policy text, duplicated file context, and tool instructions that never trigger. Move stable policy into hooks or reusable templates and keep run-specific prompts focused on the actual task.",Can you propose a prompt review checklist for cost and hallucination risk?,conv-8e81bde33d,,[],[],0,req-25128bec3aa8
2026-05-18,prompt-logs/chat/2026/05/18/kiro_chat_prompt_log.json,What guardrails should we add so SRE investigations use tools first and only escalate to larger models when needed?,MANUAL,,d-92675051d5.6273ba8a-bb02-425f-b443-3d4dcb2c9108,2026-05-18T10:16:00Z,"Start with deterministic checks such as logs, metrics, config diffs, and runbooks. Escalate to a larger model only after those signals are summarized, and require the final prompt to include the incident scope and exact evidence instead of raw dumps.",Can you draft a hook policy that enforces that escalation pattern?,conv-924b9d1b41,,[],[],0,req-2a01705f2312
2026-05-18,prompt-logs/chat/2026/05/18/kiro_chat_prompt_log.json,Design an AI SDLC flow that gives us visibility into which orchestration steps are driving most of the Kiro usage.,MANUAL,,d-92675051d5.59888cc4-2dac-4454-a84e-b7968ad4e112,2026-05-18T09:06:00Z,"Label each step in the orchestration chain and persist request metadata with a workflow stage tag such as discovery, planning, implementation, review, or validation. With those tags you can attribute credits to the exact stage and then adjust routing or context budgets where the spikes occur.",What tags should we standardize on for multi-agent SDLC workflows?,conv-07eeb61a7b,,[],"[{""uri"":""https://docs.aws.amazon.com/quicksight/latest/user/welcome.html"",""title"":""[1] Amazon QuickSight User Guide"",""snippet"":""Guidance for building dashboards and visual analyses in Amazon QuickSight.""}]",1,req-35a897611a56
2026-05-18,prompt-logs/chat/2026/05/18/kiro_chat_prompt_log.json,Design an AI SDLC flow that gives us visibility into which orchestration steps are driving most of the Kiro usage.,MANUAL,,d-92675051d5.59888cc4-2dac-4454-a84e-b7968ad4e112,2026-05-18T09:33:00Z,"Label each step in the orchestration chain and persist request metadata with a workflow stage tag such as discovery, planning, implementation, review, or validation. With those tags you can attribute credits to the exact stage and then adjust routing or context budgets where the spikes occur.",What tags should we standardize on for multi-agent SDLC workflows?,conv-5f1bb0b924,,[],"[{""uri"":""https://docs.aws.amazon.com/quicksight/latest/user/welcome.html"",""title"":""[1] Amazon QuickSight User Guide"",""snippet"":""Guidance for building dashboards and visual analyses in Amazon QuickSight.""}]",1,req-40e375ac3dd3
2026-05-18,prompt-logs/chat/2026/05/18/kiro_chat_prompt_log.json,What guardrails should we add so SRE investigations use tools first and only escalate to larger models when needed?,MANUAL,,d-92675051d5.6273ba8a-bb02-425f-b443-3d4dcb2c9108,2026-05-18T11:27:00Z,"Start with deterministic checks such as logs, metrics, config diffs, and runbooks. Escalate to a larger model only after those signals are summarized, and require the final prompt to include the incident scope and exact evidence instead of raw dumps.",Can you draft a hook policy that enforces that escalation pattern?,conv-bfe28f502a,,[],[],0,req-41588861b58e
2026-05-18,prompt-logs/chat/2026/05/18/kiro_chat_prompt_log.json,"Given this payment service refactor plan, where are we likely over-pulling context and increasing hallucination risk?",MANUAL,,d-92675051d5.0ec463de-81c2-4f79-9d4c-029f7bb0f101,2026-05-18T14:01:00Z,"The highest risk is sending every service, DTO, and migration file into the same request. Split discovery from implementation, summarize upstream contracts first, and only attach files directly relevant to the current change set.",What should the step-by-step agent flow look like after that split?,conv-30ea196ce5,,[],[],0,req-41dcf9e371bc
2026-05-18,prompt-logs/chat/2026/05/18/kiro_chat_prompt_log.json,Design an AI SDLC flow that gives us visibility into which orchestration steps are driving most of the Kiro usage.,MANUAL,,d-92675051d5.59888cc4-2dac-4454-a84e-b7968ad4e112,2026-05-18T16:13:00Z,"Label each step in the orchestration chain and persist request metadata with a workflow stage tag such as discovery, planning, implementation, review, or validation. With those tags you can attribute credits to the exact stage and then adjust routing or context budgets where the spikes occur.",What tags should we standardize on for multi-agent SDLC workflows?,conv-c8a8d200aa,,[],"[{""uri"":""https://docs.aws.amazon.com/quicksight/latest/user/welcome.html"",""title"":""[1] Amazon QuickSight User Guide"",""snippet"":""Guidance for building dashboards and visual analyses in Amazon QuickSight.""}]",1,req-4eab3c2621de
2026-05-18,prompt-logs/chat/2026/05/18/kiro_chat_prompt_log.json,What guardrails should we add so SRE investigations use tools first and only escalate to larger models when needed?,MANUAL,,d-92675051d5.6273ba8a-bb02-425f-b443-3d4dcb2c9108,2026-05-18T13:43:00Z,"Start with deterministic checks such as logs, metrics, config diffs, and runbooks. Escalate to a larger model only after those signals are summarized, and require the final prompt to include the incident scope and exact evidence instead of raw dumps.",Can you draft a hook policy that enforces that escalation pattern?,conv-bfe28f502a,,[],[],0,req-51a810e5ca56
2026-05-18,prompt-logs/chat/2026/05/18/kiro_chat_prompt_log.json,Design an AI SDLC flow that gives us visibility into which orchestration steps are driving most of the Kiro usage.,MANUAL,,d-92675051d5.a9a3e94b-b147-4fb7-9934-f5ea941fd110,2026-05-18T16:25:00Z,"Label each step in the orchestration chain and persist request metadata with a workflow stage tag such as discovery, planning, implementation, review, or validation. With those tags you can attribute credits to the exact stage and then adjust routing or context budgets where the spikes occur.",What tags should we standardize on for multi-agent SDLC workflows?,conv-9a73d196f3,,[],"[{""uri"":""https://docs.aws.amazon.com/quicksight/latest/user/welcome.html"",""title"":""[1] Amazon QuickSight User Guide"",""snippet"":""Guidance for building dashboards and visual analyses in Amazon QuickSight.""}]",1,req-56cdb569c268
2026-05-18,prompt-logs/chat/2026/05/18/kiro_chat_prompt_log.json,Design an AI SDLC flow that gives us visibility into which orchestration steps are driving most of the Kiro usage.,MANUAL,,d-92675051d5.59888cc4-2dac-4454-a84e-b7968ad4e112,2026-05-18T12:24:00Z,"Label each step in the orchestration chain and persist request metadata with a workflow stage tag such as discovery, planning, implementation, review, or validation. With those tags you can attribute credits to the exact stage and then adjust routing or context budgets where the spikes occur.",What tags should we standardize on for multi-agent SDLC workflows?,conv-2b3cc0527c,,[],"[{""uri"":""https://docs.aws.amazon.com/quicksight/latest/user/welcome.html"",""title"":""[1] Amazon QuickSight User Guide"",""snippet"":""Guidance for building dashboards and visual analyses in Amazon QuickSight.""}]",1,req-5bc3a17cb9e8
2026-05-18,prompt-logs/chat/2026/05/18/kiro_chat_prompt_log.json,What guardrails should we add so SRE investigations use tools first and only escalate to larger models when needed?,MANUAL,,d-92675051d5.838f6b85-1e72-4404-a193-f1b0dc79d107,2026-05-18T15:29:00Z,"Start with deterministic checks such as logs, metrics, config diffs, and runbooks. Escalate to a larger model only after those signals are summarized, and require the final prompt to include the incident scope and exact evidence instead of raw dumps.",Can you draft a hook policy that enforces that escalation pattern?,conv-7b5989f442,,[],[],0,req-65fe9e09212a
2026-05-18,prompt-logs/chat/2026/05/18/kiro_chat_prompt_log.json,What guardrails should we add so SRE investigations use tools first and only escalate to larger models when needed?,INLINE_CHAT,,d-92675051d5.838f6b85-1e72-4404-a193-f1b0dc79d107,2026-05-18T18:28:00Z,"Start with deterministic checks such as logs, metrics, config diffs, and runbooks. Escalate to a larger model only after those signals are summarized, and require the final prompt to include the incident scope and exact evidence instead of raw dumps.",Can you draft a hook policy that enforces that escalation pattern?,conv-fd08ec42d7,,[],[],0,req-693722d1e557
2026-05-18,prompt-logs/chat/2026/05/18/kiro_chat_prompt_log.json,Review this modernization workflow and suggest how we should route simple code transforms versus deeper architecture questions to control Kiro credit usage.,MANUAL,,d-92675051d5.0ec463de-81c2-4f79-9d4c-029f7bb0f101,2026-05-18T11:17:00Z,Use a lighter default path for single-file transforms and reserve the higher-cost model only for cross-file refactors or design decisions. Add a first pass that trims unchanged files from context and sends documentation lookups to tools instead of the primary chat model.,"Can you turn that into a policy table for transform, review, and architecture tasks?",conv-e46ba6dc36,,[],"[{""uri"":""https://docs.aws.amazon.com/lambda/latest/dg/welcome.html"",""title"":""[1] AWS Lambda Developer Guide"",""snippet"":""Developer guide for building, deploying, and operating AWS Lambda functions.""}]",1,req-6f606ddb00e1
2026-05-18,prompt-logs/chat/2026/05/18/kiro_chat_prompt_log.json,Design an AI SDLC flow that gives us visibility into which orchestration steps are driving most of the Kiro usage.,MANUAL,,d-92675051d5.a9a3e94b-b147-4fb7-9934-f5ea941fd110,2026-05-18T16:14:00Z,"Label each step in the orchestration chain and persist request metadata with a workflow stage tag such as discovery, planning, implementation, review, or validation. With those tags you can attribute credits to the exact stage and then adjust routing or context budgets where the spikes occur.",What tags should we standardize on for multi-agent SDLC workflows?,conv-9f483878f8,,[],"[{""uri"":""https://docs.aws.amazon.com/quicksight/latest/user/welcome.html"",""title"":""[1] Amazon QuickSight User Guide"",""snippet"":""Guidance for building dashboards and visual analyses in Amazon QuickSight.""}]",1,req-7716ed23dda5
2026-05-18,prompt-logs/chat/2026/05/18/kiro_chat_prompt_log.json,Design an AI SDLC flow that gives us visibility into which orchestration steps are driving most of the Kiro usage.,MANUAL,,d-92675051d5.a9a3e94b-b147-4fb7-9934-f5ea941fd110,2026-05-18T11:03:00Z,"Label each step in the orchestration chain and persist request metadata with a workflow stage tag such as discovery, planning, implementation, review, or validation. With those tags you can attribute credits to the exact stage and then adjust routing or context budgets where the spikes occur.",What tags should we standardize on for multi-agent SDLC workflows?,conv-f03986e9ec,,[],"[{""uri"":""https://docs.aws.amazon.com/quicksight/latest/user/welcome.html"",""title"":""[1] Amazon QuickSight User Guide"",""snippet"":""Guidance for building dashboards and visual analyses in Amazon QuickSight.""}]",1,req-953edaa83eca
2026-05-18,prompt-logs/chat/2026/05/18/kiro_chat_prompt_log.json,"Given this payment service refactor plan, where are we likely over-pulling context and increasing hallucination risk?",MANUAL,,d-92675051d5.0ec463de-81c2-4f79-9d4c-029f7bb0f101,2026-05-18T12:04:00Z,"The highest risk is sending every service, DTO, and migration file into the same request. Split discovery from implementation, summarize upstream contracts first, and only attach files directly relevant to the current change set.",What should the step-by-step agent flow look like after that split?,conv-f695020b0b,,[],[],0,req-a68cda567d97
2026-05-18,prompt-logs/chat/2026/05/18/kiro_chat_prompt_log.json,We want to evaluate whether our guardrail prompts are too broad and causing unnecessary token usage. What is the fastest way to inspect that?,MANUAL,,d-92675051d5.9b1ac779-7da0-470f-bfd8-fba1849ca111,2026-05-18T09:34:00Z,"Compare the longest prompts against the workflows they serve and look for repeated policy text, duplicated file context, and tool instructions that never trigger. Move stable policy into hooks or reusable templates and keep run-specific prompts focused on the actual task.",Can you propose a prompt review checklist for cost and hallucination risk?,conv-826a56f771,,[],[],0,req-a9069f828a57
2026-05-18,prompt-logs/chat/2026/05/18/kiro_chat_prompt_log.json,Design an AI SDLC flow that gives us visibility into which orchestration steps are driving most of the Kiro usage.,MANUAL,,d-92675051d5.59888cc4-2dac-4454-a84e-b7968ad4e112,2026-05-18T09:22:00Z,"Label each step in the orchestration chain and persist request metadata with a workflow stage tag such as discovery, planning, implementation, review, or validation. With those tags you can attribute credits to the exact stage and then adjust routing or context budgets where the spikes occur.",What tags should we standardize on for multi-agent SDLC workflows?,conv-8f994331c2,,[],"[{""uri"":""https://docs.aws.amazon.com/quicksight/latest/user/welcome.html"",""title"":""[1] Amazon QuickSight User Guide"",""snippet"":""Guidance for building dashboards and visual analyses in Amazon QuickSight.""}]",1,req-ad045d80b626
2026-05-18,prompt-logs/chat/2026/05/18/kiro_chat_prompt_log.json,What guardrails should we add so SRE investigations use tools first and only escalate to larger models when needed?,MANUAL,,d-92675051d5.6273ba8a-bb02-425f-b443-3d4dcb2c9108,2026-05-18T16:43:00Z,"Start with deterministic checks such as logs, metrics, config diffs, and runbooks. Escalate to a larger model only after those signals are summarized, and require the final prompt to include the incident scope and exact evidence instead of raw dumps.",Can you draft a hook policy that enforces that escalation pattern?,conv-4c27463d35,,[],[],0,req-b1a6e2777702
2026-05-18,prompt-logs/chat/2026/05/18/kiro_chat_prompt_log.json,What guardrails should we add so SRE investigations use tools first and only escalate to larger models when needed?,INLINE_CHAT,,d-92675051d5.6273ba8a-bb02-425f-b443-3d4dcb2c9108,2026-05-18T17:00:00Z,"Start with deterministic checks such as logs, metrics, config diffs, and runbooks. Escalate to a larger model only after those signals are summarized, and require the final prompt to include the incident scope and exact evidence instead of raw dumps.",Can you draft a hook policy that enforces that escalation pattern?,conv-688359be2a,,[],[],0,req-b6a78995609a
2026-05-18,prompt-logs/chat/2026/05/18/kiro_chat_prompt_log.json,Review this modernization workflow and suggest how we should route simple code transforms versus deeper architecture questions to control Kiro credit usage.,MANUAL,,d-92675051d5.0ec463de-81c2-4f79-9d4c-029f7bb0f101,2026-05-18T12:09:00Z,Use a lighter default path for single-file transforms and reserve the higher-cost model only for cross-file refactors or design decisions. Add a first pass that trims unchanged files from context and sends documentation lookups to tools instead of the primary chat model.,"Can you turn that into a policy table for transform, review, and architecture tasks?",conv-6848554a79,,[],"[{""uri"":""https://docs.aws.amazon.com/lambda/latest/dg/welcome.html"",""title"":""[1] AWS Lambda Developer Guide"",""snippet"":""Developer guide for building, deploying, and operating AWS Lambda functions.""}]",1,req-ba104aceea5d
2026-05-18,prompt-logs/chat/2026/05/18/kiro_chat_prompt_log.json,We want to evaluate whether our guardrail prompts are too broad and causing unnecessary token usage. What is the fastest way to inspect that?,MANUAL,,d-92675051d5.9b1ac779-7da0-470f-bfd8-fba1849ca111,2026-05-18T16:41:00Z,"Compare the longest prompts against the workflows they serve and look for repeated policy text, duplicated file context, and tool instructions that never trigger. Move stable policy into hooks or reusable templates and keep run-specific prompts focused on the actual task.",Can you propose a prompt review checklist for cost and hallucination risk?,conv-0356cde76b,,[],[],0,req-db43b265e004
2026-05-18,prompt-logs/chat/2026/05/18/kiro_chat_prompt_log.json,Review this modernization workflow and suggest how we should route simple code transforms versus deeper architecture questions to control Kiro credit usage.,INLINE_CHAT,,d-92675051d5.0ec463de-81c2-4f79-9d4c-029f7bb0f101,2026-05-18T09:48:00Z,Use a lighter default path for single-file transforms and reserve the higher-cost model only for cross-file refactors or design decisions. Add a first pass that trims unchanged files from context and sends documentation lookups to tools instead of the primary chat model.,"Can you turn that into a policy table for transform, review, and architecture tasks?",conv-3e0325e2d7,,[],"[{""uri"":""https://docs.aws.amazon.com/lambda/latest/dg/welcome.html"",""title"":""[1] AWS Lambda Developer Guide"",""snippet"":""Developer guide for building, deploying, and operating AWS Lambda functions.""}]",1,req-de2659e041eb
2026-05-18,prompt-logs/chat/2026/05/18/kiro_chat_prompt_log.json,What guardrails should we add so SRE investigations use tools first and only escalate to larger models when needed?,MANUAL,,d-92675051d5.838f6b85-1e72-4404-a193-f1b0dc79d107,2026-05-18T12:25:00Z,"Start with deterministic checks such as logs, metrics, config diffs, and runbooks. Escalate to a larger model only after those signals are summarized, and require the final prompt to include the incident scope and exact evidence instead of raw dumps.",Can you draft a hook policy that enforces that escalation pattern?,conv-f66390bad1,,[],[],0,req-e8203a1e7610
2026-05-18,prompt-logs/chat/2026/05/18/kiro_chat_prompt_log.json,Review this modernization workflow and suggest how we should route simple code transforms versus deeper architecture questions to control Kiro credit usage.,MANUAL,,d-92675051d5.f12818d1-8f2c-4d54-9188-4f7224a4d103,2026-05-18T12:45:00Z,Use a lighter default path for single-file transforms and reserve the higher-cost model only for cross-file refactors or design decisions. Add a first pass that trims unchanged files from context and sends documentation lookups to tools instead of the primary chat model.,"Can you turn that into a policy table for transform, review, and architecture tasks?",conv-32e463eb03,,[],"[{""uri"":""https://docs.aws.amazon.com/lambda/latest/dg/welcome.html"",""title"":""[1] AWS Lambda Developer Guide"",""snippet"":""Developer guide for building, deploying, and operating AWS Lambda functions.""}]",1,req-f9b7fcbb2bb1
2026-05-19,prompt-logs/chat/2026/05/19/kiro_chat_prompt_log.json,Design an AI SDLC flow that gives us visibility into which orchestration steps are driving most of the Kiro usage.,MANUAL,,d-92675051d5.a9a3e94b-b147-4fb7-9934-f5ea941fd110,2026-05-19T14:11:00Z,"Label each step in the orchestration chain and persist request metadata with a workflow stage tag such as discovery, planning, implementation, review, or validation. With those tags you can attribute credits to the exact stage and then adjust routing or context budgets where the spikes occur.",What tags should we standardize on for multi-agent SDLC workflows?,conv-8ebb4fd4c1,,[],"[{""uri"":""https://docs.aws.amazon.com/quicksight/latest/user/welcome.html"",""title"":""[1] Amazon QuickSight User Guide"",""snippet"":""Guidance for building dashboards and visual analyses in Amazon QuickSight.""}]",1,req-01566cc80223
2026-05-19,prompt-logs/chat/2026/05/19/kiro_chat_prompt_log.json,What guardrails should we add so SRE investigations use tools first and only escalate to larger models when needed?,INLINE_CHAT,,d-92675051d5.838f6b85-1e72-4404-a193-f1b0dc79d107,2026-05-19T17:31:00Z,"Start with deterministic checks such as logs, metrics, config diffs, and runbooks. Escalate to a larger model only after those signals are summarized, and require the final prompt to include the incident scope and exact evidence instead of raw dumps.",Can you draft a hook policy that enforces that escalation pattern?,conv-e483853d99,,[],[],0,req-09d754384e25
2026-05-19,prompt-logs/chat/2026/05/19/kiro_chat_prompt_log.json,Design an AI SDLC flow that gives us visibility into which orchestration steps are driving most of the Kiro usage.,MANUAL,,d-92675051d5.59888cc4-2dac-4454-a84e-b7968ad4e112,2026-05-19T10:30:00Z,"Label each step in the orchestration chain and persist request metadata with a workflow stage tag such as discovery, planning, implementation, review, or validation. With those tags you can attribute credits to the exact stage and then adjust routing or context budgets where the spikes occur.",What tags should we standardize on for multi-agent SDLC workflows?,conv-9feb2f626f,,[],"[{""uri"":""https://docs.aws.amazon.com/quicksight/latest/user/welcome.html"",""title"":""[1] Amazon QuickSight User Guide"",""snippet"":""Guidance for building dashboards and visual analyses in Amazon QuickSight.""}]",1,req-0d100f8494ae
2026-05-19,prompt-logs/chat/2026/05/19/kiro_chat_prompt_log.json,What guardrails should we add so SRE investigations use tools first and only escalate to larger models when needed?,MANUAL,,d-92675051d5.3b537ba7-2c3b-4a6c-aec6-61e594bd1109,2026-05-19T11:38:00Z,"Start with deterministic checks such as logs, metrics, config diffs, and runbooks. Escalate to a larger model only after those signals are summarized, and require the final prompt to include the incident scope and exact evidence instead of raw dumps.",Can you draft a hook policy that enforces that escalation pattern?,conv-505d3cb049,,[],[],0,req-0f9742415189
2026-05-19,prompt-logs/chat/2026/05/19/kiro_chat_prompt_log.json,Design an AI SDLC flow that gives us visibility into which orchestration steps are driving most of the Kiro usage.,MANUAL,,d-92675051d5.a9a3e94b-b147-4fb7-9934-f5ea941fd110,2026-05-19T09:20:00Z,"Label each step in the orchestration chain and persist request metadata with a workflow stage tag such as discovery, planning, implementation, review, or validation. With those tags you can attribute credits to the exact stage and then adjust routing or context budgets where the spikes occur.",What tags should we standardize on for multi-agent SDLC workflows?,conv-2fa2e52572,,[],"[{""uri"":""https://docs.aws.amazon.com/quicksight/latest/user/welcome.html"",""title"":""[1] Amazon QuickSight User Guide"",""snippet"":""Guidance for building dashboards and visual analyses in Amazon QuickSight.""}]",1,req-115c757b975b
2026-05-19,prompt-logs/chat/2026/05/19/kiro_chat_prompt_log.json,Help me reduce credit burn in our automated test-generation loop without losing coverage.,INLINE_CHAT,,d-92675051d5.797d1e6c-6d5f-41a9-8dc7-53d2ef14e102,2026-05-19T10:55:00Z,"Generate a lightweight test plan first, then ask Kiro to produce tests only for the selected cases. Reuse repository summaries across runs and gate expensive review passes behind coverage or failure thresholds.","Can you show a low-cost orchestration pattern for plan, generate, and review?",conv-174eb0a55a,,[],[],0,req-1331aacfb3b2
2026-05-19,prompt-logs/chat/2026/05/19/kiro_chat_prompt_log.json,We want to evaluate whether our guardrail prompts are too broad and causing unnecessary token usage. What is the fastest way to inspect that?,MANUAL,,d-92675051d5.9b1ac779-7da0-470f-bfd8-fba1849ca111,2026-05-19T09:40:00Z,"Compare the longest prompts against the workflows they serve and look for repeated policy text, duplicated file context, and tool instructions that never trigger. Move stable policy into hooks or reusable templates and keep run-specific prompts focused on the actual task.",Can you propose a prompt review checklist for cost and hallucination risk?,conv-fe07736a4a,,[],[],0,req-16b8e0bf7ac3
2026-05-19,prompt-logs/chat/2026/05/19/kiro_chat_prompt_log.json,Design an AI SDLC flow that gives us visibility into which orchestration steps are driving most of the Kiro usage.,MANUAL,,d-92675051d5.59888cc4-2dac-4454-a84e-b7968ad4e112,2026-05-19T18:18:00Z,"Label each step in the orchestration chain and persist request metadata with a workflow stage tag such as discovery, planning, implementation, review, or validation. With those tags you can attribute credits to the exact stage and then adjust routing or context budgets where the spikes occur.",What tags should we standardize on for multi-agent SDLC workflows?,conv-8b0569e2d5,,[],"[{""uri"":""https://docs.aws.amazon.com/quicksight/latest/user/welcome.html"",""title"":""[1] Amazon QuickSight User Guide"",""snippet"":""Guidance for building dashboards and visual analyses in Amazon QuickSight.""}]",1,req-191e2fc01aa4
2026-05-19,prompt-logs/chat/2026/05/19/kiro_chat_prompt_log.json,Help me reduce credit burn in our automated test-generation loop without losing coverage.,MANUAL,,d-92675051d5.797d1e6c-6d5f-41a9-8dc7-53d2ef14e102,2026-05-19T14:44:00Z,"Generate a lightweight test plan first, then ask Kiro to produce tests only for the selected cases. Reuse repository summaries across runs and gate expensive review passes behind coverage or failure thresholds.","Can you show a low-cost orchestration pattern for plan, generate, and review?",conv-dfa9eb6723,,[],[],0,req-1ab1ee82469a
2026-05-19,prompt-logs/chat/2026/05/19/kiro_chat_prompt_log.json,We need per-user cost visibility for analytics workflows. What should we capture so we can separate exploratory prompts from production dashboard work?,MANUAL,,d-92675051d5.33a7a52f-dbf7-4f6b-89c9-43d30a61e104,2026-05-19T16:30:00Z,"Track the user, conversation, trigger type, and whether the request was an ad hoc question, spec task, or tool-assisted workflow. That separation makes it easier to route exploratory work to smaller models and keep scheduled or governed work on stricter guardrails.",Can you suggest dashboard dimensions for exploratory versus governed analytics work?,conv-59caaf78bd,,[],"[{""uri"":""https://docs.aws.amazon.com/athena/latest/ug/what-is.html"",""title"":""[1] What is Amazon Athena?"",""snippet"":""Overview of using Amazon Athena to query data in Amazon S3.""}]",1,req-22305476fca7
2026-05-19,prompt-logs/chat/2026/05/19/kiro_chat_prompt_log.json,What guardrails should we add so SRE investigations use tools first and only escalate to larger models when needed?,MANUAL,,d-92675051d5.838f6b85-1e72-4404-a193-f1b0dc79d107,2026-05-19T12:35:00Z,"Start with deterministic checks such as logs, metrics, config diffs, and runbooks. Escalate to a larger model only after those signals are summarized, and require the final prompt to include the incident scope and exact evidence instead of raw dumps.",Can you draft a hook policy that enforces that escalation pattern?,conv-4b94c72fc9,,[],[],0,req-25d0c20ade45
2026-05-19,prompt-logs/chat/2026/05/19/kiro_chat_prompt_log.json,We need per-user cost visibility for analytics workflows. What should we capture so we can separate exploratory prompts from production dashboard work?,MANUAL,,d-92675051d5.4a0a1ddb-32de-4237-b40f-cbc81f6ae105,2026-05-19T15:10:00Z,"Track the user, conversation, trigger type, and whether the request was an ad hoc question, spec task, or tool-assisted workflow. That separation makes it easier to route exploratory work to smaller models and keep scheduled or governed work on stricter guardrails.",Can you suggest dashboard dimensions for exploratory versus governed analytics work?,conv-c65d5ad43f,,[],"[{""uri"":""https://docs.aws.amazon.com/athena/latest/ug/what-is.html"",""title"":""[1] What is Amazon Athena?"",""snippet"":""Overview of using Amazon Athena to query data in Amazon S3.""}]",1,req-277262ce85f7
2026-05-19,prompt-logs/chat/2026/05/19/kiro_chat_prompt_log.json,Help me reduce credit burn in our automated test-generation loop without losing coverage.,MANUAL,,d-92675051d5.797d1e6c-6d5f-41a9-8dc7-53d2ef14e102,2026-05-19T11:18:00Z,"Generate a lightweight test plan first, then ask Kiro to produce tests only for the selected cases. Reuse repository summaries across runs and gate expensive review passes behind coverage or failure thresholds.","Can you show a low-cost orchestration pattern for plan, generate, and review?",conv-6a9c4b20f6,,[],[],0,req-2d93ffb522d1
2026-05-19,prompt-logs/chat/2026/05/19/kiro_chat_prompt_log.json,Design an AI SDLC flow that gives us visibility into which orchestration steps are driving most of the Kiro usage.,MANUAL,,d-92675051d5.a9a3e94b-b147-4fb7-9934-f5ea941fd110,2026-05-19T09:25:00Z,"Label each step in the orchestration chain and persist request metadata with a workflow stage tag such as discovery, planning, implementation, review, or validation. With those tags you can attribute credits to the exact stage and then adjust routing or context budgets where the spikes occur.",What tags should we standardize on for multi-agent SDLC workflows?,conv-42a74ff75f,,[],"[{""uri"":""https://docs.aws.amazon.com/quicksight/latest/user/welcome.html"",""title"":""[1] Amazon QuickSight User Guide"",""snippet"":""Guidance for building dashboards and visual analyses in Amazon QuickSight.""}]",1,req-2db98e6a3860
2026-05-19,prompt-logs/chat/2026/05/19/kiro_chat_prompt_log.json,Help me reduce credit burn in our automated test-generation loop without losing coverage.,MANUAL,,d-92675051d5.797d1e6c-6d5f-41a9-8dc7-53d2ef14e102,2026-05-19T12:55:00Z,"Generate a lightweight test plan first, then ask Kiro to produce tests only for the selected cases. Reuse repository summaries across runs and gate expensive review passes behind coverage or failure thresholds.","Can you show a low-cost orchestration pattern for plan, generate, and review?",conv-d420d3ffd0,,[],[],0,req-31b0bd61b4ce
2026-05-19,prompt-logs/chat/2026/05/19/kiro_chat_prompt_log.json,Help me reduce credit burn in our automated test-generation loop without losing coverage.,MANUAL,,d-92675051d5.797d1e6c-6d5f-41a9-8dc7-53d2ef14e102,2026-05-19T12:57:00Z,"Generate a lightweight test plan first, then ask Kiro to produce tests only for the selected cases. Reuse repository summaries across runs and gate expensive review passes behind coverage or failure thresholds.","Can you show a low-cost orchestration pattern for plan, generate, and review?",conv-2782800231,,[],[],0,req-34a6e2469de5
2026-05-19,prompt-logs/chat/2026/05/19/kiro_chat_prompt_log.json,Design an AI SDLC flow that gives us visibility into which orchestration steps are driving most of the Kiro usage.,MANUAL,,d-92675051d5.a9a3e94b-b147-4fb7-9934-f5ea941fd110,2026-05-19T15:17:00Z,"Label each step in the orchestration chain and persist request metadata with a workflow stage tag such as discovery, planning, implementation, review, or validation. With those tags you can attribute credits to the exact stage and then adjust routing or context budgets where the spikes occur.",What tags should we standardize on for multi-agent SDLC workflows?,conv-4231a26578,,[],"[{""uri"":""https://docs.aws.amazon.com/quicksight/latest/user/welcome.html"",""title"":""[1] Amazon QuickSight User Guide"",""snippet"":""Guidance for building dashboards and visual analyses in Amazon QuickSight.""}]",1,req-3e41f79d4526
2026-05-19,prompt-logs/chat/2026/05/19/kiro_chat_prompt_log.json,"Given this payment service refactor plan, where are we likely over-pulling context and increasing hallucination risk?",MANUAL,,d-92675051d5.0ec463de-81c2-4f79-9d4c-029f7bb0f101,2026-05-19T16:11:00Z,"The highest risk is sending every service, DTO, and migration file into the same request. Split discovery from implementation, summarize upstream contracts first, and only attach files directly relevant to the current change set.",What should the step-by-step agent flow look like after that split?,conv-cab189643d,,[],[],0,req-415c8b526d43
2026-05-19,prompt-logs/chat/2026/05/19/kiro_chat_prompt_log.json,What guardrails should we add so SRE investigations use tools first and only escalate to larger models when needed?,MANUAL,,d-92675051d5.3b537ba7-2c3b-4a6c-aec6-61e594bd1109,2026-05-19T14:10:00Z,"Start with deterministic checks such as logs, metrics, config diffs, and runbooks. Escalate to a larger model only after those signals are summarized, and require the final prompt to include the incident scope and exact evidence instead of raw dumps.",Can you draft a hook policy that enforces that escalation pattern?,conv-efa02f802e,,[],[],0,req-49cc177f110f
2026-05-19,prompt-logs/chat/2026/05/19/kiro_chat_prompt_log.json,What guardrails should we add so SRE investigations use tools first and only escalate to larger models when needed?,INLINE_CHAT,,d-92675051d5.3b537ba7-2c3b-4a6c-aec6-61e594bd1109,2026-05-19T13:14:00Z,"Start with deterministic checks such as logs, metrics, config diffs, and runbooks. Escalate to a larger model only after those signals are summarized, and require the final prompt to include the incident scope and exact evidence instead of raw dumps.",Can you draft a hook policy that enforces that escalation pattern?,conv-35e4b4e418,,[],[],0,req-4b92f2b245f7
2026-05-19,prompt-logs/chat/2026/05/19/kiro_chat_prompt_log.json,We need per-user cost visibility for analytics workflows. What should we capture so we can separate exploratory prompts from production dashboard work?,MANUAL,,d-92675051d5.33a7a52f-dbf7-4f6b-89c9-43d30a61e104,2026-05-19T12:38:00Z,"Track the user, conversation, trigger type, and whether the request was an ad hoc question, spec task, or tool-assisted workflow. That separation makes it easier to route exploratory work to smaller models and keep scheduled or governed work on stricter guardrails.",Can you suggest dashboard dimensions for exploratory versus governed analytics work?,conv-f9d0a69e09,,[],"[{""uri"":""https://docs.aws.amazon.com/athena/latest/ug/what-is.html"",""title"":""[1] What is Amazon Athena?"",""snippet"":""Overview of using Amazon Athena to query data in Amazon S3.""}]",1,req-4d6b2493c619
2026-05-19,prompt-logs/chat/2026/05/19/kiro_chat_prompt_log.json,Design an AI SDLC flow that gives us visibility into which orchestration steps are driving most of the Kiro usage.,MANUAL,,d-92675051d5.59888cc4-2dac-4454-a84e-b7968ad4e112,2026-05-19T09:50:00Z,"Label each step in the orchestration chain and persist request metadata with a workflow stage tag such as discovery, planning, implementation, review, or validation. With those tags you can attribute credits to the exact stage and then adjust routing or context budgets where the spikes occur.",What tags should we standardize on for multi-agent SDLC workflows?,conv-1ba458b006,,[],"[{""uri"":""https://docs.aws.amazon.com/quicksight/latest/user/welcome.html"",""title"":""[1] Amazon QuickSight User Guide"",""snippet"":""Guidance for building dashboards and visual analyses in Amazon QuickSight.""}]",1,req-4e2b1f353a6b
2026-05-19,prompt-logs/chat/2026/05/19/kiro_chat_prompt_log.json,Review this modernization workflow and suggest how we should route simple code transforms versus deeper architecture questions to control Kiro credit usage.,MANUAL,,d-92675051d5.0ec463de-81c2-4f79-9d4c-029f7bb0f101,2026-05-19T16:17:00Z,Use a lighter default path for single-file transforms and reserve the higher-cost model only for cross-file refactors or design decisions. Add a first pass that trims unchanged files from context and sends documentation lookups to tools instead of the primary chat model.,"Can you turn that into a policy table for transform, review, and architecture tasks?",conv-3a940d54df,,[],"[{""uri"":""https://docs.aws.amazon.com/lambda/latest/dg/welcome.html"",""title"":""[1] AWS Lambda Developer Guide"",""snippet"":""Developer guide for building, deploying, and operating AWS Lambda functions.""}]",1,req-51392f4660b8
2026-05-19,prompt-logs/chat/2026/05/19/kiro_chat_prompt_log.json,We want to evaluate whether our guardrail prompts are too broad and causing unnecessary token usage. What is the fastest way to inspect that?,MANUAL,,d-92675051d5.9b1ac779-7da0-470f-bfd8-fba1849ca111,2026-05-19T10:02:00Z,"Compare the longest prompts against the workflows they serve and look for repeated policy text, duplicated file context, and tool instructions that never trigger. Move stable policy into hooks or reusable templates and keep run-specific prompts focused on the actual task.",Can you propose a prompt review checklist for cost and hallucination risk?,conv-913dab0d2a,,[],[],0,req-517e0fd503f3
2026-05-19,prompt-logs/chat/2026/05/19/kiro_chat_prompt_log.json,Review this modernization workflow and suggest how we should route simple code transforms versus deeper architecture questions to control Kiro credit usage.,MANUAL,,d-92675051d5.0ec463de-81c2-4f79-9d4c-029f7bb0f101,2026-05-19T13:35:00Z,Use a lighter default path for single-file transforms and reserve the higher-cost model only for cross-file refactors or design decisions. Add a first pass that trims unchanged files from context and sends documentation lookups to tools instead of the primary chat model.,"Can you turn that into a policy table for transform, review, and architecture tasks?",conv-32ad858400,,[],"[{""uri"":""https://docs.aws.amazon.com/lambda/latest/dg/welcome.html"",""title"":""[1] AWS Lambda Developer Guide"",""snippet"":""Developer guide for building, deploying, and operating AWS Lambda functions.""}]",1,req-51b3119eefd6
2026-05-19,prompt-logs/chat/2026/05/19/kiro_chat_prompt_log.json,Help me reduce credit burn in our automated test-generation loop without losing coverage.,MANUAL,,d-92675051d5.797d1e6c-6d5f-41a9-8dc7-53d2ef14e102,2026-05-19T18:01:00Z,"Generate a lightweight test plan first, then ask Kiro to produce tests only for the selected cases. Reuse repository summaries across runs and gate expensive review passes behind coverage or failure thresholds.","Can you show a low-cost orchestration pattern for plan, generate, and review?",conv-dfa9eb6723,,[],[],0,req-587f11d00779
2026-05-19,prompt-logs/chat/2026/05/19/kiro_chat_prompt_log.json,Review this modernization workflow and suggest how we should route simple code transforms versus deeper architecture questions to control Kiro credit usage.,MANUAL,,d-92675051d5.0ec463de-81c2-4f79-9d4c-029f7bb0f101,2026-05-19T18:14:00Z,Use a lighter default path for single-file transforms and reserve the higher-cost model only for cross-file refactors or design decisions. Add a first pass that trims unchanged files from context and sends documentation lookups to tools instead of the primary chat model.,"Can you turn that into a policy table for transform, review, and architecture tasks?",conv-d4a5e1356b,,[],"[{""uri"":""https://docs.aws.amazon.com/lambda/latest/dg/welcome.html"",""title"":""[1] AWS Lambda Developer Guide"",""snippet"":""Developer guide for building, deploying, and operating AWS Lambda functions.""}]",1,req-5c8cccf5af54
2026-05-19,prompt-logs/chat/2026/05/19/kiro_chat_prompt_log.json,Design an AI SDLC flow that gives us visibility into which orchestration steps are driving most of the Kiro usage.,MANUAL,,d-92675051d5.a9a3e94b-b147-4fb7-9934-f5ea941fd110,2026-05-19T13:19:00Z,"Label each step in the orchestration chain and persist request metadata with a workflow stage tag such as discovery, planning, implementation, review, or validation. With those tags you can attribute credits to the exact stage and then adjust routing or context budgets where the spikes occur.",What tags should we standardize on for multi-agent SDLC workflows?,conv-01e486e9b1,,[],"[{""uri"":""https://docs.aws.amazon.com/quicksight/latest/user/welcome.html"",""title"":""[1] Amazon QuickSight User Guide"",""snippet"":""Guidance for building dashboards and visual analyses in Amazon QuickSight.""}]",1,req-5d219d8ce499
2026-05-19,prompt-logs/chat/2026/05/19/kiro_chat_prompt_log.json,Review this modernization workflow and suggest how we should route simple code transforms versus deeper architecture questions to control Kiro credit usage.,MANUAL,,d-92675051d5.0ec463de-81c2-4f79-9d4c-029f7bb0f101,2026-05-19T09:07:00Z,Use a lighter default path for single-file transforms and reserve the higher-cost model only for cross-file refactors or design decisions. Add a first pass that trims unchanged files from context and sends documentation lookups to tools instead of the primary chat model.,"Can you turn that into a policy table for transform, review, and architecture tasks?",conv-cab189643d,,[],"[{""uri"":""https://docs.aws.amazon.com/lambda/latest/dg/welcome.html"",""title"":""[1] AWS Lambda Developer Guide"",""snippet"":""Developer guide for building, deploying, and operating AWS Lambda functions.""}]",1,req-6405be6e46a9
2026-05-19,prompt-logs/chat/2026/05/19/kiro_chat_prompt_log.json,What guardrails should we add so SRE investigations use tools first and only escalate to larger models when needed?,MANUAL,,d-92675051d5.838f6b85-1e72-4404-a193-f1b0dc79d107,2026-05-19T15:35:00Z,"Start with deterministic checks such as logs, metrics, config diffs, and runbooks. Escalate to a larger model only after those signals are summarized, and require the final prompt to include the incident scope and exact evidence instead of raw dumps.",Can you draft a hook policy that enforces that escalation pattern?,conv-cea28ff7c4,,[],[],0,req-65a816547e18
2026-05-19,prompt-logs/chat/2026/05/19/kiro_chat_prompt_log.json,Design an AI SDLC flow that gives us visibility into which orchestration steps are driving most of the Kiro usage.,MANUAL,,d-92675051d5.a9a3e94b-b147-4fb7-9934-f5ea941fd110,2026-05-19T11:38:00Z,"Label each step in the orchestration chain and persist request metadata with a workflow stage tag such as discovery, planning, implementation, review, or validation. With those tags you can attribute credits to the exact stage and then adjust routing or context budgets where the spikes occur.",What tags should we standardize on for multi-agent SDLC workflows?,conv-42a74ff75f,,[],"[{""uri"":""https://docs.aws.amazon.com/quicksight/latest/user/welcome.html"",""title"":""[1] Amazon QuickSight User Guide"",""snippet"":""Guidance for building dashboards and visual analyses in Amazon QuickSight.""}]",1,req-677a4779db1c
2026-05-19,prompt-logs/chat/2026/05/19/kiro_chat_prompt_log.json,Help me reduce credit burn in our automated test-generation loop without losing coverage.,MANUAL,,d-92675051d5.797d1e6c-6d5f-41a9-8dc7-53d2ef14e102,2026-05-19T10:32:00Z,"Generate a lightweight test plan first, then ask Kiro to produce tests only for the selected cases. Reuse repository summaries across runs and gate expensive review passes behind coverage or failure thresholds.","Can you show a low-cost orchestration pattern for plan, generate, and review?",conv-2782800231,,[],[],0,req-6bb871d5799e
2026-05-19,prompt-logs/chat/2026/05/19/kiro_chat_prompt_log.json,We need per-user cost visibility for analytics workflows. What should we capture so we can separate exploratory prompts from production dashboard work?,MANUAL,,d-92675051d5.33a7a52f-dbf7-4f6b-89c9-43d30a61e104,2026-05-19T18:07:00Z,"Track the user, conversation, trigger type, and whether the request was an ad hoc question, spec task, or tool-assisted workflow. That separation makes it easier to route exploratory work to smaller models and keep scheduled or governed work on stricter guardrails.",Can you suggest dashboard dimensions for exploratory versus governed analytics work?,conv-7607b95ff5,,[],"[{""uri"":""https://docs.aws.amazon.com/athena/latest/ug/what-is.html"",""title"":""[1] What is Amazon Athena?"",""snippet"":""Overview of using Amazon Athena to query data in Amazon S3.""}]",1,req-749bcbb85857
2026-05-19,prompt-logs/chat/2026/05/19/kiro_chat_prompt_log.json,We want to evaluate whether our guardrail prompts are too broad and causing unnecessary token usage. What is the fastest way to inspect that?,INLINE_CHAT,,d-92675051d5.9b1ac779-7da0-470f-bfd8-fba1849ca111,2026-05-19T14:48:00Z,"Compare the longest prompts against the workflows they serve and look for repeated policy text, duplicated file context, and tool instructions that never trigger. Move stable policy into hooks or reusable templates and keep run-specific prompts focused on the actual task.",Can you propose a prompt review checklist for cost and hallucination risk?,conv-f9aed70019,,[],[],0,req-8054087f68d6
2026-05-19,prompt-logs/chat/2026/05/19/kiro_chat_prompt_log.json,What guardrails should we add so SRE investigations use tools first and only escalate to larger models when needed?,MANUAL,,d-92675051d5.838f6b85-1e72-4404-a193-f1b0dc79d107,2026-05-19T18:55:00Z,"Start with deterministic checks such as logs, metrics, config diffs, and runbooks. Escalate to a larger model only after those signals are summarized, and require the final prompt to include the incident scope and exact evidence instead of raw dumps.",Can you draft a hook policy that enforces that escalation pattern?,conv-b68e981ab9,,[],[],0,req-8272dabb87e8
2026-05-19,prompt-logs/chat/2026/05/19/kiro_chat_prompt_log.json,What guardrails should we add so SRE investigations use tools first and only escalate to larger models when needed?,MANUAL,,d-92675051d5.838f6b85-1e72-4404-a193-f1b0dc79d107,2026-05-19T15:46:00Z,"Start with deterministic checks such as logs, metrics, config diffs, and runbooks. Escalate to a larger model only after those signals are summarized, and require the final prompt to include the incident scope and exact evidence instead of raw dumps.",Can you draft a hook policy that enforces that escalation pattern?,conv-d6b51324a1,,[],[],0,req-84cfaf4c8e81
2026-05-19,prompt-logs/chat/2026/05/19/kiro_chat_prompt_log.json,We need per-user cost visibility for analytics workflows. What should we capture so we can separate exploratory prompts from production dashboard work?,MANUAL,,d-92675051d5.4a0a1ddb-32de-4237-b40f-cbc81f6ae105,2026-05-19T14:53:00Z,"Track the user, conversation, trigger type, and whether the request was an ad hoc question, spec task, or tool-assisted workflow. That separation makes it easier to route exploratory work to smaller models and keep scheduled or governed work on stricter guardrails.",Can you suggest dashboard dimensions for exploratory versus governed analytics work?,conv-a1b4f94dc3,,[],"[{""uri"":""https://docs.aws.amazon.com/athena/latest/ug/what-is.html"",""title"":""[1] What is Amazon Athena?"",""snippet"":""Overview of using Amazon Athena to query data in Amazon S3.""}]",1,req-8f53155d072c
2026-05-19,prompt-logs/chat/2026/05/19/kiro_chat_prompt_log.json,Help me reduce credit burn in our automated test-generation loop without losing coverage.,MANUAL,,d-92675051d5.797d1e6c-6d5f-41a9-8dc7-53d2ef14e102,2026-05-19T15:14:00Z,"Generate a lightweight test plan first, then ask Kiro to produce tests only for the selected cases. Reuse repository summaries across runs and gate expensive review passes behind coverage or failure thresholds.","Can you show a low-cost orchestration pattern for plan, generate, and review?",conv-d420d3ffd0,,[],[],0,req-97f95f34d329
2026-05-19,prompt-logs/chat/2026/05/19/kiro_chat_prompt_log.json,Help me reduce credit burn in our automated test-generation loop without losing coverage.,MANUAL,,d-92675051d5.797d1e6c-6d5f-41a9-8dc7-53d2ef14e102,2026-05-19T10:23:00Z,"Generate a lightweight test plan first, then ask Kiro to produce tests only for the selected cases. Reuse repository summaries across runs and gate expensive review passes behind coverage or failure thresholds.","Can you show a low-cost orchestration pattern for plan, generate, and review?",conv-174eb0a55a,,[],[],0,req-9ba932361c3d
2026-05-19,prompt-logs/chat/2026/05/19/kiro_chat_prompt_log.json,Help me reduce credit burn in our automated test-generation loop without losing coverage.,MANUAL,,d-92675051d5.797d1e6c-6d5f-41a9-8dc7-53d2ef14e102,2026-05-19T15:58:00Z,"Generate a lightweight test plan first, then ask Kiro to produce tests only for the selected cases. Reuse repository summaries across runs and gate expensive review passes behind coverage or failure thresholds.","Can you show a low-cost orchestration pattern for plan, generate, and review?",conv-2782800231,,[],[],0,req-9df7bb09abf9
2026-05-19,prompt-logs/chat/2026/05/19/kiro_chat_prompt_log.json,What guardrails should we add so SRE investigations use tools first and only escalate to larger models when needed?,MANUAL,,d-92675051d5.838f6b85-1e72-4404-a193-f1b0dc79d107,2026-05-19T15:05:00Z,"Start with deterministic checks such as logs, metrics, config diffs, and runbooks. Escalate to a larger model only after those signals are summarized, and require the final prompt to include the incident scope and exact evidence instead of raw dumps.",Can you draft a hook policy that enforces that escalation pattern?,conv-d6b51324a1,,[],[],0,req-9e194da3092a
2026-05-19,prompt-logs/chat/2026/05/19/kiro_chat_prompt_log.json,Review this modernization workflow and suggest how we should route simple code transforms versus deeper architecture questions to control Kiro credit usage.,INLINE_CHAT,,d-92675051d5.0ec463de-81c2-4f79-9d4c-029f7bb0f101,2026-05-19T11:40:00Z,Use a lighter default path for single-file transforms and reserve the higher-cost model only for cross-file refactors or design decisions. Add a first pass that trims unchanged files from context and sends documentation lookups to tools instead of the primary chat model.,"Can you turn that into a policy table for transform, review, and architecture tasks?",conv-3a940d54df,,[],"[{""uri"":""https://docs.aws.amazon.com/lambda/latest/dg/welcome.html"",""title"":""[1] AWS Lambda Developer Guide"",""snippet"":""Developer guide for building, deploying, and operating AWS Lambda functions.""}]",1,req-a0659633841b
2026-05-19,prompt-logs/chat/2026/05/19/kiro_chat_prompt_log.json,We want to evaluate whether our guardrail prompts are too broad and causing unnecessary token usage. What is the fastest way to inspect that?,MANUAL,,d-92675051d5.9b1ac779-7da0-470f-bfd8-fba1849ca111,2026-05-19T16:47:00Z,"Compare the longest prompts against the workflows they serve and look for repeated policy text, duplicated file context, and tool instructions that never trigger. Move stable policy into hooks or reusable templates and keep run-specific prompts focused on the actual task.",Can you propose a prompt review checklist for cost and hallucination risk?,conv-c0133eafb5,,[],[],0,req-a0672f728f3b
2026-05-19,prompt-logs/chat/2026/05/19/kiro_chat_prompt_log.json,"Given this payment service refactor plan, where are we likely over-pulling context and increasing hallucination risk?",MANUAL,,d-92675051d5.0ec463de-81c2-4f79-9d4c-029f7bb0f101,2026-05-19T17:08:00Z,"The highest risk is sending every service, DTO, and migration file into the same request. Split discovery from implementation, summarize upstream contracts first, and only attach files directly relevant to the current change set.",What should the step-by-step agent flow look like after that split?,conv-d4a5e1356b,,[],[],0,req-a2b3df885ef8
2026-05-19,prompt-logs/chat/2026/05/19/kiro_chat_prompt_log.json,Design an AI SDLC flow that gives us visibility into which orchestration steps are driving most of the Kiro usage.,MANUAL,,d-92675051d5.a9a3e94b-b147-4fb7-9934-f5ea941fd110,2026-05-19T09:40:00Z,"Label each step in the orchestration chain and persist request metadata with a workflow stage tag such as discovery, planning, implementation, review, or validation. With those tags you can attribute credits to the exact stage and then adjust routing or context budgets where the spikes occur.",What tags should we standardize on for multi-agent SDLC workflows?,conv-8ebb4fd4c1,,[],"[{""uri"":""https://docs.aws.amazon.com/quicksight/latest/user/welcome.html"",""title"":""[1] Amazon QuickSight User Guide"",""snippet"":""Guidance for building dashboards and visual analyses in Amazon QuickSight.""}]",1,req-a6816b11ad57
2026-05-19,prompt-logs/chat/2026/05/19/kiro_chat_prompt_log.json,What guardrails should we add so SRE investigations use tools first and only escalate to larger models when needed?,MANUAL,,d-92675051d5.838f6b85-1e72-4404-a193-f1b0dc79d107,2026-05-19T12:46:00Z,"Start with deterministic checks such as logs, metrics, config diffs, and runbooks. Escalate to a larger model only after those signals are summarized, and require the final prompt to include the incident scope and exact evidence instead of raw dumps.",Can you draft a hook policy that enforces that escalation pattern?,conv-cea28ff7c4,,[],[],0,req-af184244a902
2026-05-19,prompt-logs/chat/2026/05/19/kiro_chat_prompt_log.json,"Given this payment service refactor plan, where are we likely over-pulling context and increasing hallucination risk?",MANUAL,,d-92675051d5.0ec463de-81c2-4f79-9d4c-029f7bb0f101,2026-05-19T18:29:00Z,"The highest risk is sending every service, DTO, and migration file into the same request. Split discovery from implementation, summarize upstream contracts first, and only attach files directly relevant to the current change set.",What should the step-by-step agent flow look like after that split?,conv-32ad858400,,[],[],0,req-afb54dc7573e
2026-05-19,prompt-logs/chat/2026/05/19/kiro_chat_prompt_log.json,Design an AI SDLC flow that gives us visibility into which orchestration steps are driving most of the Kiro usage.,MANUAL,,d-92675051d5.59888cc4-2dac-4454-a84e-b7968ad4e112,2026-05-19T10:07:00Z,"Label each step in the orchestration chain and persist request metadata with a workflow stage tag such as discovery, planning, implementation, review, or validation. With those tags you can attribute credits to the exact stage and then adjust routing or context budgets where the spikes occur.",What tags should we standardize on for multi-agent SDLC workflows?,conv-ad1f39d16c,,[],"[{""uri"":""https://docs.aws.amazon.com/quicksight/latest/user/welcome.html"",""title"":""[1] Amazon QuickSight User Guide"",""snippet"":""Guidance for building dashboards and visual analyses in Amazon QuickSight.""}]",1,req-bd1c825ae4a7
2026-05-19,prompt-logs/chat/2026/05/19/kiro_chat_prompt_log.json,Help me reduce credit burn in our automated test-generation loop without losing coverage.,INLINE_CHAT,,d-92675051d5.797d1e6c-6d5f-41a9-8dc7-53d2ef14e102,2026-05-19T10:12:00Z,"Generate a lightweight test plan first, then ask Kiro to produce tests only for the selected cases. Reuse repository summaries across runs and gate expensive review passes behind coverage or failure thresholds.","Can you show a low-cost orchestration pattern for plan, generate, and review?",conv-6a9c4b20f6,,[],[],0,req-c477140ef27e
2026-05-19,prompt-logs/chat/2026/05/19/kiro_chat_prompt_log.json,What guardrails should we add so SRE investigations use tools first and only escalate to larger models when needed?,MANUAL,,d-92675051d5.838f6b85-1e72-4404-a193-f1b0dc79d107,2026-05-19T10:16:00Z,"Start with deterministic checks such as logs, metrics, config diffs, and runbooks. Escalate to a larger model only after those signals are summarized, and require the final prompt to include the incident scope and exact evidence instead of raw dumps.",Can you draft a hook policy that enforces that escalation pattern?,conv-e483853d99,,[],[],0,req-c6b905f1f4ad
2026-05-19,prompt-logs/chat/2026/05/19/kiro_chat_prompt_log.json,Help me reduce credit burn in our automated test-generation loop without losing coverage.,INLINE_CHAT,,d-92675051d5.797d1e6c-6d5f-41a9-8dc7-53d2ef14e102,2026-05-19T16:52:00Z,"Generate a lightweight test plan first, then ask Kiro to produce tests only for the selected cases. Reuse repository summaries across runs and gate expensive review passes behind coverage or failure thresholds.","Can you show a low-cost orchestration pattern for plan, generate, and review?",conv-dfa9eb6723,,[],[],0,req-c6e366dd3556
2026-05-19,prompt-logs/chat/2026/05/19/kiro_chat_prompt_log.json,Design an AI SDLC flow that gives us visibility into which orchestration steps are driving most of the Kiro usage.,MANUAL,,d-92675051d5.a9a3e94b-b147-4fb7-9934-f5ea941fd110,2026-05-19T14:57:00Z,"Label each step in the orchestration chain and persist request metadata with a workflow stage tag such as discovery, planning, implementation, review, or validation. With those tags you can attribute credits to the exact stage and then adjust routing or context budgets where the spikes occur.",What tags should we standardize on for multi-agent SDLC workflows?,conv-2fa2e52572,,[],"[{""uri"":""https://docs.aws.amazon.com/quicksight/latest/user/welcome.html"",""title"":""[1] Amazon QuickSight User Guide"",""snippet"":""Guidance for building dashboards and visual analyses in Amazon QuickSight.""}]",1,req-cdd9aa835088
2026-05-19,prompt-logs/chat/2026/05/19/kiro_chat_prompt_log.json,What guardrails should we add so SRE investigations use tools first and only escalate to larger models when needed?,MANUAL,,d-92675051d5.838f6b85-1e72-4404-a193-f1b0dc79d107,2026-05-19T10:50:00Z,"Start with deterministic checks such as logs, metrics, config diffs, and runbooks. Escalate to a larger model only after those signals are summarized, and require the final prompt to include the incident scope and exact evidence instead of raw dumps.",Can you draft a hook policy that enforces that escalation pattern?,conv-4b94c72fc9,,[],[],0,req-d2ec927c7873
2026-05-19,prompt-logs/chat/2026/05/19/kiro_chat_prompt_log.json,Design an AI SDLC flow that gives us visibility into which orchestration steps are driving most of the Kiro usage.,MANUAL,,d-92675051d5.59888cc4-2dac-4454-a84e-b7968ad4e112,2026-05-19T10:08:00Z,"Label each step in the orchestration chain and persist request metadata with a workflow stage tag such as discovery, planning, implementation, review, or validation. With those tags you can attribute credits to the exact stage and then adjust routing or context budgets where the spikes occur.",What tags should we standardize on for multi-agent SDLC workflows?,conv-199d35dee8,,[],"[{""uri"":""https://docs.aws.amazon.com/quicksight/latest/user/welcome.html"",""title"":""[1] Amazon QuickSight User Guide"",""snippet"":""Guidance for building dashboards and visual analyses in Amazon QuickSight.""}]",1,req-d388d17089e3
2026-05-19,prompt-logs/chat/2026/05/19/kiro_chat_prompt_log.json,Review this modernization workflow and suggest how we should route simple code transforms versus deeper architecture questions to control Kiro credit usage.,MANUAL,,d-92675051d5.0ec463de-81c2-4f79-9d4c-029f7bb0f101,2026-05-19T12:06:00Z,Use a lighter default path for single-file transforms and reserve the higher-cost model only for cross-file refactors or design decisions. Add a first pass that trims unchanged files from context and sends documentation lookups to tools instead of the primary chat model.,"Can you turn that into a policy table for transform, review, and architecture tasks?",conv-619f508bf4,,[],"[{""uri"":""https://docs.aws.amazon.com/lambda/latest/dg/welcome.html"",""title"":""[1] AWS Lambda Developer Guide"",""snippet"":""Developer guide for building, deploying, and operating AWS Lambda functions.""}]",1,req-e2f1ee7295f5
2026-05-19,prompt-logs/chat/2026/05/19/kiro_chat_prompt_log.json,We need per-user cost visibility for analytics workflows. What should we capture so we can separate exploratory prompts from production dashboard work?,MANUAL,,d-92675051d5.33a7a52f-dbf7-4f6b-89c9-43d30a61e104,2026-05-19T12:34:00Z,"Track the user, conversation, trigger type, and whether the request was an ad hoc question, spec task, or tool-assisted workflow. That separation makes it easier to route exploratory work to smaller models and keep scheduled or governed work on stricter guardrails.",Can you suggest dashboard dimensions for exploratory versus governed analytics work?,conv-8d5220d831,,[],"[{""uri"":""https://docs.aws.amazon.com/athena/latest/ug/what-is.html"",""title"":""[1] What is Amazon Athena?"",""snippet"":""Overview of using Amazon Athena to query data in Amazon S3.""}]",1,req-e65d988faaa5
2026-05-19,prompt-logs/chat/2026/05/19/kiro_chat_prompt_log.json,We need per-user cost visibility for analytics workflows. What should we capture so we can separate exploratory prompts from production dashboard work?,MANUAL,,d-92675051d5.4a0a1ddb-32de-4237-b40f-cbc81f6ae105,2026-05-19T11:55:00Z,"Track the user, conversation, trigger type, and whether the request was an ad hoc question, spec task, or tool-assisted workflow. That separation makes it easier to route exploratory work to smaller models and keep scheduled or governed work on stricter guardrails.",Can you suggest dashboard dimensions for exploratory versus governed analytics work?,conv-4de94926b6,,[],"[{""uri"":""https://docs.aws.amazon.com/athena/latest/ug/what-is.html"",""title"":""[1] What is Amazon Athena?"",""snippet"":""Overview of using Amazon Athena to query data in Amazon S3.""}]",1,req-ea5f105fb335
2026-05-19,prompt-logs/chat/2026/05/19/kiro_chat_prompt_log.json,Design an AI SDLC flow that gives us visibility into which orchestration steps are driving most of the Kiro usage.,MANUAL,,d-92675051d5.a9a3e94b-b147-4fb7-9934-f5ea941fd110,2026-05-19T14:15:00Z,"Label each step in the orchestration chain and persist request metadata with a workflow stage tag such as discovery, planning, implementation, review, or validation. With those tags you can attribute credits to the exact stage and then adjust routing or context budgets where the spikes occur.",What tags should we standardize on for multi-agent SDLC workflows?,conv-4231a26578,,[],"[{""uri"":""https://docs.aws.amazon.com/quicksight/latest/user/welcome.html"",""title"":""[1] Amazon QuickSight User Guide"",""snippet"":""Guidance for building dashboards and visual analyses in Amazon QuickSight.""}]",1,req-ed8be228a91a
2026-05-19,prompt-logs/chat/2026/05/19/kiro_chat_prompt_log.json,Review this modernization workflow and suggest how we should route simple code transforms versus deeper architecture questions to control Kiro credit usage.,INLINE_CHAT,,d-92675051d5.0ec463de-81c2-4f79-9d4c-029f7bb0f101,2026-05-19T18:11:00Z,Use a lighter default path for single-file transforms and reserve the higher-cost model only for cross-file refactors or design decisions. Add a first pass that trims unchanged files from context and sends documentation lookups to tools instead of the primary chat model.,"Can you turn that into a policy table for transform, review, and architecture tasks?",conv-619f508bf4,,[],"[{""uri"":""https://docs.aws.amazon.com/lambda/latest/dg/welcome.html"",""title"":""[1] AWS Lambda Developer Guide"",""snippet"":""Developer guide for building, deploying, and operating AWS Lambda functions.""}]",1,req-f1e0fa52b3b4
2026-05-19,prompt-logs/chat/2026/05/19/kiro_chat_prompt_log.json,We need per-user cost visibility for analytics workflows. What should we capture so we can separate exploratory prompts from production dashboard work?,MANUAL,,d-92675051d5.33a7a52f-dbf7-4f6b-89c9-43d30a61e104,2026-05-19T12:04:00Z,"Track the user, conversation, trigger type, and whether the request was an ad hoc question, spec task, or tool-assisted workflow. That separation makes it easier to route exploratory work to smaller models and keep scheduled or governed work on stricter guardrails.",Can you suggest dashboard dimensions for exploratory versus governed analytics work?,conv-ee9c665398,,[],"[{""uri"":""https://docs.aws.amazon.com/athena/latest/ug/what-is.html"",""title"":""[1] What is Amazon Athena?"",""snippet"":""Overview of using Amazon Athena to query data in Amazon S3.""}]",1,req-f45c3fa84976
2026-05-19,prompt-logs/chat/2026/05/19/kiro_chat_prompt_log.json,What guardrails should we add so SRE investigations use tools first and only escalate to larger models when needed?,MANUAL,,d-92675051d5.838f6b85-1e72-4404-a193-f1b0dc79d107,2026-05-19T10:51:00Z,"Start with deterministic checks such as logs, metrics, config diffs, and runbooks. Escalate to a larger model only after those signals are summarized, and require the final prompt to include the incident scope and exact evidence instead of raw dumps.",Can you draft a hook policy that enforces that escalation pattern?,conv-b68e981ab9,,[],[],0,req-f797b1224b2f
2026-05-19,prompt-logs/chat/2026/05/19/kiro_chat_prompt_log.json,We want to evaluate whether our guardrail prompts are too broad and causing unnecessary token usage. What is the fastest way to inspect that?,MANUAL,,d-92675051d5.9b1ac779-7da0-470f-bfd8-fba1849ca111,2026-05-19T12:30:00Z,"Compare the longest prompts against the workflows they serve and look for repeated policy text, duplicated file context, and tool instructions that never trigger. Move stable policy into hooks or reusable templates and keep run-specific prompts focused on the actual task.",Can you propose a prompt review checklist for cost and hallucination risk?,conv-02adef5cf7,,[],[],0,req-f963336ec783
2026-05-19,prompt-logs/chat/2026/05/19/kiro_chat_prompt_log.json,Design an AI SDLC flow that gives us visibility into which orchestration steps are driving most of the Kiro usage.,MANUAL,,d-92675051d5.a9a3e94b-b147-4fb7-9934-f5ea941fd110,2026-05-19T13:29:00Z,"Label each step in the orchestration chain and persist request metadata with a workflow stage tag such as discovery, planning, implementation, review, or validation. With those tags you can attribute credits to the exact stage and then adjust routing or context budgets where the spikes occur.",What tags should we standardize on for multi-agent SDLC workflows?,conv-01e486e9b1,,[],"[{""uri"":""https://docs.aws.amazon.com/quicksight/latest/user/welcome.html"",""title"":""[1] Amazon QuickSight User Guide"",""snippet"":""Guidance for building dashboards and visual analyses in Amazon QuickSight.""}]",1,req-fbb11d5dea02
2026-05-20,prompt-logs/chat/2026/05/20/kiro_chat_prompt_log.json,What guardrails should we add so SRE investigations use tools first and only escalate to larger models when needed?,MANUAL,,d-92675051d5.838f6b85-1e72-4404-a193-f1b0dc79d107,2026-05-20T16:43:00Z,"Start with deterministic checks such as logs, metrics, config diffs, and runbooks. Escalate to a larger model only after those signals are summarized, and require the final prompt to include the incident scope and exact evidence instead of raw dumps.",Can you draft a hook policy that enforces that escalation pattern?,conv-f8ace7119e,,[],[],0,req-03a1697f8c5d
2026-05-20,prompt-logs/chat/2026/05/20/kiro_chat_prompt_log.json,What guardrails should we add so SRE investigations use tools first and only escalate to larger models when needed?,MANUAL,,d-92675051d5.6273ba8a-bb02-425f-b443-3d4dcb2c9108,2026-05-20T09:10:00Z,"Start with deterministic checks such as logs, metrics, config diffs, and runbooks. Escalate to a larger model only after those signals are summarized, and require the final prompt to include the incident scope and exact evidence instead of raw dumps.",Can you draft a hook policy that enforces that escalation pattern?,conv-2d86ae1065,,[],[],0,req-067f5d590c51
2026-05-20,prompt-logs/chat/2026/05/20/kiro_chat_prompt_log.json,Design an AI SDLC flow that gives us visibility into which orchestration steps are driving most of the Kiro usage.,MANUAL,,d-92675051d5.a9a3e94b-b147-4fb7-9934-f5ea941fd110,2026-05-20T09:20:00Z,"Label each step in the orchestration chain and persist request metadata with a workflow stage tag such as discovery, planning, implementation, review, or validation. With those tags you can attribute credits to the exact stage and then adjust routing or context budgets where the spikes occur.",What tags should we standardize on for multi-agent SDLC workflows?,conv-353403645b,,[],"[{""uri"":""https://docs.aws.amazon.com/quicksight/latest/user/welcome.html"",""title"":""[1] Amazon QuickSight User Guide"",""snippet"":""Guidance for building dashboards and visual analyses in Amazon QuickSight.""}]",1,req-09b229793e55
2026-05-20,prompt-logs/chat/2026/05/20/kiro_chat_prompt_log.json,Design an AI SDLC flow that gives us visibility into which orchestration steps are driving most of the Kiro usage.,MANUAL,,d-92675051d5.a9a3e94b-b147-4fb7-9934-f5ea941fd110,2026-05-20T10:46:00Z,"Label each step in the orchestration chain and persist request metadata with a workflow stage tag such as discovery, planning, implementation, review, or validation. With those tags you can attribute credits to the exact stage and then adjust routing or context budgets where the spikes occur.",What tags should we standardize on for multi-agent SDLC workflows?,conv-6c3328bcb4,,[],"[{""uri"":""https://docs.aws.amazon.com/quicksight/latest/user/welcome.html"",""title"":""[1] Amazon QuickSight User Guide"",""snippet"":""Guidance for building dashboards and visual analyses in Amazon QuickSight.""}]",1,req-0bbd2d0dbf58
2026-05-20,prompt-logs/chat/2026/05/20/kiro_chat_prompt_log.json,Help me reduce credit burn in our automated test-generation loop without losing coverage.,MANUAL,,d-92675051d5.797d1e6c-6d5f-41a9-8dc7-53d2ef14e102,2026-05-20T18:04:00Z,"Generate a lightweight test plan first, then ask Kiro to produce tests only for the selected cases. Reuse repository summaries across runs and gate expensive review passes behind coverage or failure thresholds.","Can you show a low-cost orchestration pattern for plan, generate, and review?",conv-459555218e,,[],[],0,req-12142bb7402a
2026-05-20,prompt-logs/chat/2026/05/20/kiro_chat_prompt_log.json,"Given this payment service refactor plan, where are we likely over-pulling context and increasing hallucination risk?",MANUAL,,d-92675051d5.f12818d1-8f2c-4d54-9188-4f7224a4d103,2026-05-20T13:06:00Z,"The highest risk is sending every service, DTO, and migration file into the same request. Split discovery from implementation, summarize upstream contracts first, and only attach files directly relevant to the current change set.",What should the step-by-step agent flow look like after that split?,conv-330e942fcd,,[],[],0,req-14021bd55fce
2026-05-20,prompt-logs/chat/2026/05/20/kiro_chat_prompt_log.json,Design an AI SDLC flow that gives us visibility into which orchestration steps are driving most of the Kiro usage.,MANUAL,,d-92675051d5.a9a3e94b-b147-4fb7-9934-f5ea941fd110,2026-05-20T16:11:00Z,"Label each step in the orchestration chain and persist request metadata with a workflow stage tag such as discovery, planning, implementation, review, or validation. With those tags you can attribute credits to the exact stage and then adjust routing or context budgets where the spikes occur.",What tags should we standardize on for multi-agent SDLC workflows?,conv-a51307fdb2,,[],"[{""uri"":""https://docs.aws.amazon.com/quicksight/latest/user/welcome.html"",""title"":""[1] Amazon QuickSight User Guide"",""snippet"":""Guidance for building dashboards and visual analyses in Amazon QuickSight.""}]",1,req-182ebc715859
2026-05-20,prompt-logs/chat/2026/05/20/kiro_chat_prompt_log.json,We need per-user cost visibility for analytics workflows. What should we capture so we can separate exploratory prompts from production dashboard work?,MANUAL,,d-92675051d5.33a7a52f-dbf7-4f6b-89c9-43d30a61e104,2026-05-20T09:09:00Z,"Track the user, conversation, trigger type, and whether the request was an ad hoc question, spec task, or tool-assisted workflow. That separation makes it easier to route exploratory work to smaller models and keep scheduled or governed work on stricter guardrails.",Can you suggest dashboard dimensions for exploratory versus governed analytics work?,conv-fd877a53b9,,[],"[{""uri"":""https://docs.aws.amazon.com/athena/latest/ug/what-is.html"",""title"":""[1] What is Amazon Athena?"",""snippet"":""Overview of using Amazon Athena to query data in Amazon S3.""}]",1,req-1fe7f9737985
2026-05-20,prompt-logs/chat/2026/05/20/kiro_chat_prompt_log.json,We need per-user cost visibility for analytics workflows. What should we capture so we can separate exploratory prompts from production dashboard work?,MANUAL,,d-92675051d5.33a7a52f-dbf7-4f6b-89c9-43d30a61e104,2026-05-20T17:30:00Z,"Track the user, conversation, trigger type, and whether the request was an ad hoc question, spec task, or tool-assisted workflow. That separation makes it easier to route exploratory work to smaller models and keep scheduled or governed work on stricter guardrails.",Can you suggest dashboard dimensions for exploratory versus governed analytics work?,conv-5c8482bac6,,[],"[{""uri"":""https://docs.aws.amazon.com/athena/latest/ug/what-is.html"",""title"":""[1] What is Amazon Athena?"",""snippet"":""Overview of using Amazon Athena to query data in Amazon S3.""}]",1,req-24416764f72f
2026-05-20,prompt-logs/chat/2026/05/20/kiro_chat_prompt_log.json,We need per-user cost visibility for analytics workflows. What should we capture so we can separate exploratory prompts from production dashboard work?,MANUAL,,d-92675051d5.33a7a52f-dbf7-4f6b-89c9-43d30a61e104,2026-05-20T18:22:00Z,"Track the user, conversation, trigger type, and whether the request was an ad hoc question, spec task, or tool-assisted workflow. That separation makes it easier to route exploratory work to smaller models and keep scheduled or governed work on stricter guardrails.",Can you suggest dashboard dimensions for exploratory versus governed analytics work?,conv-b189875911,,[],"[{""uri"":""https://docs.aws.amazon.com/athena/latest/ug/what-is.html"",""title"":""[1] What is Amazon Athena?"",""snippet"":""Overview of using Amazon Athena to query data in Amazon S3.""}]",1,req-24acf6d4cb75
2026-05-20,prompt-logs/chat/2026/05/20/kiro_chat_prompt_log.json,Review this modernization workflow and suggest how we should route simple code transforms versus deeper architecture questions to control Kiro credit usage.,MANUAL,,d-92675051d5.f12818d1-8f2c-4d54-9188-4f7224a4d103,2026-05-20T10:47:00Z,Use a lighter default path for single-file transforms and reserve the higher-cost model only for cross-file refactors or design decisions. Add a first pass that trims unchanged files from context and sends documentation lookups to tools instead of the primary chat model.,"Can you turn that into a policy table for transform, review, and architecture tasks?",conv-c6250662d3,,[],"[{""uri"":""https://docs.aws.amazon.com/lambda/latest/dg/welcome.html"",""title"":""[1] AWS Lambda Developer Guide"",""snippet"":""Developer guide for building, deploying, and operating AWS Lambda functions.""}]",1,req-255243d4d9c1
2026-05-20,prompt-logs/chat/2026/05/20/kiro_chat_prompt_log.json,We need per-user cost visibility for analytics workflows. What should we capture so we can separate exploratory prompts from production dashboard work?,MANUAL,,d-92675051d5.33a7a52f-dbf7-4f6b-89c9-43d30a61e104,2026-05-20T15:59:00Z,"Track the user, conversation, trigger type, and whether the request was an ad hoc question, spec task, or tool-assisted workflow. That separation makes it easier to route exploratory work to smaller models and keep scheduled or governed work on stricter guardrails.",Can you suggest dashboard dimensions for exploratory versus governed analytics work?,conv-11a1b64ad5,,[],"[{""uri"":""https://docs.aws.amazon.com/athena/latest/ug/what-is.html"",""title"":""[1] What is Amazon Athena?"",""snippet"":""Overview of using Amazon Athena to query data in Amazon S3.""}]",1,req-26bcc751b05b
2026-05-20,prompt-logs/chat/2026/05/20/kiro_chat_prompt_log.json,"Given this payment service refactor plan, where are we likely over-pulling context and increasing hallucination risk?",MANUAL,,d-92675051d5.f12818d1-8f2c-4d54-9188-4f7224a4d103,2026-05-20T09:25:00Z,"The highest risk is sending every service, DTO, and migration file into the same request. Split discovery from implementation, summarize upstream contracts first, and only attach files directly relevant to the current change set.",What should the step-by-step agent flow look like after that split?,conv-1be1471265,,[],[],0,req-2a291e28638c
2026-05-20,prompt-logs/chat/2026/05/20/kiro_chat_prompt_log.json,What guardrails should we add so SRE investigations use tools first and only escalate to larger models when needed?,INLINE_CHAT,,d-92675051d5.838f6b85-1e72-4404-a193-f1b0dc79d107,2026-05-20T12:34:00Z,"Start with deterministic checks such as logs, metrics, config diffs, and runbooks. Escalate to a larger model only after those signals are summarized, and require the final prompt to include the incident scope and exact evidence instead of raw dumps.",Can you draft a hook policy that enforces that escalation pattern?,conv-7ddf0e6d09,,[],[],0,req-2d01d92d1205
2026-05-20,prompt-logs/chat/2026/05/20/kiro_chat_prompt_log.json,What guardrails should we add so SRE investigations use tools first and only escalate to larger models when needed?,MANUAL,,d-92675051d5.838f6b85-1e72-4404-a193-f1b0dc79d107,2026-05-20T12:30:00Z,"Start with deterministic checks such as logs, metrics, config diffs, and runbooks. Escalate to a larger model only after those signals are summarized, and require the final prompt to include the incident scope and exact evidence instead of raw dumps.",Can you draft a hook policy that enforces that escalation pattern?,conv-7bf5793e6a,,[],[],0,req-2d9a25adb2e6
2026-05-20,prompt-logs/chat/2026/05/20/kiro_chat_prompt_log.json,What guardrails should we add so SRE investigations use tools first and only escalate to larger models when needed?,MANUAL,,d-92675051d5.838f6b85-1e72-4404-a193-f1b0dc79d107,2026-05-20T15:54:00Z,"Start with deterministic checks such as logs, metrics, config diffs, and runbooks. Escalate to a larger model only after those signals are summarized, and require the final prompt to include the incident scope and exact evidence instead of raw dumps.",Can you draft a hook policy that enforces that escalation pattern?,conv-47cccedbad,,[],[],0,req-317380c57298
2026-05-20,prompt-logs/chat/2026/05/20/kiro_chat_prompt_log.json,Design an AI SDLC flow that gives us visibility into which orchestration steps are driving most of the Kiro usage.,MANUAL,,d-92675051d5.a9a3e94b-b147-4fb7-9934-f5ea941fd110,2026-05-20T15:00:00Z,"Label each step in the orchestration chain and persist request metadata with a workflow stage tag such as discovery, planning, implementation, review, or validation. With those tags you can attribute credits to the exact stage and then adjust routing or context budgets where the spikes occur.",What tags should we standardize on for multi-agent SDLC workflows?,conv-74e7ae984b,,[],"[{""uri"":""https://docs.aws.amazon.com/quicksight/latest/user/welcome.html"",""title"":""[1] Amazon QuickSight User Guide"",""snippet"":""Guidance for building dashboards and visual analyses in Amazon QuickSight.""}]",1,req-32b791d02776
2026-05-20,prompt-logs/chat/2026/05/20/kiro_chat_prompt_log.json,What guardrails should we add so SRE investigations use tools first and only escalate to larger models when needed?,MANUAL,,d-92675051d5.6273ba8a-bb02-425f-b443-3d4dcb2c9108,2026-05-20T14:20:00Z,"Start with deterministic checks such as logs, metrics, config diffs, and runbooks. Escalate to a larger model only after those signals are summarized, and require the final prompt to include the incident scope and exact evidence instead of raw dumps.",Can you draft a hook policy that enforces that escalation pattern?,conv-d8992039f1,,[],[],0,req-3d220637dae6
2026-05-20,prompt-logs/chat/2026/05/20/kiro_chat_prompt_log.json,What guardrails should we add so SRE investigations use tools first and only escalate to larger models when needed?,MANUAL,,d-92675051d5.838f6b85-1e72-4404-a193-f1b0dc79d107,2026-05-20T12:55:00Z,"Start with deterministic checks such as logs, metrics, config diffs, and runbooks. Escalate to a larger model only after those signals are summarized, and require the final prompt to include the incident scope and exact evidence instead of raw dumps.",Can you draft a hook policy that enforces that escalation pattern?,conv-f413d91f75,,[],[],0,req-3f777bbcc6cc
2026-05-20,prompt-logs/chat/2026/05/20/kiro_chat_prompt_log.json,Design an AI SDLC flow that gives us visibility into which orchestration steps are driving most of the Kiro usage.,MANUAL,,d-92675051d5.a9a3e94b-b147-4fb7-9934-f5ea941fd110,2026-05-20T09:00:00Z,"Label each step in the orchestration chain and persist request metadata with a workflow stage tag such as discovery, planning, implementation, review, or validation. With those tags you can attribute credits to the exact stage and then adjust routing or context budgets where the spikes occur.",What tags should we standardize on for multi-agent SDLC workflows?,conv-353403645b,,[],"[{""uri"":""https://docs.aws.amazon.com/quicksight/latest/user/welcome.html"",""title"":""[1] Amazon QuickSight User Guide"",""snippet"":""Guidance for building dashboards and visual analyses in Amazon QuickSight.""}]",1,req-464b276d1600
2026-05-20,prompt-logs/chat/2026/05/20/kiro_chat_prompt_log.json,What guardrails should we add so SRE investigations use tools first and only escalate to larger models when needed?,MANUAL,,d-92675051d5.838f6b85-1e72-4404-a193-f1b0dc79d107,2026-05-20T15:35:00Z,"Start with deterministic checks such as logs, metrics, config diffs, and runbooks. Escalate to a larger model only after those signals are summarized, and require the final prompt to include the incident scope and exact evidence instead of raw dumps.",Can you draft a hook policy that enforces that escalation pattern?,conv-7bf5793e6a,,[],[],0,req-48ba5ec336dd
2026-05-20,prompt-logs/chat/2026/05/20/kiro_chat_prompt_log.json,We need per-user cost visibility for analytics workflows. What should we capture so we can separate exploratory prompts from production dashboard work?,MANUAL,,d-92675051d5.4a0a1ddb-32de-4237-b40f-cbc81f6ae105,2026-05-20T17:22:00Z,"Track the user, conversation, trigger type, and whether the request was an ad hoc question, spec task, or tool-assisted workflow. That separation makes it easier to route exploratory work to smaller models and keep scheduled or governed work on stricter guardrails.",Can you suggest dashboard dimensions for exploratory versus governed analytics work?,conv-976a93eb75,,[],"[{""uri"":""https://docs.aws.amazon.com/athena/latest/ug/what-is.html"",""title"":""[1] What is Amazon Athena?"",""snippet"":""Overview of using Amazon Athena to query data in Amazon S3.""}]",1,req-4de11f8c3f71
2026-05-20,prompt-logs/chat/2026/05/20/kiro_chat_prompt_log.json,We want to evaluate whether our guardrail prompts are too broad and causing unnecessary token usage. What is the fastest way to inspect that?,MANUAL,,d-92675051d5.9b1ac779-7da0-470f-bfd8-fba1849ca111,2026-05-20T09:03:00Z,"Compare the longest prompts against the workflows they serve and look for repeated policy text, duplicated file context, and tool instructions that never trigger. Move stable policy into hooks or reusable templates and keep run-specific prompts focused on the actual task.",Can you propose a prompt review checklist for cost and hallucination risk?,conv-8385f40272,,[],[],0,req-4fe0f35037f0
2026-05-20,prompt-logs/chat/2026/05/20/kiro_chat_prompt_log.json,Review this modernization workflow and suggest how we should route simple code transforms versus deeper architecture questions to control Kiro credit usage.,INLINE_CHAT,,d-92675051d5.0ec463de-81c2-4f79-9d4c-029f7bb0f101,2026-05-20T14:10:00Z,Use a lighter default path for single-file transforms and reserve the higher-cost model only for cross-file refactors or design decisions. Add a first pass that trims unchanged files from context and sends documentation lookups to tools instead of the primary chat model.,"Can you turn that into a policy table for transform, review, and architecture tasks?",conv-1ddbece4b3,,[],"[{""uri"":""https://docs.aws.amazon.com/lambda/latest/dg/welcome.html"",""title"":""[1] AWS Lambda Developer Guide"",""snippet"":""Developer guide for building, deploying, and operating AWS Lambda functions.""}]",1,req-52467c663348
2026-05-20,prompt-logs/chat/2026/05/20/kiro_chat_prompt_log.json,We need per-user cost visibility for analytics workflows. What should we capture so we can separate exploratory prompts from production dashboard work?,MANUAL,,d-92675051d5.4a0a1ddb-32de-4237-b40f-cbc81f6ae105,2026-05-20T16:13:00Z,"Track the user, conversation, trigger type, and whether the request was an ad hoc question, spec task, or tool-assisted workflow. That separation makes it easier to route exploratory work to smaller models and keep scheduled or governed work on stricter guardrails.",Can you suggest dashboard dimensions for exploratory versus governed analytics work?,conv-74ecfcf38a,,[],"[{""uri"":""https://docs.aws.amazon.com/athena/latest/ug/what-is.html"",""title"":""[1] What is Amazon Athena?"",""snippet"":""Overview of using Amazon Athena to query data in Amazon S3.""}]",1,req-53e7734daa8c
2026-05-20,prompt-logs/chat/2026/05/20/kiro_chat_prompt_log.json,Design an AI SDLC flow that gives us visibility into which orchestration steps are driving most of the Kiro usage.,MANUAL,,d-92675051d5.a9a3e94b-b147-4fb7-9934-f5ea941fd110,2026-05-20T11:22:00Z,"Label each step in the orchestration chain and persist request metadata with a workflow stage tag such as discovery, planning, implementation, review, or validation. With those tags you can attribute credits to the exact stage and then adjust routing or context budgets where the spikes occur.",What tags should we standardize on for multi-agent SDLC workflows?,conv-a51307fdb2,,[],"[{""uri"":""https://docs.aws.amazon.com/quicksight/latest/user/welcome.html"",""title"":""[1] Amazon QuickSight User Guide"",""snippet"":""Guidance for building dashboards and visual analyses in Amazon QuickSight.""}]",1,req-56899c4bb036
2026-05-20,prompt-logs/chat/2026/05/20/kiro_chat_prompt_log.json,Help me reduce credit burn in our automated test-generation loop without losing coverage.,MANUAL,,d-92675051d5.797d1e6c-6d5f-41a9-8dc7-53d2ef14e102,2026-05-20T13:57:00Z,"Generate a lightweight test plan first, then ask Kiro to produce tests only for the selected cases. Reuse repository summaries across runs and gate expensive review passes behind coverage or failure thresholds.","Can you show a low-cost orchestration pattern for plan, generate, and review?",conv-b94c8f49c7,,[],[],0,req-5946019707e1
2026-05-20,prompt-logs/chat/2026/05/20/kiro_chat_prompt_log.json,Design an AI SDLC flow that gives us visibility into which orchestration steps are driving most of the Kiro usage.,MANUAL,,d-92675051d5.a9a3e94b-b147-4fb7-9934-f5ea941fd110,2026-05-20T12:47:00Z,"Label each step in the orchestration chain and persist request metadata with a workflow stage tag such as discovery, planning, implementation, review, or validation. With those tags you can attribute credits to the exact stage and then adjust routing or context budgets where the spikes occur.",What tags should we standardize on for multi-agent SDLC workflows?,conv-a51307fdb2,,[],"[{""uri"":""https://docs.aws.amazon.com/quicksight/latest/user/welcome.html"",""title"":""[1] Amazon QuickSight User Guide"",""snippet"":""Guidance for building dashboards and visual analyses in Amazon QuickSight.""}]",1,req-602ee1ffb3eb
2026-05-20,prompt-logs/chat/2026/05/20/kiro_chat_prompt_log.json,We need per-user cost visibility for analytics workflows. What should we capture so we can separate exploratory prompts from production dashboard work?,MANUAL,,d-92675051d5.4a0a1ddb-32de-4237-b40f-cbc81f6ae105,2026-05-20T15:05:00Z,"Track the user, conversation, trigger type, and whether the request was an ad hoc question, spec task, or tool-assisted workflow. That separation makes it easier to route exploratory work to smaller models and keep scheduled or governed work on stricter guardrails.",Can you suggest dashboard dimensions for exploratory versus governed analytics work?,conv-3aa844b48b,,[],"[{""uri"":""https://docs.aws.amazon.com/athena/latest/ug/what-is.html"",""title"":""[1] What is Amazon Athena?"",""snippet"":""Overview of using Amazon Athena to query data in Amazon S3.""}]",1,req-685b6e45c240
2026-05-20,prompt-logs/chat/2026/05/20/kiro_chat_prompt_log.json,We want to evaluate whether our guardrail prompts are too broad and causing unnecessary token usage. What is the fastest way to inspect that?,MANUAL,,d-92675051d5.9b1ac779-7da0-470f-bfd8-fba1849ca111,2026-05-20T10:02:00Z,"Compare the longest prompts against the workflows they serve and look for repeated policy text, duplicated file context, and tool instructions that never trigger. Move stable policy into hooks or reusable templates and keep run-specific prompts focused on the actual task.",Can you propose a prompt review checklist for cost and hallucination risk?,conv-e32046962b,,[],[],0,req-6aa01075c58b
2026-05-20,prompt-logs/chat/2026/05/20/kiro_chat_prompt_log.json,What guardrails should we add so SRE investigations use tools first and only escalate to larger models when needed?,MANUAL,,d-92675051d5.6273ba8a-bb02-425f-b443-3d4dcb2c9108,2026-05-20T14:22:00Z,"Start with deterministic checks such as logs, metrics, config diffs, and runbooks. Escalate to a larger model only after those signals are summarized, and require the final prompt to include the incident scope and exact evidence instead of raw dumps.",Can you draft a hook policy that enforces that escalation pattern?,conv-546c6195bd,,[],[],0,req-6cda90391648
2026-05-20,prompt-logs/chat/2026/05/20/kiro_chat_prompt_log.json,Help me reduce credit burn in our automated test-generation loop without losing coverage.,INLINE_CHAT,,d-92675051d5.797d1e6c-6d5f-41a9-8dc7-53d2ef14e102,2026-05-20T15:36:00Z,"Generate a lightweight test plan first, then ask Kiro to produce tests only for the selected cases. Reuse repository summaries across runs and gate expensive review passes behind coverage or failure thresholds.","Can you show a low-cost orchestration pattern for plan, generate, and review?",conv-06b5441808,,[],[],0,req-6d1b96a1d772
2026-05-20,prompt-logs/chat/2026/05/20/kiro_chat_prompt_log.json,Help me reduce credit burn in our automated test-generation loop without losing coverage.,MANUAL,,d-92675051d5.797d1e6c-6d5f-41a9-8dc7-53d2ef14e102,2026-05-20T10:15:00Z,"Generate a lightweight test plan first, then ask Kiro to produce tests only for the selected cases. Reuse repository summaries across runs and gate expensive review passes behind coverage or failure thresholds.","Can you show a low-cost orchestration pattern for plan, generate, and review?",conv-06b5441808,,[],[],0,req-74ea018bb6f2
2026-05-20,prompt-logs/chat/2026/05/20/kiro_chat_prompt_log.json,What guardrails should we add so SRE investigations use tools first and only escalate to larger models when needed?,MANUAL,,d-92675051d5.6273ba8a-bb02-425f-b443-3d4dcb2c9108,2026-05-20T10:15:00Z,"Start with deterministic checks such as logs, metrics, config diffs, and runbooks. Escalate to a larger model only after those signals are summarized, and require the final prompt to include the incident scope and exact evidence instead of raw dumps.",Can you draft a hook policy that enforces that escalation pattern?,conv-2d86ae1065,,[],[],0,req-7cc225e220ea
2026-05-20,prompt-logs/chat/2026/05/20/kiro_chat_prompt_log.json,We want to evaluate whether our guardrail prompts are too broad and causing unnecessary token usage. What is the fastest way to inspect that?,INLINE_CHAT,,d-92675051d5.9b1ac779-7da0-470f-bfd8-fba1849ca111,2026-05-20T17:20:00Z,"Compare the longest prompts against the workflows they serve and look for repeated policy text, duplicated file context, and tool instructions that never trigger. Move stable policy into hooks or reusable templates and keep run-specific prompts focused on the actual task.",Can you propose a prompt review checklist for cost and hallucination risk?,conv-de4161977a,,[],[],0,req-7d79a1ed5082
2026-05-20,prompt-logs/chat/2026/05/20/kiro_chat_prompt_log.json,Design an AI SDLC flow that gives us visibility into which orchestration steps are driving most of the Kiro usage.,MANUAL,,d-92675051d5.a9a3e94b-b147-4fb7-9934-f5ea941fd110,2026-05-20T15:44:00Z,"Label each step in the orchestration chain and persist request metadata with a workflow stage tag such as discovery, planning, implementation, review, or validation. With those tags you can attribute credits to the exact stage and then adjust routing or context budgets where the spikes occur.",What tags should we standardize on for multi-agent SDLC workflows?,conv-353403645b,,[],"[{""uri"":""https://docs.aws.amazon.com/quicksight/latest/user/welcome.html"",""title"":""[1] Amazon QuickSight User Guide"",""snippet"":""Guidance for building dashboards and visual analyses in Amazon QuickSight.""}]",1,req-7dcbfa6c3594
2026-05-20,prompt-logs/chat/2026/05/20/kiro_chat_prompt_log.json,We need per-user cost visibility for analytics workflows. What should we capture so we can separate exploratory prompts from production dashboard work?,MANUAL,,d-92675051d5.7e23e16f-5eb6-49f0-8e5d-a84c5ad99106,2026-05-20T13:53:00Z,"Track the user, conversation, trigger type, and whether the request was an ad hoc question, spec task, or tool-assisted workflow. That separation makes it easier to route exploratory work to smaller models and keep scheduled or governed work on stricter guardrails.",Can you suggest dashboard dimensions for exploratory versus governed analytics work?,conv-ab05349702,,[],"[{""uri"":""https://docs.aws.amazon.com/athena/latest/ug/what-is.html"",""title"":""[1] What is Amazon Athena?"",""snippet"":""Overview of using Amazon Athena to query data in Amazon S3.""}]",1,req-7e4f18eb2a0f
2026-05-20,prompt-logs/chat/2026/05/20/kiro_chat_prompt_log.json,We need per-user cost visibility for analytics workflows. What should we capture so we can separate exploratory prompts from production dashboard work?,MANUAL,,d-92675051d5.4a0a1ddb-32de-4237-b40f-cbc81f6ae105,2026-05-20T16:59:00Z,"Track the user, conversation, trigger type, and whether the request was an ad hoc question, spec task, or tool-assisted workflow. That separation makes it easier to route exploratory work to smaller models and keep scheduled or governed work on stricter guardrails.",Can you suggest dashboard dimensions for exploratory versus governed analytics work?,conv-05d297730b,,[],"[{""uri"":""https://docs.aws.amazon.com/athena/latest/ug/what-is.html"",""title"":""[1] What is Amazon Athena?"",""snippet"":""Overview of using Amazon Athena to query data in Amazon S3.""}]",1,req-803680c54bee
2026-05-20,prompt-logs/chat/2026/05/20/kiro_chat_prompt_log.json,Design an AI SDLC flow that gives us visibility into which orchestration steps are driving most of the Kiro usage.,MANUAL,,d-92675051d5.a9a3e94b-b147-4fb7-9934-f5ea941fd110,2026-05-20T09:16:00Z,"Label each step in the orchestration chain and persist request metadata with a workflow stage tag such as discovery, planning, implementation, review, or validation. With those tags you can attribute credits to the exact stage and then adjust routing or context budgets where the spikes occur.",What tags should we standardize on for multi-agent SDLC workflows?,conv-dfa1fbd5cf,,[],"[{""uri"":""https://docs.aws.amazon.com/quicksight/latest/user/welcome.html"",""title"":""[1] Amazon QuickSight User Guide"",""snippet"":""Guidance for building dashboards and visual analyses in Amazon QuickSight.""}]",1,req-85af91c9e0ef
2026-05-20,prompt-logs/chat/2026/05/20/kiro_chat_prompt_log.json,Design an AI SDLC flow that gives us visibility into which orchestration steps are driving most of the Kiro usage.,MANUAL,,d-92675051d5.a9a3e94b-b147-4fb7-9934-f5ea941fd110,2026-05-20T10:44:00Z,"Label each step in the orchestration chain and persist request metadata with a workflow stage tag such as discovery, planning, implementation, review, or validation. With those tags you can attribute credits to the exact stage and then adjust routing or context budgets where the spikes occur.",What tags should we standardize on for multi-agent SDLC workflows?,conv-dfa1fbd5cf,,[],"[{""uri"":""https://docs.aws.amazon.com/quicksight/latest/user/welcome.html"",""title"":""[1] Amazon QuickSight User Guide"",""snippet"":""Guidance for building dashboards and visual analyses in Amazon QuickSight.""}]",1,req-95d5d64c4e9c
2026-05-20,prompt-logs/chat/2026/05/20/kiro_chat_prompt_log.json,What guardrails should we add so SRE investigations use tools first and only escalate to larger models when needed?,MANUAL,,d-92675051d5.6273ba8a-bb02-425f-b443-3d4dcb2c9108,2026-05-20T13:51:00Z,"Start with deterministic checks such as logs, metrics, config diffs, and runbooks. Escalate to a larger model only after those signals are summarized, and require the final prompt to include the incident scope and exact evidence instead of raw dumps.",Can you draft a hook policy that enforces that escalation pattern?,conv-09480eefd0,,[],[],0,req-96220636ba04
2026-05-20,prompt-logs/chat/2026/05/20/kiro_chat_prompt_log.json,Design an AI SDLC flow that gives us visibility into which orchestration steps are driving most of the Kiro usage.,MANUAL,,d-92675051d5.a9a3e94b-b147-4fb7-9934-f5ea941fd110,2026-05-20T13:39:00Z,"Label each step in the orchestration chain and persist request metadata with a workflow stage tag such as discovery, planning, implementation, review, or validation. With those tags you can attribute credits to the exact stage and then adjust routing or context budgets where the spikes occur.",What tags should we standardize on for multi-agent SDLC workflows?,conv-74e7ae984b,,[],"[{""uri"":""https://docs.aws.amazon.com/quicksight/latest/user/welcome.html"",""title"":""[1] Amazon QuickSight User Guide"",""snippet"":""Guidance for building dashboards and visual analyses in Amazon QuickSight.""}]",1,req-976162b64cfa
2026-05-20,prompt-logs/chat/2026/05/20/kiro_chat_prompt_log.json,Design an AI SDLC flow that gives us visibility into which orchestration steps are driving most of the Kiro usage.,MANUAL,,d-92675051d5.a9a3e94b-b147-4fb7-9934-f5ea941fd110,2026-05-20T18:08:00Z,"Label each step in the orchestration chain and persist request metadata with a workflow stage tag such as discovery, planning, implementation, review, or validation. With those tags you can attribute credits to the exact stage and then adjust routing or context budgets where the spikes occur.",What tags should we standardize on for multi-agent SDLC workflows?,conv-6c3328bcb4,,[],"[{""uri"":""https://docs.aws.amazon.com/quicksight/latest/user/welcome.html"",""title"":""[1] Amazon QuickSight User Guide"",""snippet"":""Guidance for building dashboards and visual analyses in Amazon QuickSight.""}]",1,req-9985bd5d1ed3
2026-05-20,prompt-logs/chat/2026/05/20/kiro_chat_prompt_log.json,What guardrails should we add so SRE investigations use tools first and only escalate to larger models when needed?,MANUAL,,d-92675051d5.838f6b85-1e72-4404-a193-f1b0dc79d107,2026-05-20T18:04:00Z,"Start with deterministic checks such as logs, metrics, config diffs, and runbooks. Escalate to a larger model only after those signals are summarized, and require the final prompt to include the incident scope and exact evidence instead of raw dumps.",Can you draft a hook policy that enforces that escalation pattern?,conv-47cccedbad,,[],[],0,req-99951ac953ef
2026-05-20,prompt-logs/chat/2026/05/20/kiro_chat_prompt_log.json,Design an AI SDLC flow that gives us visibility into which orchestration steps are driving most of the Kiro usage.,MANUAL,,d-92675051d5.a9a3e94b-b147-4fb7-9934-f5ea941fd110,2026-05-20T12:06:00Z,"Label each step in the orchestration chain and persist request metadata with a workflow stage tag such as discovery, planning, implementation, review, or validation. With those tags you can attribute credits to the exact stage and then adjust routing or context budgets where the spikes occur.",What tags should we standardize on for multi-agent SDLC workflows?,conv-74e7ae984b,,[],"[{""uri"":""https://docs.aws.amazon.com/quicksight/latest/user/welcome.html"",""title"":""[1] Amazon QuickSight User Guide"",""snippet"":""Guidance for building dashboards and visual analyses in Amazon QuickSight.""}]",1,req-9be4ad4414a2
2026-05-20,prompt-logs/chat/2026/05/20/kiro_chat_prompt_log.json,Help me reduce credit burn in our automated test-generation loop without losing coverage.,MANUAL,,d-92675051d5.797d1e6c-6d5f-41a9-8dc7-53d2ef14e102,2026-05-20T14:06:00Z,"Generate a lightweight test plan first, then ask Kiro to produce tests only for the selected cases. Reuse repository summaries across runs and gate expensive review passes behind coverage or failure thresholds.","Can you show a low-cost orchestration pattern for plan, generate, and review?",conv-da71deb8fa,,[],[],0,req-9c3b1d54e199
2026-05-20,prompt-logs/chat/2026/05/20/kiro_chat_prompt_log.json,What guardrails should we add so SRE investigations use tools first and only escalate to larger models when needed?,MANUAL,,d-92675051d5.6273ba8a-bb02-425f-b443-3d4dcb2c9108,2026-05-20T11:22:00Z,"Start with deterministic checks such as logs, metrics, config diffs, and runbooks. Escalate to a larger model only after those signals are summarized, and require the final prompt to include the incident scope and exact evidence instead of raw dumps.",Can you draft a hook policy that enforces that escalation pattern?,conv-4c7566fc17,,[],[],0,req-a0f9c76e353e
2026-05-20,prompt-logs/chat/2026/05/20/kiro_chat_prompt_log.json,We need per-user cost visibility for analytics workflows. What should we capture so we can separate exploratory prompts from production dashboard work?,MANUAL,,d-92675051d5.33a7a52f-dbf7-4f6b-89c9-43d30a61e104,2026-05-20T16:56:00Z,"Track the user, conversation, trigger type, and whether the request was an ad hoc question, spec task, or tool-assisted workflow. That separation makes it easier to route exploratory work to smaller models and keep scheduled or governed work on stricter guardrails.",Can you suggest dashboard dimensions for exploratory versus governed analytics work?,conv-5c8482bac6,,[],"[{""uri"":""https://docs.aws.amazon.com/athena/latest/ug/what-is.html"",""title"":""[1] What is Amazon Athena?"",""snippet"":""Overview of using Amazon Athena to query data in Amazon S3.""}]",1,req-a12b57be39af
2026-05-20,prompt-logs/chat/2026/05/20/kiro_chat_prompt_log.json,Review this modernization workflow and suggest how we should route simple code transforms versus deeper architecture questions to control Kiro credit usage.,MANUAL,,d-92675051d5.0ec463de-81c2-4f79-9d4c-029f7bb0f101,2026-05-20T17:04:00Z,Use a lighter default path for single-file transforms and reserve the higher-cost model only for cross-file refactors or design decisions. Add a first pass that trims unchanged files from context and sends documentation lookups to tools instead of the primary chat model.,"Can you turn that into a policy table for transform, review, and architecture tasks?",conv-77e095fa34,,[],"[{""uri"":""https://docs.aws.amazon.com/lambda/latest/dg/welcome.html"",""title"":""[1] AWS Lambda Developer Guide"",""snippet"":""Developer guide for building, deploying, and operating AWS Lambda functions.""}]",1,req-a7f4839547cc
2026-05-20,prompt-logs/chat/2026/05/20/kiro_chat_prompt_log.json,We want to evaluate whether our guardrail prompts are too broad and causing unnecessary token usage. What is the fastest way to inspect that?,MANUAL,,d-92675051d5.9b1ac779-7da0-470f-bfd8-fba1849ca111,2026-05-20T13:53:00Z,"Compare the longest prompts against the workflows they serve and look for repeated policy text, duplicated file context, and tool instructions that never trigger. Move stable policy into hooks or reusable templates and keep run-specific prompts focused on the actual task.",Can you propose a prompt review checklist for cost and hallucination risk?,conv-58a13b7d20,,[],[],0,req-b08cf7da5288
2026-05-20,prompt-logs/chat/2026/05/20/kiro_chat_prompt_log.json,We want to evaluate whether our guardrail prompts are too broad and causing unnecessary token usage. What is the fastest way to inspect that?,MANUAL,,d-92675051d5.9b1ac779-7da0-470f-bfd8-fba1849ca111,2026-05-20T10:05:00Z,"Compare the longest prompts against the workflows they serve and look for repeated policy text, duplicated file context, and tool instructions that never trigger. Move stable policy into hooks or reusable templates and keep run-specific prompts focused on the actual task.",Can you propose a prompt review checklist for cost and hallucination risk?,conv-ae6a6fbd4f,,[],[],0,req-b0fc0edaf5da
2026-05-20,prompt-logs/chat/2026/05/20/kiro_chat_prompt_log.json,Review this modernization workflow and suggest how we should route simple code transforms versus deeper architecture questions to control Kiro credit usage.,MANUAL,,d-92675051d5.0ec463de-81c2-4f79-9d4c-029f7bb0f101,2026-05-20T09:43:00Z,Use a lighter default path for single-file transforms and reserve the higher-cost model only for cross-file refactors or design decisions. Add a first pass that trims unchanged files from context and sends documentation lookups to tools instead of the primary chat model.,"Can you turn that into a policy table for transform, review, and architecture tasks?",conv-1ddbece4b3,,[],"[{""uri"":""https://docs.aws.amazon.com/lambda/latest/dg/welcome.html"",""title"":""[1] AWS Lambda Developer Guide"",""snippet"":""Developer guide for building, deploying, and operating AWS Lambda functions.""}]",1,req-b2b319681454
2026-05-20,prompt-logs/chat/2026/05/20/kiro_chat_prompt_log.json,Help me reduce credit burn in our automated test-generation loop without losing coverage.,MANUAL,,d-92675051d5.797d1e6c-6d5f-41a9-8dc7-53d2ef14e102,2026-05-20T10:36:00Z,"Generate a lightweight test plan first, then ask Kiro to produce tests only for the selected cases. Reuse repository summaries across runs and gate expensive review passes behind coverage or failure thresholds.","Can you show a low-cost orchestration pattern for plan, generate, and review?",conv-8b6833d05b,,[],[],0,req-b9cc94d56857
2026-05-20,prompt-logs/chat/2026/05/20/kiro_chat_prompt_log.json,"Given this payment service refactor plan, where are we likely over-pulling context and increasing hallucination risk?",MANUAL,,d-92675051d5.0ec463de-81c2-4f79-9d4c-029f7bb0f101,2026-05-20T16:46:00Z,"The highest risk is sending every service, DTO, and migration file into the same request. Split discovery from implementation, summarize upstream contracts first, and only attach files directly relevant to the current change set.",What should the step-by-step agent flow look like after that split?,conv-714f263b75,,[],[],0,req-c030a4ed2690
2026-05-20,prompt-logs/chat/2026/05/20/kiro_chat_prompt_log.json,We need per-user cost visibility for analytics workflows. What should we capture so we can separate exploratory prompts from production dashboard work?,MANUAL,,d-92675051d5.33a7a52f-dbf7-4f6b-89c9-43d30a61e104,2026-05-20T11:07:00Z,"Track the user, conversation, trigger type, and whether the request was an ad hoc question, spec task, or tool-assisted workflow. That separation makes it easier to route exploratory work to smaller models and keep scheduled or governed work on stricter guardrails.",Can you suggest dashboard dimensions for exploratory versus governed analytics work?,conv-3b2f82c190,,[],"[{""uri"":""https://docs.aws.amazon.com/athena/latest/ug/what-is.html"",""title"":""[1] What is Amazon Athena?"",""snippet"":""Overview of using Amazon Athena to query data in Amazon S3.""}]",1,req-c04243b1a57f
2026-05-20,prompt-logs/chat/2026/05/20/kiro_chat_prompt_log.json,We need per-user cost visibility for analytics workflows. What should we capture so we can separate exploratory prompts from production dashboard work?,MANUAL,,d-92675051d5.4a0a1ddb-32de-4237-b40f-cbc81f6ae105,2026-05-20T10:14:00Z,"Track the user, conversation, trigger type, and whether the request was an ad hoc question, spec task, or tool-assisted workflow. That separation makes it easier to route exploratory work to smaller models and keep scheduled or governed work on stricter guardrails.",Can you suggest dashboard dimensions for exploratory versus governed analytics work?,conv-05d297730b,,[],"[{""uri"":""https://docs.aws.amazon.com/athena/latest/ug/what-is.html"",""title"":""[1] What is Amazon Athena?"",""snippet"":""Overview of using Amazon Athena to query data in Amazon S3.""}]",1,req-c16b898e659d
2026-05-20,prompt-logs/chat/2026/05/20/kiro_chat_prompt_log.json,We need per-user cost visibility for analytics workflows. What should we capture so we can separate exploratory prompts from production dashboard work?,MANUAL,,d-92675051d5.33a7a52f-dbf7-4f6b-89c9-43d30a61e104,2026-05-20T13:09:00Z,"Track the user, conversation, trigger type, and whether the request was an ad hoc question, spec task, or tool-assisted workflow. That separation makes it easier to route exploratory work to smaller models and keep scheduled or governed work on stricter guardrails.",Can you suggest dashboard dimensions for exploratory versus governed analytics work?,conv-3b2f82c190,,[],"[{""uri"":""https://docs.aws.amazon.com/athena/latest/ug/what-is.html"",""title"":""[1] What is Amazon Athena?"",""snippet"":""Overview of using Amazon Athena to query data in Amazon S3.""}]",1,req-c43cee4f1d62
2026-05-20,prompt-logs/chat/2026/05/20/kiro_chat_prompt_log.json,Help me reduce credit burn in our automated test-generation loop without losing coverage.,MANUAL,,d-92675051d5.797d1e6c-6d5f-41a9-8dc7-53d2ef14e102,2026-05-20T11:29:00Z,"Generate a lightweight test plan first, then ask Kiro to produce tests only for the selected cases. Reuse repository summaries across runs and gate expensive review passes behind coverage or failure thresholds.","Can you show a low-cost orchestration pattern for plan, generate, and review?",conv-8b6833d05b,,[],[],0,req-c5260a8c0567
2026-05-20,prompt-logs/chat/2026/05/20/kiro_chat_prompt_log.json,Review this modernization workflow and suggest how we should route simple code transforms versus deeper architecture questions to control Kiro credit usage.,INLINE_CHAT,,d-92675051d5.0ec463de-81c2-4f79-9d4c-029f7bb0f101,2026-05-20T15:50:00Z,Use a lighter default path for single-file transforms and reserve the higher-cost model only for cross-file refactors or design decisions. Add a first pass that trims unchanged files from context and sends documentation lookups to tools instead of the primary chat model.,"Can you turn that into a policy table for transform, review, and architecture tasks?",conv-45565c7e8b,,[],"[{""uri"":""https://docs.aws.amazon.com/lambda/latest/dg/welcome.html"",""title"":""[1] AWS Lambda Developer Guide"",""snippet"":""Developer guide for building, deploying, and operating AWS Lambda functions.""}]",1,req-c59879692e17
2026-05-20,prompt-logs/chat/2026/05/20/kiro_chat_prompt_log.json,Help me reduce credit burn in our automated test-generation loop without losing coverage.,MANUAL,,d-92675051d5.797d1e6c-6d5f-41a9-8dc7-53d2ef14e102,2026-05-20T13:21:00Z,"Generate a lightweight test plan first, then ask Kiro to produce tests only for the selected cases. Reuse repository summaries across runs and gate expensive review passes behind coverage or failure thresholds.","Can you show a low-cost orchestration pattern for plan, generate, and review?",conv-b94c8f49c7,,[],[],0,req-c7b42b59708c
2026-05-20,prompt-logs/chat/2026/05/20/kiro_chat_prompt_log.json,"Given this payment service refactor plan, where are we likely over-pulling context and increasing hallucination risk?",MANUAL,,d-92675051d5.0ec463de-81c2-4f79-9d4c-029f7bb0f101,2026-05-20T11:23:00Z,"The highest risk is sending every service, DTO, and migration file into the same request. Split discovery from implementation, summarize upstream contracts first, and only attach files directly relevant to the current change set.",What should the step-by-step agent flow look like after that split?,conv-77e095fa34,,[],[],0,req-caa023952f0e
2026-05-20,prompt-logs/chat/2026/05/20/kiro_chat_prompt_log.json,What guardrails should we add so SRE investigations use tools first and only escalate to larger models when needed?,MANUAL,,d-92675051d5.838f6b85-1e72-4404-a193-f1b0dc79d107,2026-05-20T16:53:00Z,"Start with deterministic checks such as logs, metrics, config diffs, and runbooks. Escalate to a larger model only after those signals are summarized, and require the final prompt to include the incident scope and exact evidence instead of raw dumps.",Can you draft a hook policy that enforces that escalation pattern?,conv-f8ace7119e,,[],[],0,req-cae22c8850b4
2026-05-20,prompt-logs/chat/2026/05/20/kiro_chat_prompt_log.json,We need per-user cost visibility for analytics workflows. What should we capture so we can separate exploratory prompts from production dashboard work?,MANUAL,,d-92675051d5.33a7a52f-dbf7-4f6b-89c9-43d30a61e104,2026-05-20T16:41:00Z,"Track the user, conversation, trigger type, and whether the request was an ad hoc question, spec task, or tool-assisted workflow. That separation makes it easier to route exploratory work to smaller models and keep scheduled or governed work on stricter guardrails.",Can you suggest dashboard dimensions for exploratory versus governed analytics work?,conv-11a1b64ad5,,[],"[{""uri"":""https://docs.aws.amazon.com/athena/latest/ug/what-is.html"",""title"":""[1] What is Amazon Athena?"",""snippet"":""Overview of using Amazon Athena to query data in Amazon S3.""}]",1,req-ce78e88bc80e
2026-05-20,prompt-logs/chat/2026/05/20/kiro_chat_prompt_log.json,What guardrails should we add so SRE investigations use tools first and only escalate to larger models when needed?,MANUAL,,d-92675051d5.838f6b85-1e72-4404-a193-f1b0dc79d107,2026-05-20T18:03:00Z,"Start with deterministic checks such as logs, metrics, config diffs, and runbooks. Escalate to a larger model only after those signals are summarized, and require the final prompt to include the incident scope and exact evidence instead of raw dumps.",Can you draft a hook policy that enforces that escalation pattern?,conv-7ddf0e6d09,,[],[],0,req-d022167d997e
2026-05-20,prompt-logs/chat/2026/05/20/kiro_chat_prompt_log.json,Help me reduce credit burn in our automated test-generation loop without losing coverage.,MANUAL,,d-92675051d5.797d1e6c-6d5f-41a9-8dc7-53d2ef14e102,2026-05-20T09:52:00Z,"Generate a lightweight test plan first, then ask Kiro to produce tests only for the selected cases. Reuse repository summaries across runs and gate expensive review passes behind coverage or failure thresholds.","Can you show a low-cost orchestration pattern for plan, generate, and review?",conv-459555218e,,[],[],0,req-d4072c4ee383
2026-05-20,prompt-logs/chat/2026/05/20/kiro_chat_prompt_log.json,What guardrails should we add so SRE investigations use tools first and only escalate to larger models when needed?,MANUAL,,d-92675051d5.6273ba8a-bb02-425f-b443-3d4dcb2c9108,2026-05-20T15:37:00Z,"Start with deterministic checks such as logs, metrics, config diffs, and runbooks. Escalate to a larger model only after those signals are summarized, and require the final prompt to include the incident scope and exact evidence instead of raw dumps.",Can you draft a hook policy that enforces that escalation pattern?,conv-09480eefd0,,[],[],0,req-d9d128bbcc3a
2026-05-20,prompt-logs/chat/2026/05/20/kiro_chat_prompt_log.json,What guardrails should we add so SRE investigations use tools first and only escalate to larger models when needed?,MANUAL,,d-92675051d5.6273ba8a-bb02-425f-b443-3d4dcb2c9108,2026-05-20T09:40:00Z,"Start with deterministic checks such as logs, metrics, config diffs, and runbooks. Escalate to a larger model only after those signals are summarized, and require the final prompt to include the incident scope and exact evidence instead of raw dumps.",Can you draft a hook policy that enforces that escalation pattern?,conv-546c6195bd,,[],[],0,req-db3410bbaf2d
2026-05-20,prompt-logs/chat/2026/05/20/kiro_chat_prompt_log.json,What guardrails should we add so SRE investigations use tools first and only escalate to larger models when needed?,INLINE_CHAT,,d-92675051d5.838f6b85-1e72-4404-a193-f1b0dc79d107,2026-05-20T12:21:00Z,"Start with deterministic checks such as logs, metrics, config diffs, and runbooks. Escalate to a larger model only after those signals are summarized, and require the final prompt to include the incident scope and exact evidence instead of raw dumps.",Can you draft a hook policy that enforces that escalation pattern?,conv-f413d91f75,,[],[],0,req-db6622fdfc51
2026-05-20,prompt-logs/chat/2026/05/20/kiro_chat_prompt_log.json,We need per-user cost visibility for analytics workflows. What should we capture so we can separate exploratory prompts from production dashboard work?,MANUAL,,d-92675051d5.33a7a52f-dbf7-4f6b-89c9-43d30a61e104,2026-05-20T11:44:00Z,"Track the user, conversation, trigger type, and whether the request was an ad hoc question, spec task, or tool-assisted workflow. That separation makes it easier to route exploratory work to smaller models and keep scheduled or governed work on stricter guardrails.",Can you suggest dashboard dimensions for exploratory versus governed analytics work?,conv-3b2f82c190,,[],"[{""uri"":""https://docs.aws.amazon.com/athena/latest/ug/what-is.html"",""title"":""[1] What is Amazon Athena?"",""snippet"":""Overview of using Amazon Athena to query data in Amazon S3.""}]",1,req-dcf916d98af1
2026-05-20,prompt-logs/chat/2026/05/20/kiro_chat_prompt_log.json,We need per-user cost visibility for analytics workflows. What should we capture so we can separate exploratory prompts from production dashboard work?,MANUAL,,d-92675051d5.33a7a52f-dbf7-4f6b-89c9-43d30a61e104,2026-05-20T09:47:00Z,"Track the user, conversation, trigger type, and whether the request was an ad hoc question, spec task, or tool-assisted workflow. That separation makes it easier to route exploratory work to smaller models and keep scheduled or governed work on stricter guardrails.",Can you suggest dashboard dimensions for exploratory versus governed analytics work?,conv-fd877a53b9,,[],"[{""uri"":""https://docs.aws.amazon.com/athena/latest/ug/what-is.html"",""title"":""[1] What is Amazon Athena?"",""snippet"":""Overview of using Amazon Athena to query data in Amazon S3.""}]",1,req-dde61b37f27b
2026-05-20,prompt-logs/chat/2026/05/20/kiro_chat_prompt_log.json,Help me reduce credit burn in our automated test-generation loop without losing coverage.,INLINE_CHAT,,d-92675051d5.797d1e6c-6d5f-41a9-8dc7-53d2ef14e102,2026-05-20T09:52:00Z,"Generate a lightweight test plan first, then ask Kiro to produce tests only for the selected cases. Reuse repository summaries across runs and gate expensive review passes behind coverage or failure thresholds.","Can you show a low-cost orchestration pattern for plan, generate, and review?",conv-da71deb8fa,,[],[],0,req-e2d9b71a83a6
2026-05-20,prompt-logs/chat/2026/05/20/kiro_chat_prompt_log.json,What guardrails should we add so SRE investigations use tools first and only escalate to larger models when needed?,MANUAL,,d-92675051d5.6273ba8a-bb02-425f-b443-3d4dcb2c9108,2026-05-20T12:04:00Z,"Start with deterministic checks such as logs, metrics, config diffs, and runbooks. Escalate to a larger model only after those signals are summarized, and require the final prompt to include the incident scope and exact evidence instead of raw dumps.",Can you draft a hook policy that enforces that escalation pattern?,conv-4c7566fc17,,[],[],0,req-e308fe5e9f3e
2026-05-20,prompt-logs/chat/2026/05/20/kiro_chat_prompt_log.json,We need per-user cost visibility for analytics workflows. What should we capture so we can separate exploratory prompts from production dashboard work?,MANUAL,,d-92675051d5.4a0a1ddb-32de-4237-b40f-cbc81f6ae105,2026-05-20T13:26:00Z,"Track the user, conversation, trigger type, and whether the request was an ad hoc question, spec task, or tool-assisted workflow. That separation makes it easier to route exploratory work to smaller models and keep scheduled or governed work on stricter guardrails.",Can you suggest dashboard dimensions for exploratory versus governed analytics work?,conv-3aa844b48b,,[],"[{""uri"":""https://docs.aws.amazon.com/athena/latest/ug/what-is.html"",""title"":""[1] What is Amazon Athena?"",""snippet"":""Overview of using Amazon Athena to query data in Amazon S3.""}]",1,req-e70eae36e0aa
2026-05-20,prompt-logs/chat/2026/05/20/kiro_chat_prompt_log.json,"Given this payment service refactor plan, where are we likely over-pulling context and increasing hallucination risk?",MANUAL,,d-92675051d5.0ec463de-81c2-4f79-9d4c-029f7bb0f101,2026-05-20T17:44:00Z,"The highest risk is sending every service, DTO, and migration file into the same request. Split discovery from implementation, summarize upstream contracts first, and only attach files directly relevant to the current change set.",What should the step-by-step agent flow look like after that split?,conv-0c6f549dab,,[],[],0,req-e9a0a5289de4
2026-05-20,prompt-logs/chat/2026/05/20/kiro_chat_prompt_log.json,We need per-user cost visibility for analytics workflows. What should we capture so we can separate exploratory prompts from production dashboard work?,MANUAL,,d-92675051d5.4a0a1ddb-32de-4237-b40f-cbc81f6ae105,2026-05-20T16:31:00Z,"Track the user, conversation, trigger type, and whether the request was an ad hoc question, spec task, or tool-assisted workflow. That separation makes it easier to route exploratory work to smaller models and keep scheduled or governed work on stricter guardrails.",Can you suggest dashboard dimensions for exploratory versus governed analytics work?,conv-74ecfcf38a,,[],"[{""uri"":""https://docs.aws.amazon.com/athena/latest/ug/what-is.html"",""title"":""[1] What is Amazon Athena?"",""snippet"":""Overview of using Amazon Athena to query data in Amazon S3.""}]",1,req-ea9ea279581f
2026-05-20,prompt-logs/chat/2026/05/20/kiro_chat_prompt_log.json,"Given this payment service refactor plan, where are we likely over-pulling context and increasing hallucination risk?",INLINE_CHAT,,d-92675051d5.f12818d1-8f2c-4d54-9188-4f7224a4d103,2026-05-20T18:13:00Z,"The highest risk is sending every service, DTO, and migration file into the same request. Split discovery from implementation, summarize upstream contracts first, and only attach files directly relevant to the current change set.",What should the step-by-step agent flow look like after that split?,conv-0c03c56208,,[],[],0,req-f1e0636520ba
2026-05-20,prompt-logs/chat/2026/05/20/kiro_chat_prompt_log.json,Review this modernization workflow and suggest how we should route simple code transforms versus deeper architecture questions to control Kiro credit usage.,MANUAL,,d-92675051d5.0ec463de-81c2-4f79-9d4c-029f7bb0f101,2026-05-20T13:30:00Z,Use a lighter default path for single-file transforms and reserve the higher-cost model only for cross-file refactors or design decisions. Add a first pass that trims unchanged files from context and sends documentation lookups to tools instead of the primary chat model.,"Can you turn that into a policy table for transform, review, and architecture tasks?",conv-714f263b75,,[],"[{""uri"":""https://docs.aws.amazon.com/lambda/latest/dg/welcome.html"",""title"":""[1] AWS Lambda Developer Guide"",""snippet"":""Developer guide for building, deploying, and operating AWS Lambda functions.""}]",1,req-f720128d962e
2026-05-20,prompt-logs/chat/2026/05/20/kiro_chat_prompt_log.json,We need per-user cost visibility for analytics workflows. What should we capture so we can separate exploratory prompts from production dashboard work?,MANUAL,,d-92675051d5.33a7a52f-dbf7-4f6b-89c9-43d30a61e104,2026-05-20T16:51:00Z,"Track the user, conversation, trigger type, and whether the request was an ad hoc question, spec task, or tool-assisted workflow. That separation makes it easier to route exploratory work to smaller models and keep scheduled or governed work on stricter guardrails.",Can you suggest dashboard dimensions for exploratory versus governed analytics work?,conv-fd877a53b9,,[],"[{""uri"":""https://docs.aws.amazon.com/athena/latest/ug/what-is.html"",""title"":""[1] What is Amazon Athena?"",""snippet"":""Overview of using Amazon Athena to query data in Amazon S3.""}]",1,req-f860897b0751
2026-05-20,prompt-logs/chat/2026/05/20/kiro_chat_prompt_log.json,Review this modernization workflow and suggest how we should route simple code transforms versus deeper architecture questions to control Kiro credit usage.,MANUAL,,d-92675051d5.0ec463de-81c2-4f79-9d4c-029f7bb0f101,2026-05-20T10:08:00Z,Use a lighter default path for single-file transforms and reserve the higher-cost model only for cross-file refactors or design decisions. Add a first pass that trims unchanged files from context and sends documentation lookups to tools instead of the primary chat model.,"Can you turn that into a policy table for transform, review, and architecture tasks?",conv-0c6f549dab,,[],"[{""uri"":""https://docs.aws.amazon.com/lambda/latest/dg/welcome.html"",""title"":""[1] AWS Lambda Developer Guide"",""snippet"":""Developer guide for building, deploying, and operating AWS Lambda functions.""}]",1,req-f8c6acd0954a
2026-05-20,prompt-logs/chat/2026/05/20/kiro_chat_prompt_log.json,Review this modernization workflow and suggest how we should route simple code transforms versus deeper architecture questions to control Kiro credit usage.,INLINE_CHAT,,d-92675051d5.f12818d1-8f2c-4d54-9188-4f7224a4d103,2026-05-20T15:32:00Z,Use a lighter default path for single-file transforms and reserve the higher-cost model only for cross-file refactors or design decisions. Add a first pass that trims unchanged files from context and sends documentation lookups to tools instead of the primary chat model.,"Can you turn that into a policy table for transform, review, and architecture tasks?",conv-cef9e48b05,,[],"[{""uri"":""https://docs.aws.amazon.com/lambda/latest/dg/welcome.html"",""title"":""[1] AWS Lambda Developer Guide"",""snippet"":""Developer guide for building, deploying, and operating AWS Lambda functions.""}]",1,req-fde36aeab963
2026-05-20,prompt-logs/chat/2026/05/20/kiro_chat_prompt_log.json,Review this modernization workflow and suggest how we should route simple code transforms versus deeper architecture questions to control Kiro credit usage.,MANUAL,,d-92675051d5.0ec463de-81c2-4f79-9d4c-029f7bb0f101,2026-05-20T11:53:00Z,Use a lighter default path for single-file transforms and reserve the higher-cost model only for cross-file refactors or design decisions. Add a first pass that trims unchanged files from context and sends documentation lookups to tools instead of the primary chat model.,"Can you turn that into a policy table for transform, review, and architecture tasks?",conv-45565c7e8b,,[],"[{""uri"":""https://docs.aws.amazon.com/lambda/latest/dg/welcome.html"",""title"":""[1] AWS Lambda Developer Guide"",""snippet"":""Developer guide for building, deploying, and operating AWS Lambda functions.""}]",1,req-ffe0afa98f04
2026-05-21,prompt-logs/chat/2026/05/21/kiro_chat_prompt_log.json,What guardrails should we add so SRE investigations use tools first and only escalate to larger models when needed?,INLINE_CHAT,,d-92675051d5.838f6b85-1e72-4404-a193-f1b0dc79d107,2026-05-21T18:20:00Z,"Start with deterministic checks such as logs, metrics, config diffs, and runbooks. Escalate to a larger model only after those signals are summarized, and require the final prompt to include the incident scope and exact evidence instead of raw dumps.",Can you draft a hook policy that enforces that escalation pattern?,conv-da25cc43f1,,[],[],0,req-0530abaa9a1b
2026-05-21,prompt-logs/chat/2026/05/21/kiro_chat_prompt_log.json,Review this modernization workflow and suggest how we should route simple code transforms versus deeper architecture questions to control Kiro credit usage.,INLINE_CHAT,,d-92675051d5.0ec463de-81c2-4f79-9d4c-029f7bb0f101,2026-05-21T10:31:00Z,Use a lighter default path for single-file transforms and reserve the higher-cost model only for cross-file refactors or design decisions. Add a first pass that trims unchanged files from context and sends documentation lookups to tools instead of the primary chat model.,"Can you turn that into a policy table for transform, review, and architecture tasks?",conv-7776a67902,,[],"[{""uri"":""https://docs.aws.amazon.com/lambda/latest/dg/welcome.html"",""title"":""[1] AWS Lambda Developer Guide"",""snippet"":""Developer guide for building, deploying, and operating AWS Lambda functions.""}]",1,req-05ca81d6cef3
2026-05-21,prompt-logs/chat/2026/05/21/kiro_chat_prompt_log.json,What guardrails should we add so SRE investigations use tools first and only escalate to larger models when needed?,MANUAL,,d-92675051d5.838f6b85-1e72-4404-a193-f1b0dc79d107,2026-05-21T11:20:00Z,"Start with deterministic checks such as logs, metrics, config diffs, and runbooks. Escalate to a larger model only after those signals are summarized, and require the final prompt to include the incident scope and exact evidence instead of raw dumps.",Can you draft a hook policy that enforces that escalation pattern?,conv-701886d93e,,[],[],0,req-0c28394412f5
2026-05-21,prompt-logs/chat/2026/05/21/kiro_chat_prompt_log.json,"Given this payment service refactor plan, where are we likely over-pulling context and increasing hallucination risk?",MANUAL,,d-92675051d5.f12818d1-8f2c-4d54-9188-4f7224a4d103,2026-05-21T16:41:00Z,"The highest risk is sending every service, DTO, and migration file into the same request. Split discovery from implementation, summarize upstream contracts first, and only attach files directly relevant to the current change set.",What should the step-by-step agent flow look like after that split?,conv-a1d8c10820,,[],[],0,req-0cc99befca8d
2026-05-21,prompt-logs/chat/2026/05/21/kiro_chat_prompt_log.json,Design an AI SDLC flow that gives us visibility into which orchestration steps are driving most of the Kiro usage.,MANUAL,,d-92675051d5.a9a3e94b-b147-4fb7-9934-f5ea941fd110,2026-05-21T16:13:00Z,"Label each step in the orchestration chain and persist request metadata with a workflow stage tag such as discovery, planning, implementation, review, or validation. With those tags you can attribute credits to the exact stage and then adjust routing or context budgets where the spikes occur.",What tags should we standardize on for multi-agent SDLC workflows?,conv-e705714aeb,,[],"[{""uri"":""https://docs.aws.amazon.com/quicksight/latest/user/welcome.html"",""title"":""[1] Amazon QuickSight User Guide"",""snippet"":""Guidance for building dashboards and visual analyses in Amazon QuickSight.""}]",1,req-0f46eca0c3db
2026-05-21,prompt-logs/chat/2026/05/21/kiro_chat_prompt_log.json,Help me reduce credit burn in our automated test-generation loop without losing coverage.,MANUAL,,d-92675051d5.797d1e6c-6d5f-41a9-8dc7-53d2ef14e102,2026-05-21T09:41:00Z,"Generate a lightweight test plan first, then ask Kiro to produce tests only for the selected cases. Reuse repository summaries across runs and gate expensive review passes behind coverage or failure thresholds.","Can you show a low-cost orchestration pattern for plan, generate, and review?",conv-05325978df,,[],[],0,req-131db1847623
2026-05-21,prompt-logs/chat/2026/05/21/kiro_chat_prompt_log.json,What guardrails should we add so SRE investigations use tools first and only escalate to larger models when needed?,MANUAL,,d-92675051d5.838f6b85-1e72-4404-a193-f1b0dc79d107,2026-05-21T09:52:00Z,"Start with deterministic checks such as logs, metrics, config diffs, and runbooks. Escalate to a larger model only after those signals are summarized, and require the final prompt to include the incident scope and exact evidence instead of raw dumps.",Can you draft a hook policy that enforces that escalation pattern?,conv-cfb0ca9785,,[],[],0,req-14ef8b14311a
2026-05-21,prompt-logs/chat/2026/05/21/kiro_chat_prompt_log.json,We want to evaluate whether our guardrail prompts are too broad and causing unnecessary token usage. What is the fastest way to inspect that?,MANUAL,,d-92675051d5.9b1ac779-7da0-470f-bfd8-fba1849ca111,2026-05-21T17:23:00Z,"Compare the longest prompts against the workflows they serve and look for repeated policy text, duplicated file context, and tool instructions that never trigger. Move stable policy into hooks or reusable templates and keep run-specific prompts focused on the actual task.",Can you propose a prompt review checklist for cost and hallucination risk?,conv-7e9c6af039,,[],[],0,req-18584ebe3701
2026-05-21,prompt-logs/chat/2026/05/21/kiro_chat_prompt_log.json,What guardrails should we add so SRE investigations use tools first and only escalate to larger models when needed?,MANUAL,,d-92675051d5.6273ba8a-bb02-425f-b443-3d4dcb2c9108,2026-05-21T16:29:00Z,"Start with deterministic checks such as logs, metrics, config diffs, and runbooks. Escalate to a larger model only after those signals are summarized, and require the final prompt to include the incident scope and exact evidence instead of raw dumps.",Can you draft a hook policy that enforces that escalation pattern?,conv-17918bd69e,,[],[],0,req-1c35c6966d51
2026-05-21,prompt-logs/chat/2026/05/21/kiro_chat_prompt_log.json,We want to evaluate whether our guardrail prompts are too broad and causing unnecessary token usage. What is the fastest way to inspect that?,MANUAL,,d-92675051d5.9b1ac779-7da0-470f-bfd8-fba1849ca111,2026-05-21T11:07:00Z,"Compare the longest prompts against the workflows they serve and look for repeated policy text, duplicated file context, and tool instructions that never trigger. Move stable policy into hooks or reusable templates and keep run-specific prompts focused on the actual task.",Can you propose a prompt review checklist for cost and hallucination risk?,conv-a730feadc0,,[],[],0,req-1e3331ded8b8
2026-05-21,prompt-logs/chat/2026/05/21/kiro_chat_prompt_log.json,What guardrails should we add so SRE investigations use tools first and only escalate to larger models when needed?,MANUAL,,d-92675051d5.838f6b85-1e72-4404-a193-f1b0dc79d107,2026-05-21T12:00:00Z,"Start with deterministic checks such as logs, metrics, config diffs, and runbooks. Escalate to a larger model only after those signals are summarized, and require the final prompt to include the incident scope and exact evidence instead of raw dumps.",Can you draft a hook policy that enforces that escalation pattern?,conv-cfb0ca9785,,[],[],0,req-205cb9192fc4
2026-05-21,prompt-logs/chat/2026/05/21/kiro_chat_prompt_log.json,Design an AI SDLC flow that gives us visibility into which orchestration steps are driving most of the Kiro usage.,MANUAL,,d-92675051d5.a9a3e94b-b147-4fb7-9934-f5ea941fd110,2026-05-21T14:48:00Z,"Label each step in the orchestration chain and persist request metadata with a workflow stage tag such as discovery, planning, implementation, review, or validation. With those tags you can attribute credits to the exact stage and then adjust routing or context budgets where the spikes occur.",What tags should we standardize on for multi-agent SDLC workflows?,conv-db7540b480,,[],"[{""uri"":""https://docs.aws.amazon.com/quicksight/latest/user/welcome.html"",""title"":""[1] Amazon QuickSight User Guide"",""snippet"":""Guidance for building dashboards and visual analyses in Amazon QuickSight.""}]",1,req-25746b0efb48
2026-05-21,prompt-logs/chat/2026/05/21/kiro_chat_prompt_log.json,What guardrails should we add so SRE investigations use tools first and only escalate to larger models when needed?,MANUAL,,d-92675051d5.838f6b85-1e72-4404-a193-f1b0dc79d107,2026-05-21T17:33:00Z,"Start with deterministic checks such as logs, metrics, config diffs, and runbooks. Escalate to a larger model only after those signals are summarized, and require the final prompt to include the incident scope and exact evidence instead of raw dumps.",Can you draft a hook policy that enforces that escalation pattern?,conv-8e4802355b,,[],[],0,req-2f14aed59fcf
2026-05-21,prompt-logs/chat/2026/05/21/kiro_chat_prompt_log.json,We want to evaluate whether our guardrail prompts are too broad and causing unnecessary token usage. What is the fastest way to inspect that?,INLINE_CHAT,,d-92675051d5.9b1ac779-7da0-470f-bfd8-fba1849ca111,2026-05-21T10:12:00Z,"Compare the longest prompts against the workflows they serve and look for repeated policy text, duplicated file context, and tool instructions that never trigger. Move stable policy into hooks or reusable templates and keep run-specific prompts focused on the actual task.",Can you propose a prompt review checklist for cost and hallucination risk?,conv-450c480b45,,[],[],0,req-309a4457afde
2026-05-21,prompt-logs/chat/2026/05/21/kiro_chat_prompt_log.json,"Given this payment service refactor plan, where are we likely over-pulling context and increasing hallucination risk?",MANUAL,,d-92675051d5.0ec463de-81c2-4f79-9d4c-029f7bb0f101,2026-05-21T12:55:00Z,"The highest risk is sending every service, DTO, and migration file into the same request. Split discovery from implementation, summarize upstream contracts first, and only attach files directly relevant to the current change set.",What should the step-by-step agent flow look like after that split?,conv-9491ed276f,,[],[],0,req-367791aaee79
2026-05-21,prompt-logs/chat/2026/05/21/kiro_chat_prompt_log.json,Help me reduce credit burn in our automated test-generation loop without losing coverage.,INLINE_CHAT,,d-92675051d5.797d1e6c-6d5f-41a9-8dc7-53d2ef14e102,2026-05-21T13:52:00Z,"Generate a lightweight test plan first, then ask Kiro to produce tests only for the selected cases. Reuse repository summaries across runs and gate expensive review passes behind coverage or failure thresholds.","Can you show a low-cost orchestration pattern for plan, generate, and review?",conv-05cd4f093a,,[],[],0,req-38a7049184fa
2026-05-21,prompt-logs/chat/2026/05/21/kiro_chat_prompt_log.json,Review this modernization workflow and suggest how we should route simple code transforms versus deeper architecture questions to control Kiro credit usage.,MANUAL,,d-92675051d5.0ec463de-81c2-4f79-9d4c-029f7bb0f101,2026-05-21T12:50:00Z,Use a lighter default path for single-file transforms and reserve the higher-cost model only for cross-file refactors or design decisions. Add a first pass that trims unchanged files from context and sends documentation lookups to tools instead of the primary chat model.,"Can you turn that into a policy table for transform, review, and architecture tasks?",conv-9491ed276f,,[],"[{""uri"":""https://docs.aws.amazon.com/lambda/latest/dg/welcome.html"",""title"":""[1] AWS Lambda Developer Guide"",""snippet"":""Developer guide for building, deploying, and operating AWS Lambda functions.""}]",1,req-3900074803d0
2026-05-21,prompt-logs/chat/2026/05/21/kiro_chat_prompt_log.json,What guardrails should we add so SRE investigations use tools first and only escalate to larger models when needed?,INLINE_CHAT,,d-92675051d5.6273ba8a-bb02-425f-b443-3d4dcb2c9108,2026-05-21T16:57:00Z,"Start with deterministic checks such as logs, metrics, config diffs, and runbooks. Escalate to a larger model only after those signals are summarized, and require the final prompt to include the incident scope and exact evidence instead of raw dumps.",Can you draft a hook policy that enforces that escalation pattern?,conv-d025354191,,[],[],0,req-3cc81fbd9e81
2026-05-21,prompt-logs/chat/2026/05/21/kiro_chat_prompt_log.json,We want to evaluate whether our guardrail prompts are too broad and causing unnecessary token usage. What is the fastest way to inspect that?,MANUAL,,d-92675051d5.9b1ac779-7da0-470f-bfd8-fba1849ca111,2026-05-21T14:26:00Z,"Compare the longest prompts against the workflows they serve and look for repeated policy text, duplicated file context, and tool instructions that never trigger. Move stable policy into hooks or reusable templates and keep run-specific prompts focused on the actual task.",Can you propose a prompt review checklist for cost and hallucination risk?,conv-ec8de4235d,,[],[],0,req-3d8616396f97
2026-05-21,prompt-logs/chat/2026/05/21/kiro_chat_prompt_log.json,What guardrails should we add so SRE investigations use tools first and only escalate to larger models when needed?,INLINE_CHAT,,d-92675051d5.6273ba8a-bb02-425f-b443-3d4dcb2c9108,2026-05-21T11:41:00Z,"Start with deterministic checks such as logs, metrics, config diffs, and runbooks. Escalate to a larger model only after those signals are summarized, and require the final prompt to include the incident scope and exact evidence instead of raw dumps.",Can you draft a hook policy that enforces that escalation pattern?,conv-2a1e3715cc,,[],[],0,req-3f36f021855d
2026-05-21,prompt-logs/chat/2026/05/21/kiro_chat_prompt_log.json,Design an AI SDLC flow that gives us visibility into which orchestration steps are driving most of the Kiro usage.,MANUAL,,d-92675051d5.a9a3e94b-b147-4fb7-9934-f5ea941fd110,2026-05-21T10:48:00Z,"Label each step in the orchestration chain and persist request metadata with a workflow stage tag such as discovery, planning, implementation, review, or validation. With those tags you can attribute credits to the exact stage and then adjust routing or context budgets where the spikes occur.",What tags should we standardize on for multi-agent SDLC workflows?,conv-e705714aeb,,[],"[{""uri"":""https://docs.aws.amazon.com/quicksight/latest/user/welcome.html"",""title"":""[1] Amazon QuickSight User Guide"",""snippet"":""Guidance for building dashboards and visual analyses in Amazon QuickSight.""}]",1,req-491490a639f5
2026-05-21,prompt-logs/chat/2026/05/21/kiro_chat_prompt_log.json,Review this modernization workflow and suggest how we should route simple code transforms versus deeper architecture questions to control Kiro credit usage.,INLINE_CHAT,,d-92675051d5.0ec463de-81c2-4f79-9d4c-029f7bb0f101,2026-05-21T16:12:00Z,Use a lighter default path for single-file transforms and reserve the higher-cost model only for cross-file refactors or design decisions. Add a first pass that trims unchanged files from context and sends documentation lookups to tools instead of the primary chat model.,"Can you turn that into a policy table for transform, review, and architecture tasks?",conv-6d3328db0e,,[],"[{""uri"":""https://docs.aws.amazon.com/lambda/latest/dg/welcome.html"",""title"":""[1] AWS Lambda Developer Guide"",""snippet"":""Developer guide for building, deploying, and operating AWS Lambda functions.""}]",1,req-4bd3b2bc401a
2026-05-21,prompt-logs/chat/2026/05/21/kiro_chat_prompt_log.json,What guardrails should we add so SRE investigations use tools first and only escalate to larger models when needed?,MANUAL,,d-92675051d5.6273ba8a-bb02-425f-b443-3d4dcb2c9108,2026-05-21T18:48:00Z,"Start with deterministic checks such as logs, metrics, config diffs, and runbooks. Escalate to a larger model only after those signals are summarized, and require the final prompt to include the incident scope and exact evidence instead of raw dumps.",Can you draft a hook policy that enforces that escalation pattern?,conv-17918bd69e,,[],[],0,req-4c09cd2b7fc6
2026-05-21,prompt-logs/chat/2026/05/21/kiro_chat_prompt_log.json,Design an AI SDLC flow that gives us visibility into which orchestration steps are driving most of the Kiro usage.,MANUAL,,d-92675051d5.a9a3e94b-b147-4fb7-9934-f5ea941fd110,2026-05-21T11:04:00Z,"Label each step in the orchestration chain and persist request metadata with a workflow stage tag such as discovery, planning, implementation, review, or validation. With those tags you can attribute credits to the exact stage and then adjust routing or context budgets where the spikes occur.",What tags should we standardize on for multi-agent SDLC workflows?,conv-ff48126dca,,[],"[{""uri"":""https://docs.aws.amazon.com/quicksight/latest/user/welcome.html"",""title"":""[1] Amazon QuickSight User Guide"",""snippet"":""Guidance for building dashboards and visual analyses in Amazon QuickSight.""}]",1,req-4f6f9cbbafba
2026-05-21,prompt-logs/chat/2026/05/21/kiro_chat_prompt_log.json,"Given this payment service refactor plan, where are we likely over-pulling context and increasing hallucination risk?",MANUAL,,d-92675051d5.0ec463de-81c2-4f79-9d4c-029f7bb0f101,2026-05-21T15:13:00Z,"The highest risk is sending every service, DTO, and migration file into the same request. Split discovery from implementation, summarize upstream contracts first, and only attach files directly relevant to the current change set.",What should the step-by-step agent flow look like after that split?,conv-9491ed276f,,[],[],0,req-4fc4991edeb0
2026-05-21,prompt-logs/chat/2026/05/21/kiro_chat_prompt_log.json,We want to evaluate whether our guardrail prompts are too broad and causing unnecessary token usage. What is the fastest way to inspect that?,INLINE_CHAT,,d-92675051d5.9b1ac779-7da0-470f-bfd8-fba1849ca111,2026-05-21T16:33:00Z,"Compare the longest prompts against the workflows they serve and look for repeated policy text, duplicated file context, and tool instructions that never trigger. Move stable policy into hooks or reusable templates and keep run-specific prompts focused on the actual task.",Can you propose a prompt review checklist for cost and hallucination risk?,conv-f333cd4869,,[],[],0,req-52160c7bbaa4
2026-05-21,prompt-logs/chat/2026/05/21/kiro_chat_prompt_log.json,What guardrails should we add so SRE investigations use tools first and only escalate to larger models when needed?,MANUAL,,d-92675051d5.6273ba8a-bb02-425f-b443-3d4dcb2c9108,2026-05-21T09:46:00Z,"Start with deterministic checks such as logs, metrics, config diffs, and runbooks. Escalate to a larger model only after those signals are summarized, and require the final prompt to include the incident scope and exact evidence instead of raw dumps.",Can you draft a hook policy that enforces that escalation pattern?,conv-8a4c11494d,,[],[],0,req-52d252ca58b6
2026-05-21,prompt-logs/chat/2026/05/21/kiro_chat_prompt_log.json,We need per-user cost visibility for analytics workflows. What should we capture so we can separate exploratory prompts from production dashboard work?,MANUAL,,d-92675051d5.33a7a52f-dbf7-4f6b-89c9-43d30a61e104,2026-05-21T10:38:00Z,"Track the user, conversation, trigger type, and whether the request was an ad hoc question, spec task, or tool-assisted workflow. That separation makes it easier to route exploratory work to smaller models and keep scheduled or governed work on stricter guardrails.",Can you suggest dashboard dimensions for exploratory versus governed analytics work?,conv-ba519f78fd,,[],"[{""uri"":""https://docs.aws.amazon.com/athena/latest/ug/what-is.html"",""title"":""[1] What is Amazon Athena?"",""snippet"":""Overview of using Amazon Athena to query data in Amazon S3.""}]",1,req-539f90b885e9
2026-05-21,prompt-logs/chat/2026/05/21/kiro_chat_prompt_log.json,We need per-user cost visibility for analytics workflows. What should we capture so we can separate exploratory prompts from production dashboard work?,MANUAL,,d-92675051d5.4a0a1ddb-32de-4237-b40f-cbc81f6ae105,2026-05-21T09:48:00Z,"Track the user, conversation, trigger type, and whether the request was an ad hoc question, spec task, or tool-assisted workflow. That separation makes it easier to route exploratory work to smaller models and keep scheduled or governed work on stricter guardrails.",Can you suggest dashboard dimensions for exploratory versus governed analytics work?,conv-eefcf40795,,[],"[{""uri"":""https://docs.aws.amazon.com/athena/latest/ug/what-is.html"",""title"":""[1] What is Amazon Athena?"",""snippet"":""Overview of using Amazon Athena to query data in Amazon S3.""}]",1,req-5735acc279b1
2026-05-21,prompt-logs/chat/2026/05/21/kiro_chat_prompt_log.json,"Given this payment service refactor plan, where are we likely over-pulling context and increasing hallucination risk?",MANUAL,,d-92675051d5.0ec463de-81c2-4f79-9d4c-029f7bb0f101,2026-05-21T12:04:00Z,"The highest risk is sending every service, DTO, and migration file into the same request. Split discovery from implementation, summarize upstream contracts first, and only attach files directly relevant to the current change set.",What should the step-by-step agent flow look like after that split?,conv-bac156d827,,[],[],0,req-5862e47b7f73
2026-05-21,prompt-logs/chat/2026/05/21/kiro_chat_prompt_log.json,We need per-user cost visibility for analytics workflows. What should we capture so we can separate exploratory prompts from production dashboard work?,MANUAL,,d-92675051d5.33a7a52f-dbf7-4f6b-89c9-43d30a61e104,2026-05-21T10:11:00Z,"Track the user, conversation, trigger type, and whether the request was an ad hoc question, spec task, or tool-assisted workflow. That separation makes it easier to route exploratory work to smaller models and keep scheduled or governed work on stricter guardrails.",Can you suggest dashboard dimensions for exploratory versus governed analytics work?,conv-37cdc77c12,,[],"[{""uri"":""https://docs.aws.amazon.com/athena/latest/ug/what-is.html"",""title"":""[1] What is Amazon Athena?"",""snippet"":""Overview of using Amazon Athena to query data in Amazon S3.""}]",1,req-59a20ec6bf4e
2026-05-21,prompt-logs/chat/2026/05/21/kiro_chat_prompt_log.json,We want to evaluate whether our guardrail prompts are too broad and causing unnecessary token usage. What is the fastest way to inspect that?,INLINE_CHAT,,d-92675051d5.9b1ac779-7da0-470f-bfd8-fba1849ca111,2026-05-21T16:19:00Z,"Compare the longest prompts against the workflows they serve and look for repeated policy text, duplicated file context, and tool instructions that never trigger. Move stable policy into hooks or reusable templates and keep run-specific prompts focused on the actual task.",Can you propose a prompt review checklist for cost and hallucination risk?,conv-450c480b45,,[],[],0,req-5cdc59317b3d
2026-05-21,prompt-logs/chat/2026/05/21/kiro_chat_prompt_log.json,"Given this payment service refactor plan, where are we likely over-pulling context and increasing hallucination risk?",INLINE_CHAT,,d-92675051d5.0ec463de-81c2-4f79-9d4c-029f7bb0f101,2026-05-21T12:37:00Z,"The highest risk is sending every service, DTO, and migration file into the same request. Split discovery from implementation, summarize upstream contracts first, and only attach files directly relevant to the current change set.",What should the step-by-step agent flow look like after that split?,conv-5649e95823,,[],[],0,req-5d131658f7f3
2026-05-21,prompt-logs/chat/2026/05/21/kiro_chat_prompt_log.json,Design an AI SDLC flow that gives us visibility into which orchestration steps are driving most of the Kiro usage.,MANUAL,,d-92675051d5.a9a3e94b-b147-4fb7-9934-f5ea941fd110,2026-05-21T10:21:00Z,"Label each step in the orchestration chain and persist request metadata with a workflow stage tag such as discovery, planning, implementation, review, or validation. With those tags you can attribute credits to the exact stage and then adjust routing or context budgets where the spikes occur.",What tags should we standardize on for multi-agent SDLC workflows?,conv-bd08c4e3e1,,[],"[{""uri"":""https://docs.aws.amazon.com/quicksight/latest/user/welcome.html"",""title"":""[1] Amazon QuickSight User Guide"",""snippet"":""Guidance for building dashboards and visual analyses in Amazon QuickSight.""}]",1,req-5db86bf3204b
2026-05-21,prompt-logs/chat/2026/05/21/kiro_chat_prompt_log.json,We want to evaluate whether our guardrail prompts are too broad and causing unnecessary token usage. What is the fastest way to inspect that?,MANUAL,,d-92675051d5.9b1ac779-7da0-470f-bfd8-fba1849ca111,2026-05-21T17:11:00Z,"Compare the longest prompts against the workflows they serve and look for repeated policy text, duplicated file context, and tool instructions that never trigger. Move stable policy into hooks or reusable templates and keep run-specific prompts focused on the actual task.",Can you propose a prompt review checklist for cost and hallucination risk?,conv-f333cd4869,,[],[],0,req-62117b5204fe
2026-05-21,prompt-logs/chat/2026/05/21/kiro_chat_prompt_log.json,Review this modernization workflow and suggest how we should route simple code transforms versus deeper architecture questions to control Kiro credit usage.,INLINE_CHAT,,d-92675051d5.0ec463de-81c2-4f79-9d4c-029f7bb0f101,2026-05-21T16:57:00Z,Use a lighter default path for single-file transforms and reserve the higher-cost model only for cross-file refactors or design decisions. Add a first pass that trims unchanged files from context and sends documentation lookups to tools instead of the primary chat model.,"Can you turn that into a policy table for transform, review, and architecture tasks?",conv-6d3328db0e,,[],"[{""uri"":""https://docs.aws.amazon.com/lambda/latest/dg/welcome.html"",""title"":""[1] AWS Lambda Developer Guide"",""snippet"":""Developer guide for building, deploying, and operating AWS Lambda functions.""}]",1,req-63ffbb7bf8e4
2026-05-21,prompt-logs/chat/2026/05/21/kiro_chat_prompt_log.json,Design an AI SDLC flow that gives us visibility into which orchestration steps are driving most of the Kiro usage.,MANUAL,,d-92675051d5.a9a3e94b-b147-4fb7-9934-f5ea941fd110,2026-05-21T18:05:00Z,"Label each step in the orchestration chain and persist request metadata with a workflow stage tag such as discovery, planning, implementation, review, or validation. With those tags you can attribute credits to the exact stage and then adjust routing or context budgets where the spikes occur.",What tags should we standardize on for multi-agent SDLC workflows?,conv-697355654c,,[],"[{""uri"":""https://docs.aws.amazon.com/quicksight/latest/user/welcome.html"",""title"":""[1] Amazon QuickSight User Guide"",""snippet"":""Guidance for building dashboards and visual analyses in Amazon QuickSight.""}]",1,req-662c658acdda
2026-05-21,prompt-logs/chat/2026/05/21/kiro_chat_prompt_log.json,What guardrails should we add so SRE investigations use tools first and only escalate to larger models when needed?,MANUAL,,d-92675051d5.838f6b85-1e72-4404-a193-f1b0dc79d107,2026-05-21T09:48:00Z,"Start with deterministic checks such as logs, metrics, config diffs, and runbooks. Escalate to a larger model only after those signals are summarized, and require the final prompt to include the incident scope and exact evidence instead of raw dumps.",Can you draft a hook policy that enforces that escalation pattern?,conv-701886d93e,,[],[],0,req-6f65d346ca7f
2026-05-21,prompt-logs/chat/2026/05/21/kiro_chat_prompt_log.json,We need per-user cost visibility for analytics workflows. What should we capture so we can separate exploratory prompts from production dashboard work?,MANUAL,,d-92675051d5.33a7a52f-dbf7-4f6b-89c9-43d30a61e104,2026-05-21T12:48:00Z,"Track the user, conversation, trigger type, and whether the request was an ad hoc question, spec task, or tool-assisted workflow. That separation makes it easier to route exploratory work to smaller models and keep scheduled or governed work on stricter guardrails.",Can you suggest dashboard dimensions for exploratory versus governed analytics work?,conv-de51e80e58,,[],"[{""uri"":""https://docs.aws.amazon.com/athena/latest/ug/what-is.html"",""title"":""[1] What is Amazon Athena?"",""snippet"":""Overview of using Amazon Athena to query data in Amazon S3.""}]",1,req-6fe821b3e634
2026-05-21,prompt-logs/chat/2026/05/21/kiro_chat_prompt_log.json,"Given this payment service refactor plan, where are we likely over-pulling context and increasing hallucination risk?",MANUAL,,d-92675051d5.0ec463de-81c2-4f79-9d4c-029f7bb0f101,2026-05-21T13:10:00Z,"The highest risk is sending every service, DTO, and migration file into the same request. Split discovery from implementation, summarize upstream contracts first, and only attach files directly relevant to the current change set.",What should the step-by-step agent flow look like after that split?,conv-5649e95823,,[],[],0,req-701f08537cab
2026-05-21,prompt-logs/chat/2026/05/21/kiro_chat_prompt_log.json,Review this modernization workflow and suggest how we should route simple code transforms versus deeper architecture questions to control Kiro credit usage.,MANUAL,,d-92675051d5.f12818d1-8f2c-4d54-9188-4f7224a4d103,2026-05-21T13:25:00Z,Use a lighter default path for single-file transforms and reserve the higher-cost model only for cross-file refactors or design decisions. Add a first pass that trims unchanged files from context and sends documentation lookups to tools instead of the primary chat model.,"Can you turn that into a policy table for transform, review, and architecture tasks?",conv-529f9cfaf9,,[],"[{""uri"":""https://docs.aws.amazon.com/lambda/latest/dg/welcome.html"",""title"":""[1] AWS Lambda Developer Guide"",""snippet"":""Developer guide for building, deploying, and operating AWS Lambda functions.""}]",1,req-7249fe13da70
2026-05-21,prompt-logs/chat/2026/05/21/kiro_chat_prompt_log.json,Help me reduce credit burn in our automated test-generation loop without losing coverage.,MANUAL,,d-92675051d5.797d1e6c-6d5f-41a9-8dc7-53d2ef14e102,2026-05-21T11:20:00Z,"Generate a lightweight test plan first, then ask Kiro to produce tests only for the selected cases. Reuse repository summaries across runs and gate expensive review passes behind coverage or failure thresholds.","Can you show a low-cost orchestration pattern for plan, generate, and review?",conv-05325978df,,[],[],0,req-7278e3c77af1
2026-05-21,prompt-logs/chat/2026/05/21/kiro_chat_prompt_log.json,Help me reduce credit burn in our automated test-generation loop without losing coverage.,MANUAL,,d-92675051d5.797d1e6c-6d5f-41a9-8dc7-53d2ef14e102,2026-05-21T17:37:00Z,"Generate a lightweight test plan first, then ask Kiro to produce tests only for the selected cases. Reuse repository summaries across runs and gate expensive review passes behind coverage or failure thresholds.","Can you show a low-cost orchestration pattern for plan, generate, and review?",conv-47802867df,,[],[],0,req-757e202a1212
2026-05-21,prompt-logs/chat/2026/05/21/kiro_chat_prompt_log.json,We want to evaluate whether our guardrail prompts are too broad and causing unnecessary token usage. What is the fastest way to inspect that?,MANUAL,,d-92675051d5.9b1ac779-7da0-470f-bfd8-fba1849ca111,2026-05-21T12:16:00Z,"Compare the longest prompts against the workflows they serve and look for repeated policy text, duplicated file context, and tool instructions that never trigger. Move stable policy into hooks or reusable templates and keep run-specific prompts focused on the actual task.",Can you propose a prompt review checklist for cost and hallucination risk?,conv-a730feadc0,,[],[],0,req-75c18253c0e7
2026-05-21,prompt-logs/chat/2026/05/21/kiro_chat_prompt_log.json,We need per-user cost visibility for analytics workflows. What should we capture so we can separate exploratory prompts from production dashboard work?,MANUAL,,d-92675051d5.4a0a1ddb-32de-4237-b40f-cbc81f6ae105,2026-05-21T14:35:00Z,"Track the user, conversation, trigger type, and whether the request was an ad hoc question, spec task, or tool-assisted workflow. That separation makes it easier to route exploratory work to smaller models and keep scheduled or governed work on stricter guardrails.",Can you suggest dashboard dimensions for exploratory versus governed analytics work?,conv-79b1145061,,[],"[{""uri"":""https://docs.aws.amazon.com/athena/latest/ug/what-is.html"",""title"":""[1] What is Amazon Athena?"",""snippet"":""Overview of using Amazon Athena to query data in Amazon S3.""}]",1,req-7850e8b7be60
2026-05-21,prompt-logs/chat/2026/05/21/kiro_chat_prompt_log.json,Design an AI SDLC flow that gives us visibility into which orchestration steps are driving most of the Kiro usage.,MANUAL,,d-92675051d5.59888cc4-2dac-4454-a84e-b7968ad4e112,2026-05-21T17:18:00Z,"Label each step in the orchestration chain and persist request metadata with a workflow stage tag such as discovery, planning, implementation, review, or validation. With those tags you can attribute credits to the exact stage and then adjust routing or context budgets where the spikes occur.",What tags should we standardize on for multi-agent SDLC workflows?,conv-80f37648b0,,[],"[{""uri"":""https://docs.aws.amazon.com/quicksight/latest/user/welcome.html"",""title"":""[1] Amazon QuickSight User Guide"",""snippet"":""Guidance for building dashboards and visual analyses in Amazon QuickSight.""}]",1,req-800c465492ff
2026-05-21,prompt-logs/chat/2026/05/21/kiro_chat_prompt_log.json,We want to evaluate whether our guardrail prompts are too broad and causing unnecessary token usage. What is the fastest way to inspect that?,MANUAL,,d-92675051d5.9b1ac779-7da0-470f-bfd8-fba1849ca111,2026-05-21T15:03:00Z,"Compare the longest prompts against the workflows they serve and look for repeated policy text, duplicated file context, and tool instructions that never trigger. Move stable policy into hooks or reusable templates and keep run-specific prompts focused on the actual task.",Can you propose a prompt review checklist for cost and hallucination risk?,conv-f333cd4869,,[],[],0,req-826b9420e2cc
2026-05-21,prompt-logs/chat/2026/05/21/kiro_chat_prompt_log.json,What guardrails should we add so SRE investigations use tools first and only escalate to larger models when needed?,MANUAL,,d-92675051d5.838f6b85-1e72-4404-a193-f1b0dc79d107,2026-05-21T16:20:00Z,"Start with deterministic checks such as logs, metrics, config diffs, and runbooks. Escalate to a larger model only after those signals are summarized, and require the final prompt to include the incident scope and exact evidence instead of raw dumps.",Can you draft a hook policy that enforces that escalation pattern?,conv-da25cc43f1,,[],[],0,req-839fc833249f
2026-05-21,prompt-logs/chat/2026/05/21/kiro_chat_prompt_log.json,What guardrails should we add so SRE investigations use tools first and only escalate to larger models when needed?,MANUAL,,d-92675051d5.6273ba8a-bb02-425f-b443-3d4dcb2c9108,2026-05-21T14:51:00Z,"Start with deterministic checks such as logs, metrics, config diffs, and runbooks. Escalate to a larger model only after those signals are summarized, and require the final prompt to include the incident scope and exact evidence instead of raw dumps.",Can you draft a hook policy that enforces that escalation pattern?,conv-840b9ca709,,[],[],0,req-899b9e60d958
2026-05-21,prompt-logs/chat/2026/05/21/kiro_chat_prompt_log.json,We need per-user cost visibility for analytics workflows. What should we capture so we can separate exploratory prompts from production dashboard work?,MANUAL,,d-92675051d5.33a7a52f-dbf7-4f6b-89c9-43d30a61e104,2026-05-21T14:02:00Z,"Track the user, conversation, trigger type, and whether the request was an ad hoc question, spec task, or tool-assisted workflow. That separation makes it easier to route exploratory work to smaller models and keep scheduled or governed work on stricter guardrails.",Can you suggest dashboard dimensions for exploratory versus governed analytics work?,conv-f6fd251e42,,[],"[{""uri"":""https://docs.aws.amazon.com/athena/latest/ug/what-is.html"",""title"":""[1] What is Amazon Athena?"",""snippet"":""Overview of using Amazon Athena to query data in Amazon S3.""}]",1,req-89d05632854d
2026-05-21,prompt-logs/chat/2026/05/21/kiro_chat_prompt_log.json,Review this modernization workflow and suggest how we should route simple code transforms versus deeper architecture questions to control Kiro credit usage.,INLINE_CHAT,,d-92675051d5.f12818d1-8f2c-4d54-9188-4f7224a4d103,2026-05-21T12:37:00Z,Use a lighter default path for single-file transforms and reserve the higher-cost model only for cross-file refactors or design decisions. Add a first pass that trims unchanged files from context and sends documentation lookups to tools instead of the primary chat model.,"Can you turn that into a policy table for transform, review, and architecture tasks?",conv-abd5f1e924,,[],"[{""uri"":""https://docs.aws.amazon.com/lambda/latest/dg/welcome.html"",""title"":""[1] AWS Lambda Developer Guide"",""snippet"":""Developer guide for building, deploying, and operating AWS Lambda functions.""}]",1,req-8c213358d9ba
2026-05-21,prompt-logs/chat/2026/05/21/kiro_chat_prompt_log.json,Design an AI SDLC flow that gives us visibility into which orchestration steps are driving most of the Kiro usage.,MANUAL,,d-92675051d5.59888cc4-2dac-4454-a84e-b7968ad4e112,2026-05-21T18:33:00Z,"Label each step in the orchestration chain and persist request metadata with a workflow stage tag such as discovery, planning, implementation, review, or validation. With those tags you can attribute credits to the exact stage and then adjust routing or context budgets where the spikes occur.",What tags should we standardize on for multi-agent SDLC workflows?,conv-0f569f9399,,[],"[{""uri"":""https://docs.aws.amazon.com/quicksight/latest/user/welcome.html"",""title"":""[1] Amazon QuickSight User Guide"",""snippet"":""Guidance for building dashboards and visual analyses in Amazon QuickSight.""}]",1,req-8dad1bd5a789
2026-05-21,prompt-logs/chat/2026/05/21/kiro_chat_prompt_log.json,Design an AI SDLC flow that gives us visibility into which orchestration steps are driving most of the Kiro usage.,MANUAL,,d-92675051d5.59888cc4-2dac-4454-a84e-b7968ad4e112,2026-05-21T11:20:00Z,"Label each step in the orchestration chain and persist request metadata with a workflow stage tag such as discovery, planning, implementation, review, or validation. With those tags you can attribute credits to the exact stage and then adjust routing or context budgets where the spikes occur.",What tags should we standardize on for multi-agent SDLC workflows?,conv-d6e22c4634,,[],"[{""uri"":""https://docs.aws.amazon.com/quicksight/latest/user/welcome.html"",""title"":""[1] Amazon QuickSight User Guide"",""snippet"":""Guidance for building dashboards and visual analyses in Amazon QuickSight.""}]",1,req-988b16365de0
2026-05-21,prompt-logs/chat/2026/05/21/kiro_chat_prompt_log.json,What guardrails should we add so SRE investigations use tools first and only escalate to larger models when needed?,MANUAL,,d-92675051d5.6273ba8a-bb02-425f-b443-3d4dcb2c9108,2026-05-21T15:03:00Z,"Start with deterministic checks such as logs, metrics, config diffs, and runbooks. Escalate to a larger model only after those signals are summarized, and require the final prompt to include the incident scope and exact evidence instead of raw dumps.",Can you draft a hook policy that enforces that escalation pattern?,conv-d025354191,,[],[],0,req-9fba8f08bf9d
2026-05-21,prompt-logs/chat/2026/05/21/kiro_chat_prompt_log.json,We want to evaluate whether our guardrail prompts are too broad and causing unnecessary token usage. What is the fastest way to inspect that?,MANUAL,,d-92675051d5.9b1ac779-7da0-470f-bfd8-fba1849ca111,2026-05-21T12:56:00Z,"Compare the longest prompts against the workflows they serve and look for repeated policy text, duplicated file context, and tool instructions that never trigger. Move stable policy into hooks or reusable templates and keep run-specific prompts focused on the actual task.",Can you propose a prompt review checklist for cost and hallucination risk?,conv-ec8de4235d,,[],[],0,req-a1e9018e8e12
2026-05-21,prompt-logs/chat/2026/05/21/kiro_chat_prompt_log.json,"Given this payment service refactor plan, where are we likely over-pulling context and increasing hallucination risk?",MANUAL,,d-92675051d5.0ec463de-81c2-4f79-9d4c-029f7bb0f101,2026-05-21T14:54:00Z,"The highest risk is sending every service, DTO, and migration file into the same request. Split discovery from implementation, summarize upstream contracts first, and only attach files directly relevant to the current change set.",What should the step-by-step agent flow look like after that split?,conv-6d3328db0e,,[],[],0,req-a1f779f8988f
2026-05-21,prompt-logs/chat/2026/05/21/kiro_chat_prompt_log.json,Help me reduce credit burn in our automated test-generation loop without losing coverage.,MANUAL,,d-92675051d5.797d1e6c-6d5f-41a9-8dc7-53d2ef14e102,2026-05-21T12:31:00Z,"Generate a lightweight test plan first, then ask Kiro to produce tests only for the selected cases. Reuse repository summaries across runs and gate expensive review passes behind coverage or failure thresholds.","Can you show a low-cost orchestration pattern for plan, generate, and review?",conv-267176eeae,,[],[],0,req-a4b90d7e5fab
2026-05-21,prompt-logs/chat/2026/05/21/kiro_chat_prompt_log.json,Design an AI SDLC flow that gives us visibility into which orchestration steps are driving most of the Kiro usage.,MANUAL,,d-92675051d5.59888cc4-2dac-4454-a84e-b7968ad4e112,2026-05-21T12:08:00Z,"Label each step in the orchestration chain and persist request metadata with a workflow stage tag such as discovery, planning, implementation, review, or validation. With those tags you can attribute credits to the exact stage and then adjust routing or context budgets where the spikes occur.",What tags should we standardize on for multi-agent SDLC workflows?,conv-08a60efdeb,,[],"[{""uri"":""https://docs.aws.amazon.com/quicksight/latest/user/welcome.html"",""title"":""[1] Amazon QuickSight User Guide"",""snippet"":""Guidance for building dashboards and visual analyses in Amazon QuickSight.""}]",1,req-aa3d99bdf8cc
2026-05-21,prompt-logs/chat/2026/05/21/kiro_chat_prompt_log.json,Review this modernization workflow and suggest how we should route simple code transforms versus deeper architecture questions to control Kiro credit usage.,MANUAL,,d-92675051d5.0ec463de-81c2-4f79-9d4c-029f7bb0f101,2026-05-21T09:57:00Z,Use a lighter default path for single-file transforms and reserve the higher-cost model only for cross-file refactors or design decisions. Add a first pass that trims unchanged files from context and sends documentation lookups to tools instead of the primary chat model.,"Can you turn that into a policy table for transform, review, and architecture tasks?",conv-7776a67902,,[],"[{""uri"":""https://docs.aws.amazon.com/lambda/latest/dg/welcome.html"",""title"":""[1] AWS Lambda Developer Guide"",""snippet"":""Developer guide for building, deploying, and operating AWS Lambda functions.""}]",1,req-ad23de5929d5
2026-05-21,prompt-logs/chat/2026/05/21/kiro_chat_prompt_log.json,What guardrails should we add so SRE investigations use tools first and only escalate to larger models when needed?,MANUAL,,d-92675051d5.838f6b85-1e72-4404-a193-f1b0dc79d107,2026-05-21T12:07:00Z,"Start with deterministic checks such as logs, metrics, config diffs, and runbooks. Escalate to a larger model only after those signals are summarized, and require the final prompt to include the incident scope and exact evidence instead of raw dumps.",Can you draft a hook policy that enforces that escalation pattern?,conv-2b934d13cb,,[],[],0,req-ada0a2c850cc
2026-05-21,prompt-logs/chat/2026/05/21/kiro_chat_prompt_log.json,"Given this payment service refactor plan, where are we likely over-pulling context and increasing hallucination risk?",MANUAL,,d-92675051d5.0ec463de-81c2-4f79-9d4c-029f7bb0f101,2026-05-21T10:35:00Z,"The highest risk is sending every service, DTO, and migration file into the same request. Split discovery from implementation, summarize upstream contracts first, and only attach files directly relevant to the current change set.",What should the step-by-step agent flow look like after that split?,conv-bac156d827,,[],[],0,req-af4a13c75bdf
2026-05-21,prompt-logs/chat/2026/05/21/kiro_chat_prompt_log.json,Design an AI SDLC flow that gives us visibility into which orchestration steps are driving most of the Kiro usage.,MANUAL,,d-92675051d5.a9a3e94b-b147-4fb7-9934-f5ea941fd110,2026-05-21T12:10:00Z,"Label each step in the orchestration chain and persist request metadata with a workflow stage tag such as discovery, planning, implementation, review, or validation. With those tags you can attribute credits to the exact stage and then adjust routing or context budgets where the spikes occur.",What tags should we standardize on for multi-agent SDLC workflows?,conv-bd08c4e3e1,,[],"[{""uri"":""https://docs.aws.amazon.com/quicksight/latest/user/welcome.html"",""title"":""[1] Amazon QuickSight User Guide"",""snippet"":""Guidance for building dashboards and visual analyses in Amazon QuickSight.""}]",1,req-b8d87d26db9a
2026-05-21,prompt-logs/chat/2026/05/21/kiro_chat_prompt_log.json,Design an AI SDLC flow that gives us visibility into which orchestration steps are driving most of the Kiro usage.,MANUAL,,d-92675051d5.a9a3e94b-b147-4fb7-9934-f5ea941fd110,2026-05-21T10:57:00Z,"Label each step in the orchestration chain and persist request metadata with a workflow stage tag such as discovery, planning, implementation, review, or validation. With those tags you can attribute credits to the exact stage and then adjust routing or context budgets where the spikes occur.",What tags should we standardize on for multi-agent SDLC workflows?,conv-bd08c4e3e1,,[],"[{""uri"":""https://docs.aws.amazon.com/quicksight/latest/user/welcome.html"",""title"":""[1] Amazon QuickSight User Guide"",""snippet"":""Guidance for building dashboards and visual analyses in Amazon QuickSight.""}]",1,req-bcd7eda84871
2026-05-21,prompt-logs/chat/2026/05/21/kiro_chat_prompt_log.json,Design an AI SDLC flow that gives us visibility into which orchestration steps are driving most of the Kiro usage.,MANUAL,,d-92675051d5.59888cc4-2dac-4454-a84e-b7968ad4e112,2026-05-21T11:05:00Z,"Label each step in the orchestration chain and persist request metadata with a workflow stage tag such as discovery, planning, implementation, review, or validation. With those tags you can attribute credits to the exact stage and then adjust routing or context budgets where the spikes occur.",What tags should we standardize on for multi-agent SDLC workflows?,conv-ba488d7715,,[],"[{""uri"":""https://docs.aws.amazon.com/quicksight/latest/user/welcome.html"",""title"":""[1] Amazon QuickSight User Guide"",""snippet"":""Guidance for building dashboards and visual analyses in Amazon QuickSight.""}]",1,req-c34a036a6086
2026-05-21,prompt-logs/chat/2026/05/21/kiro_chat_prompt_log.json,We want to evaluate whether our guardrail prompts are too broad and causing unnecessary token usage. What is the fastest way to inspect that?,MANUAL,,d-92675051d5.9b1ac779-7da0-470f-bfd8-fba1849ca111,2026-05-21T18:06:00Z,"Compare the longest prompts against the workflows they serve and look for repeated policy text, duplicated file context, and tool instructions that never trigger. Move stable policy into hooks or reusable templates and keep run-specific prompts focused on the actual task.",Can you propose a prompt review checklist for cost and hallucination risk?,conv-7e9c6af039,,[],[],0,req-c74fdf686b2d
2026-05-21,prompt-logs/chat/2026/05/21/kiro_chat_prompt_log.json,We need per-user cost visibility for analytics workflows. What should we capture so we can separate exploratory prompts from production dashboard work?,MANUAL,,d-92675051d5.4a0a1ddb-32de-4237-b40f-cbc81f6ae105,2026-05-21T09:20:00Z,"Track the user, conversation, trigger type, and whether the request was an ad hoc question, spec task, or tool-assisted workflow. That separation makes it easier to route exploratory work to smaller models and keep scheduled or governed work on stricter guardrails.",Can you suggest dashboard dimensions for exploratory versus governed analytics work?,conv-7302b8c8b0,,[],"[{""uri"":""https://docs.aws.amazon.com/athena/latest/ug/what-is.html"",""title"":""[1] What is Amazon Athena?"",""snippet"":""Overview of using Amazon Athena to query data in Amazon S3.""}]",1,req-c7c765d04ee6
2026-05-21,prompt-logs/chat/2026/05/21/kiro_chat_prompt_log.json,We need per-user cost visibility for analytics workflows. What should we capture so we can separate exploratory prompts from production dashboard work?,MANUAL,,d-92675051d5.4a0a1ddb-32de-4237-b40f-cbc81f6ae105,2026-05-21T14:58:00Z,"Track the user, conversation, trigger type, and whether the request was an ad hoc question, spec task, or tool-assisted workflow. That separation makes it easier to route exploratory work to smaller models and keep scheduled or governed work on stricter guardrails.",Can you suggest dashboard dimensions for exploratory versus governed analytics work?,conv-f2f963bca8,,[],"[{""uri"":""https://docs.aws.amazon.com/athena/latest/ug/what-is.html"",""title"":""[1] What is Amazon Athena?"",""snippet"":""Overview of using Amazon Athena to query data in Amazon S3.""}]",1,req-cb4d8658a650
2026-05-21,prompt-logs/chat/2026/05/21/kiro_chat_prompt_log.json,Design an AI SDLC flow that gives us visibility into which orchestration steps are driving most of the Kiro usage.,MANUAL,,d-92675051d5.a9a3e94b-b147-4fb7-9934-f5ea941fd110,2026-05-21T15:49:00Z,"Label each step in the orchestration chain and persist request metadata with a workflow stage tag such as discovery, planning, implementation, review, or validation. With those tags you can attribute credits to the exact stage and then adjust routing or context budgets where the spikes occur.",What tags should we standardize on for multi-agent SDLC workflows?,conv-db7540b480,,[],"[{""uri"":""https://docs.aws.amazon.com/quicksight/latest/user/welcome.html"",""title"":""[1] Amazon QuickSight User Guide"",""snippet"":""Guidance for building dashboards and visual analyses in Amazon QuickSight.""}]",1,req-d12fb0b3a72e
2026-05-21,prompt-logs/chat/2026/05/21/kiro_chat_prompt_log.json,Help me reduce credit burn in our automated test-generation loop without losing coverage.,MANUAL,,d-92675051d5.797d1e6c-6d5f-41a9-8dc7-53d2ef14e102,2026-05-21T18:17:00Z,"Generate a lightweight test plan first, then ask Kiro to produce tests only for the selected cases. Reuse repository summaries across runs and gate expensive review passes behind coverage or failure thresholds.","Can you show a low-cost orchestration pattern for plan, generate, and review?",conv-424621ac49,,[],[],0,req-d6f8d99d0b26
2026-05-21,prompt-logs/chat/2026/05/21/kiro_chat_prompt_log.json,What guardrails should we add so SRE investigations use tools first and only escalate to larger models when needed?,MANUAL,,d-92675051d5.6273ba8a-bb02-425f-b443-3d4dcb2c9108,2026-05-21T14:04:00Z,"Start with deterministic checks such as logs, metrics, config diffs, and runbooks. Escalate to a larger model only after those signals are summarized, and require the final prompt to include the incident scope and exact evidence instead of raw dumps.",Can you draft a hook policy that enforces that escalation pattern?,conv-2a1e3715cc,,[],[],0,req-d7d1e4218baa
2026-05-21,prompt-logs/chat/2026/05/21/kiro_chat_prompt_log.json,We need per-user cost visibility for analytics workflows. What should we capture so we can separate exploratory prompts from production dashboard work?,MANUAL,,d-92675051d5.33a7a52f-dbf7-4f6b-89c9-43d30a61e104,2026-05-21T10:27:00Z,"Track the user, conversation, trigger type, and whether the request was an ad hoc question, spec task, or tool-assisted workflow. That separation makes it easier to route exploratory work to smaller models and keep scheduled or governed work on stricter guardrails.",Can you suggest dashboard dimensions for exploratory versus governed analytics work?,conv-7a8e312b28,,[],"[{""uri"":""https://docs.aws.amazon.com/athena/latest/ug/what-is.html"",""title"":""[1] What is Amazon Athena?"",""snippet"":""Overview of using Amazon Athena to query data in Amazon S3.""}]",1,req-d8033d95d3f8
2026-05-21,prompt-logs/chat/2026/05/21/kiro_chat_prompt_log.json,We need per-user cost visibility for analytics workflows. What should we capture so we can separate exploratory prompts from production dashboard work?,MANUAL,,d-92675051d5.4a0a1ddb-32de-4237-b40f-cbc81f6ae105,2026-05-21T13:25:00Z,"Track the user, conversation, trigger type, and whether the request was an ad hoc question, spec task, or tool-assisted workflow. That separation makes it easier to route exploratory work to smaller models and keep scheduled or governed work on stricter guardrails.",Can you suggest dashboard dimensions for exploratory versus governed analytics work?,conv-fc2e5b40f3,,[],"[{""uri"":""https://docs.aws.amazon.com/athena/latest/ug/what-is.html"",""title"":""[1] What is Amazon Athena?"",""snippet"":""Overview of using Amazon Athena to query data in Amazon S3.""}]",1,req-daa9ffbbd73d
2026-05-21,prompt-logs/chat/2026/05/21/kiro_chat_prompt_log.json,Design an AI SDLC flow that gives us visibility into which orchestration steps are driving most of the Kiro usage.,MANUAL,,d-92675051d5.a9a3e94b-b147-4fb7-9934-f5ea941fd110,2026-05-21T15:24:00Z,"Label each step in the orchestration chain and persist request metadata with a workflow stage tag such as discovery, planning, implementation, review, or validation. With those tags you can attribute credits to the exact stage and then adjust routing or context budgets where the spikes occur.",What tags should we standardize on for multi-agent SDLC workflows?,conv-697355654c,,[],"[{""uri"":""https://docs.aws.amazon.com/quicksight/latest/user/welcome.html"",""title"":""[1] Amazon QuickSight User Guide"",""snippet"":""Guidance for building dashboards and visual analyses in Amazon QuickSight.""}]",1,req-e055f61d73cd
2026-05-21,prompt-logs/chat/2026/05/21/kiro_chat_prompt_log.json,What guardrails should we add so SRE investigations use tools first and only escalate to larger models when needed?,INLINE_CHAT,,d-92675051d5.838f6b85-1e72-4404-a193-f1b0dc79d107,2026-05-21T18:38:00Z,"Start with deterministic checks such as logs, metrics, config diffs, and runbooks. Escalate to a larger model only after those signals are summarized, and require the final prompt to include the incident scope and exact evidence instead of raw dumps.",Can you draft a hook policy that enforces that escalation pattern?,conv-8e4802355b,,[],[],0,req-e173ee38a8f2
2026-05-21,prompt-logs/chat/2026/05/21/kiro_chat_prompt_log.json,We want to evaluate whether our guardrail prompts are too broad and causing unnecessary token usage. What is the fastest way to inspect that?,MANUAL,,d-92675051d5.9b1ac779-7da0-470f-bfd8-fba1849ca111,2026-05-21T15:31:00Z,"Compare the longest prompts against the workflows they serve and look for repeated policy text, duplicated file context, and tool instructions that never trigger. Move stable policy into hooks or reusable templates and keep run-specific prompts focused on the actual task.",Can you propose a prompt review checklist for cost and hallucination risk?,conv-a730feadc0,,[],[],0,req-e3654600ec80
2026-05-21,prompt-logs/chat/2026/05/21/kiro_chat_prompt_log.json,Design an AI SDLC flow that gives us visibility into which orchestration steps are driving most of the Kiro usage.,MANUAL,,d-92675051d5.a9a3e94b-b147-4fb7-9934-f5ea941fd110,2026-05-21T15:33:00Z,"Label each step in the orchestration chain and persist request metadata with a workflow stage tag such as discovery, planning, implementation, review, or validation. With those tags you can attribute credits to the exact stage and then adjust routing or context budgets where the spikes occur.",What tags should we standardize on for multi-agent SDLC workflows?,conv-e705714aeb,,[],"[{""uri"":""https://docs.aws.amazon.com/quicksight/latest/user/welcome.html"",""title"":""[1] Amazon QuickSight User Guide"",""snippet"":""Guidance for building dashboards and visual analyses in Amazon QuickSight.""}]",1,req-e9d318d97667
2026-05-21,prompt-logs/chat/2026/05/21/kiro_chat_prompt_log.json,What guardrails should we add so SRE investigations use tools first and only escalate to larger models when needed?,MANUAL,,d-92675051d5.838f6b85-1e72-4404-a193-f1b0dc79d107,2026-05-21T11:19:00Z,"Start with deterministic checks such as logs, metrics, config diffs, and runbooks. Escalate to a larger model only after those signals are summarized, and require the final prompt to include the incident scope and exact evidence instead of raw dumps.",Can you draft a hook policy that enforces that escalation pattern?,conv-2b934d13cb,,[],[],0,req-edcb37d861e5
2026-05-21,prompt-logs/chat/2026/05/21/kiro_chat_prompt_log.json,Review this modernization workflow and suggest how we should route simple code transforms versus deeper architecture questions to control Kiro credit usage.,MANUAL,,d-92675051d5.0ec463de-81c2-4f79-9d4c-029f7bb0f101,2026-05-21T11:19:00Z,Use a lighter default path for single-file transforms and reserve the higher-cost model only for cross-file refactors or design decisions. Add a first pass that trims unchanged files from context and sends documentation lookups to tools instead of the primary chat model.,"Can you turn that into a policy table for transform, review, and architecture tasks?",conv-bac156d827,,[],"[{""uri"":""https://docs.aws.amazon.com/lambda/latest/dg/welcome.html"",""title"":""[1] AWS Lambda Developer Guide"",""snippet"":""Developer guide for building, deploying, and operating AWS Lambda functions.""}]",1,req-f07d6d4d4196
2026-05-21,prompt-logs/chat/2026/05/21/kiro_chat_prompt_log.json,Design an AI SDLC flow that gives us visibility into which orchestration steps are driving most of the Kiro usage.,MANUAL,,d-92675051d5.a9a3e94b-b147-4fb7-9934-f5ea941fd110,2026-05-21T18:59:00Z,"Label each step in the orchestration chain and persist request metadata with a workflow stage tag such as discovery, planning, implementation, review, or validation. With those tags you can attribute credits to the exact stage and then adjust routing or context budgets where the spikes occur.",What tags should we standardize on for multi-agent SDLC workflows?,conv-ff48126dca,,[],"[{""uri"":""https://docs.aws.amazon.com/quicksight/latest/user/welcome.html"",""title"":""[1] Amazon QuickSight User Guide"",""snippet"":""Guidance for building dashboards and visual analyses in Amazon QuickSight.""}]",1,req-f3ea690ab904
2026-05-21,prompt-logs/chat/2026/05/21/kiro_chat_prompt_log.json,Help me reduce credit burn in our automated test-generation loop without losing coverage.,MANUAL,,d-92675051d5.797d1e6c-6d5f-41a9-8dc7-53d2ef14e102,2026-05-21T11:27:00Z,"Generate a lightweight test plan first, then ask Kiro to produce tests only for the selected cases. Reuse repository summaries across runs and gate expensive review passes behind coverage or failure thresholds.","Can you show a low-cost orchestration pattern for plan, generate, and review?",conv-47802867df,,[],[],0,req-f50a896a0082
2026-05-21,prompt-logs/chat/2026/05/21/kiro_chat_prompt_log.json,"Given this payment service refactor plan, where are we likely over-pulling context and increasing hallucination risk?",MANUAL,,d-92675051d5.f12818d1-8f2c-4d54-9188-4f7224a4d103,2026-05-21T16:29:00Z,"The highest risk is sending every service, DTO, and migration file into the same request. Split discovery from implementation, summarize upstream contracts first, and only attach files directly relevant to the current change set.",What should the step-by-step agent flow look like after that split?,conv-b4fa196582,,[],[],0,req-f623d5ec8fc6
2026-05-21,prompt-logs/chat/2026/05/21/kiro_chat_prompt_log.json,Review this modernization workflow and suggest how we should route simple code transforms versus deeper architecture questions to control Kiro credit usage.,MANUAL,,d-92675051d5.f12818d1-8f2c-4d54-9188-4f7224a4d103,2026-05-21T18:21:00Z,Use a lighter default path for single-file transforms and reserve the higher-cost model only for cross-file refactors or design decisions. Add a first pass that trims unchanged files from context and sends documentation lookups to tools instead of the primary chat model.,"Can you turn that into a policy table for transform, review, and architecture tasks?",conv-79f6a649ec,,[],"[{""uri"":""https://docs.aws.amazon.com/lambda/latest/dg/welcome.html"",""title"":""[1] AWS Lambda Developer Guide"",""snippet"":""Developer guide for building, deploying, and operating AWS Lambda functions.""}]",1,req-f93d2bcba3be
2026-05-21,prompt-logs/chat/2026/05/21/kiro_chat_prompt_log.json,Design an AI SDLC flow that gives us visibility into which orchestration steps are driving most of the Kiro usage.,MANUAL,,d-92675051d5.a9a3e94b-b147-4fb7-9934-f5ea941fd110,2026-05-21T13:03:00Z,"Label each step in the orchestration chain and persist request metadata with a workflow stage tag such as discovery, planning, implementation, review, or validation. With those tags you can attribute credits to the exact stage and then adjust routing or context budgets where the spikes occur.",What tags should we standardize on for multi-agent SDLC workflows?,conv-db7540b480,,[],"[{""uri"":""https://docs.aws.amazon.com/quicksight/latest/user/welcome.html"",""title"":""[1] Amazon QuickSight User Guide"",""snippet"":""Guidance for building dashboards and visual analyses in Amazon QuickSight.""}]",1,req-ff65f3b6ae57
2026-05-22,prompt-logs/chat/2026/05/22/kiro_chat_prompt_log.json,Design an AI SDLC flow that gives us visibility into which orchestration steps are driving most of the Kiro usage.,MANUAL,,d-92675051d5.a9a3e94b-b147-4fb7-9934-f5ea941fd110,2026-05-22T12:07:00Z,"Label each step in the orchestration chain and persist request metadata with a workflow stage tag such as discovery, planning, implementation, review, or validation. With those tags you can attribute credits to the exact stage and then adjust routing or context budgets where the spikes occur.",What tags should we standardize on for multi-agent SDLC workflows?,conv-35bc72b4e5,,[],"[{""uri"":""https://docs.aws.amazon.com/quicksight/latest/user/welcome.html"",""title"":""[1] Amazon QuickSight User Guide"",""snippet"":""Guidance for building dashboards and visual analyses in Amazon QuickSight.""}]",1,req-03e417f459fd
2026-05-22,prompt-logs/chat/2026/05/22/kiro_chat_prompt_log.json,What guardrails should we add so SRE investigations use tools first and only escalate to larger models when needed?,MANUAL,,d-92675051d5.838f6b85-1e72-4404-a193-f1b0dc79d107,2026-05-22T13:22:00Z,"Start with deterministic checks such as logs, metrics, config diffs, and runbooks. Escalate to a larger model only after those signals are summarized, and require the final prompt to include the incident scope and exact evidence instead of raw dumps.",Can you draft a hook policy that enforces that escalation pattern?,conv-a60b8b9b1a,,[],[],0,req-0bd4d8e8c39c
2026-05-22,prompt-logs/chat/2026/05/22/kiro_chat_prompt_log.json,We need per-user cost visibility for analytics workflows. What should we capture so we can separate exploratory prompts from production dashboard work?,MANUAL,,d-92675051d5.33a7a52f-dbf7-4f6b-89c9-43d30a61e104,2026-05-22T18:06:00Z,"Track the user, conversation, trigger type, and whether the request was an ad hoc question, spec task, or tool-assisted workflow. That separation makes it easier to route exploratory work to smaller models and keep scheduled or governed work on stricter guardrails.",Can you suggest dashboard dimensions for exploratory versus governed analytics work?,conv-fc05dd25a7,,[],"[{""uri"":""https://docs.aws.amazon.com/athena/latest/ug/what-is.html"",""title"":""[1] What is Amazon Athena?"",""snippet"":""Overview of using Amazon Athena to query data in Amazon S3.""}]",1,req-0be1f1931cc4
2026-05-22,prompt-logs/chat/2026/05/22/kiro_chat_prompt_log.json,What guardrails should we add so SRE investigations use tools first and only escalate to larger models when needed?,MANUAL,,d-92675051d5.838f6b85-1e72-4404-a193-f1b0dc79d107,2026-05-22T13:48:00Z,"Start with deterministic checks such as logs, metrics, config diffs, and runbooks. Escalate to a larger model only after those signals are summarized, and require the final prompt to include the incident scope and exact evidence instead of raw dumps.",Can you draft a hook policy that enforces that escalation pattern?,conv-5067ba6894,,[],[],0,req-0ee70f2e8adf
2026-05-22,prompt-logs/chat/2026/05/22/kiro_chat_prompt_log.json,We want to evaluate whether our guardrail prompts are too broad and causing unnecessary token usage. What is the fastest way to inspect that?,MANUAL,,d-92675051d5.9b1ac779-7da0-470f-bfd8-fba1849ca111,2026-05-22T14:32:00Z,"Compare the longest prompts against the workflows they serve and look for repeated policy text, duplicated file context, and tool instructions that never trigger. Move stable policy into hooks or reusable templates and keep run-specific prompts focused on the actual task.",Can you propose a prompt review checklist for cost and hallucination risk?,conv-6f36a7adf5,,[],[],0,req-0ef57222b35e
2026-05-22,prompt-logs/chat/2026/05/22/kiro_chat_prompt_log.json,Design an AI SDLC flow that gives us visibility into which orchestration steps are driving most of the Kiro usage.,MANUAL,,d-92675051d5.a9a3e94b-b147-4fb7-9934-f5ea941fd110,2026-05-22T15:16:00Z,"Label each step in the orchestration chain and persist request metadata with a workflow stage tag such as discovery, planning, implementation, review, or validation. With those tags you can attribute credits to the exact stage and then adjust routing or context budgets where the spikes occur.",What tags should we standardize on for multi-agent SDLC workflows?,conv-040016a6c9,,[],"[{""uri"":""https://docs.aws.amazon.com/quicksight/latest/user/welcome.html"",""title"":""[1] Amazon QuickSight User Guide"",""snippet"":""Guidance for building dashboards and visual analyses in Amazon QuickSight.""}]",1,req-23d170a8d034
2026-05-22,prompt-logs/chat/2026/05/22/kiro_chat_prompt_log.json,What guardrails should we add so SRE investigations use tools first and only escalate to larger models when needed?,MANUAL,,d-92675051d5.838f6b85-1e72-4404-a193-f1b0dc79d107,2026-05-22T12:40:00Z,"Start with deterministic checks such as logs, metrics, config diffs, and runbooks. Escalate to a larger model only after those signals are summarized, and require the final prompt to include the incident scope and exact evidence instead of raw dumps.",Can you draft a hook policy that enforces that escalation pattern?,conv-b936cc5419,,[],[],0,req-27258ce77bc0
2026-05-22,prompt-logs/chat/2026/05/22/kiro_chat_prompt_log.json,What guardrails should we add so SRE investigations use tools first and only escalate to larger models when needed?,MANUAL,,d-92675051d5.6273ba8a-bb02-425f-b443-3d4dcb2c9108,2026-05-22T13:11:00Z,"Start with deterministic checks such as logs, metrics, config diffs, and runbooks. Escalate to a larger model only after those signals are summarized, and require the final prompt to include the incident scope and exact evidence instead of raw dumps.",Can you draft a hook policy that enforces that escalation pattern?,conv-c233114f08,,[],[],0,req-2830f79f910c
2026-05-22,prompt-logs/chat/2026/05/22/kiro_chat_prompt_log.json,We need per-user cost visibility for analytics workflows. What should we capture so we can separate exploratory prompts from production dashboard work?,MANUAL,,d-92675051d5.7e23e16f-5eb6-49f0-8e5d-a84c5ad99106,2026-05-22T16:56:00Z,"Track the user, conversation, trigger type, and whether the request was an ad hoc question, spec task, or tool-assisted workflow. That separation makes it easier to route exploratory work to smaller models and keep scheduled or governed work on stricter guardrails.",Can you suggest dashboard dimensions for exploratory versus governed analytics work?,conv-07514e479f,,[],"[{""uri"":""https://docs.aws.amazon.com/athena/latest/ug/what-is.html"",""title"":""[1] What is Amazon Athena?"",""snippet"":""Overview of using Amazon Athena to query data in Amazon S3.""}]",1,req-290f1554cb0c
2026-05-22,prompt-logs/chat/2026/05/22/kiro_chat_prompt_log.json,What guardrails should we add so SRE investigations use tools first and only escalate to larger models when needed?,MANUAL,,d-92675051d5.838f6b85-1e72-4404-a193-f1b0dc79d107,2026-05-22T17:26:00Z,"Start with deterministic checks such as logs, metrics, config diffs, and runbooks. Escalate to a larger model only after those signals are summarized, and require the final prompt to include the incident scope and exact evidence instead of raw dumps.",Can you draft a hook policy that enforces that escalation pattern?,conv-b936cc5419,,[],[],0,req-2f203e559662
2026-05-22,prompt-logs/chat/2026/05/22/kiro_chat_prompt_log.json,Design an AI SDLC flow that gives us visibility into which orchestration steps are driving most of the Kiro usage.,MANUAL,,d-92675051d5.a9a3e94b-b147-4fb7-9934-f5ea941fd110,2026-05-22T16:35:00Z,"Label each step in the orchestration chain and persist request metadata with a workflow stage tag such as discovery, planning, implementation, review, or validation. With those tags you can attribute credits to the exact stage and then adjust routing or context budgets where the spikes occur.",What tags should we standardize on for multi-agent SDLC workflows?,conv-49ea9261e5,,[],"[{""uri"":""https://docs.aws.amazon.com/quicksight/latest/user/welcome.html"",""title"":""[1] Amazon QuickSight User Guide"",""snippet"":""Guidance for building dashboards and visual analyses in Amazon QuickSight.""}]",1,req-31915db74f2e
2026-05-22,prompt-logs/chat/2026/05/22/kiro_chat_prompt_log.json,What guardrails should we add so SRE investigations use tools first and only escalate to larger models when needed?,INLINE_CHAT,,d-92675051d5.838f6b85-1e72-4404-a193-f1b0dc79d107,2026-05-22T17:12:00Z,"Start with deterministic checks such as logs, metrics, config diffs, and runbooks. Escalate to a larger model only after those signals are summarized, and require the final prompt to include the incident scope and exact evidence instead of raw dumps.",Can you draft a hook policy that enforces that escalation pattern?,conv-a60b8b9b1a,,[],[],0,req-3763a6bca71e
2026-05-22,prompt-logs/chat/2026/05/22/kiro_chat_prompt_log.json,Review this modernization workflow and suggest how we should route simple code transforms versus deeper architecture questions to control Kiro credit usage.,MANUAL,,d-92675051d5.0ec463de-81c2-4f79-9d4c-029f7bb0f101,2026-05-22T10:06:00Z,Use a lighter default path for single-file transforms and reserve the higher-cost model only for cross-file refactors or design decisions. Add a first pass that trims unchanged files from context and sends documentation lookups to tools instead of the primary chat model.,"Can you turn that into a policy table for transform, review, and architecture tasks?",conv-e095aac1db,,[],"[{""uri"":""https://docs.aws.amazon.com/lambda/latest/dg/welcome.html"",""title"":""[1] AWS Lambda Developer Guide"",""snippet"":""Developer guide for building, deploying, and operating AWS Lambda functions.""}]",1,req-3dbb63ee44a6
2026-05-22,prompt-logs/chat/2026/05/22/kiro_chat_prompt_log.json,We need per-user cost visibility for analytics workflows. What should we capture so we can separate exploratory prompts from production dashboard work?,MANUAL,,d-92675051d5.4a0a1ddb-32de-4237-b40f-cbc81f6ae105,2026-05-22T09:04:00Z,"Track the user, conversation, trigger type, and whether the request was an ad hoc question, spec task, or tool-assisted workflow. That separation makes it easier to route exploratory work to smaller models and keep scheduled or governed work on stricter guardrails.",Can you suggest dashboard dimensions for exploratory versus governed analytics work?,conv-0da9d7610b,,[],"[{""uri"":""https://docs.aws.amazon.com/athena/latest/ug/what-is.html"",""title"":""[1] What is Amazon Athena?"",""snippet"":""Overview of using Amazon Athena to query data in Amazon S3.""}]",1,req-412e92f098d0
2026-05-22,prompt-logs/chat/2026/05/22/kiro_chat_prompt_log.json,We need per-user cost visibility for analytics workflows. What should we capture so we can separate exploratory prompts from production dashboard work?,MANUAL,,d-92675051d5.33a7a52f-dbf7-4f6b-89c9-43d30a61e104,2026-05-22T11:54:00Z,"Track the user, conversation, trigger type, and whether the request was an ad hoc question, spec task, or tool-assisted workflow. That separation makes it easier to route exploratory work to smaller models and keep scheduled or governed work on stricter guardrails.",Can you suggest dashboard dimensions for exploratory versus governed analytics work?,conv-0f1ce04845,,[],"[{""uri"":""https://docs.aws.amazon.com/athena/latest/ug/what-is.html"",""title"":""[1] What is Amazon Athena?"",""snippet"":""Overview of using Amazon Athena to query data in Amazon S3.""}]",1,req-41b4eb9e677c
2026-05-22,prompt-logs/chat/2026/05/22/kiro_chat_prompt_log.json,"Given this payment service refactor plan, where are we likely over-pulling context and increasing hallucination risk?",MANUAL,,d-92675051d5.0ec463de-81c2-4f79-9d4c-029f7bb0f101,2026-05-22T14:41:00Z,"The highest risk is sending every service, DTO, and migration file into the same request. Split discovery from implementation, summarize upstream contracts first, and only attach files directly relevant to the current change set.",What should the step-by-step agent flow look like after that split?,conv-e095aac1db,,[],[],0,req-447eea47b534
2026-05-22,prompt-logs/chat/2026/05/22/kiro_chat_prompt_log.json,"Given this payment service refactor plan, where are we likely over-pulling context and increasing hallucination risk?",INLINE_CHAT,,d-92675051d5.0ec463de-81c2-4f79-9d4c-029f7bb0f101,2026-05-22T09:13:00Z,"The highest risk is sending every service, DTO, and migration file into the same request. Split discovery from implementation, summarize upstream contracts first, and only attach files directly relevant to the current change set.",What should the step-by-step agent flow look like after that split?,conv-da97de30d2,,[],[],0,req-44e44dae2ea8
2026-05-22,prompt-logs/chat/2026/05/22/kiro_chat_prompt_log.json,We need per-user cost visibility for analytics workflows. What should we capture so we can separate exploratory prompts from production dashboard work?,MANUAL,,d-92675051d5.33a7a52f-dbf7-4f6b-89c9-43d30a61e104,2026-05-22T18:35:00Z,"Track the user, conversation, trigger type, and whether the request was an ad hoc question, spec task, or tool-assisted workflow. That separation makes it easier to route exploratory work to smaller models and keep scheduled or governed work on stricter guardrails.",Can you suggest dashboard dimensions for exploratory versus governed analytics work?,conv-96e840efc4,,[],"[{""uri"":""https://docs.aws.amazon.com/athena/latest/ug/what-is.html"",""title"":""[1] What is Amazon Athena?"",""snippet"":""Overview of using Amazon Athena to query data in Amazon S3.""}]",1,req-46df39f2851c
2026-05-22,prompt-logs/chat/2026/05/22/kiro_chat_prompt_log.json,"Given this payment service refactor plan, where are we likely over-pulling context and increasing hallucination risk?",INLINE_CHAT,,d-92675051d5.0ec463de-81c2-4f79-9d4c-029f7bb0f101,2026-05-22T10:58:00Z,"The highest risk is sending every service, DTO, and migration file into the same request. Split discovery from implementation, summarize upstream contracts first, and only attach files directly relevant to the current change set.",What should the step-by-step agent flow look like after that split?,conv-e429361cbc,,[],[],0,req-54b88c695bbb
2026-05-22,prompt-logs/chat/2026/05/22/kiro_chat_prompt_log.json,Design an AI SDLC flow that gives us visibility into which orchestration steps are driving most of the Kiro usage.,MANUAL,,d-92675051d5.59888cc4-2dac-4454-a84e-b7968ad4e112,2026-05-22T17:31:00Z,"Label each step in the orchestration chain and persist request metadata with a workflow stage tag such as discovery, planning, implementation, review, or validation. With those tags you can attribute credits to the exact stage and then adjust routing or context budgets where the spikes occur.",What tags should we standardize on for multi-agent SDLC workflows?,conv-b0ca64e91e,,[],"[{""uri"":""https://docs.aws.amazon.com/quicksight/latest/user/welcome.html"",""title"":""[1] Amazon QuickSight User Guide"",""snippet"":""Guidance for building dashboards and visual analyses in Amazon QuickSight.""}]",1,req-570a2724e05b
2026-05-22,prompt-logs/chat/2026/05/22/kiro_chat_prompt_log.json,Design an AI SDLC flow that gives us visibility into which orchestration steps are driving most of the Kiro usage.,MANUAL,,d-92675051d5.a9a3e94b-b147-4fb7-9934-f5ea941fd110,2026-05-22T17:22:00Z,"Label each step in the orchestration chain and persist request metadata with a workflow stage tag such as discovery, planning, implementation, review, or validation. With those tags you can attribute credits to the exact stage and then adjust routing or context budgets where the spikes occur.",What tags should we standardize on for multi-agent SDLC workflows?,conv-35bc72b4e5,,[],"[{""uri"":""https://docs.aws.amazon.com/quicksight/latest/user/welcome.html"",""title"":""[1] Amazon QuickSight User Guide"",""snippet"":""Guidance for building dashboards and visual analyses in Amazon QuickSight.""}]",1,req-587c27a1f463
2026-05-22,prompt-logs/chat/2026/05/22/kiro_chat_prompt_log.json,Review this modernization workflow and suggest how we should route simple code transforms versus deeper architecture questions to control Kiro credit usage.,INLINE_CHAT,,d-92675051d5.f12818d1-8f2c-4d54-9188-4f7224a4d103,2026-05-22T13:22:00Z,Use a lighter default path for single-file transforms and reserve the higher-cost model only for cross-file refactors or design decisions. Add a first pass that trims unchanged files from context and sends documentation lookups to tools instead of the primary chat model.,"Can you turn that into a policy table for transform, review, and architecture tasks?",conv-33327b0309,,[],"[{""uri"":""https://docs.aws.amazon.com/lambda/latest/dg/welcome.html"",""title"":""[1] AWS Lambda Developer Guide"",""snippet"":""Developer guide for building, deploying, and operating AWS Lambda functions.""}]",1,req-58e7f6420b6b
2026-05-22,prompt-logs/chat/2026/05/22/kiro_chat_prompt_log.json,"Given this payment service refactor plan, where are we likely over-pulling context and increasing hallucination risk?",MANUAL,,d-92675051d5.f12818d1-8f2c-4d54-9188-4f7224a4d103,2026-05-22T13:00:00Z,"The highest risk is sending every service, DTO, and migration file into the same request. Split discovery from implementation, summarize upstream contracts first, and only attach files directly relevant to the current change set.",What should the step-by-step agent flow look like after that split?,conv-29e01a1d5b,,[],[],0,req-5952078467ea
2026-05-22,prompt-logs/chat/2026/05/22/kiro_chat_prompt_log.json,"Given this payment service refactor plan, where are we likely over-pulling context and increasing hallucination risk?",MANUAL,,d-92675051d5.0ec463de-81c2-4f79-9d4c-029f7bb0f101,2026-05-22T09:03:00Z,"The highest risk is sending every service, DTO, and migration file into the same request. Split discovery from implementation, summarize upstream contracts first, and only attach files directly relevant to the current change set.",What should the step-by-step agent flow look like after that split?,conv-687b7664aa,,[],[],0,req-5a10d6aa90e4
2026-05-22,prompt-logs/chat/2026/05/22/kiro_chat_prompt_log.json,We need per-user cost visibility for analytics workflows. What should we capture so we can separate exploratory prompts from production dashboard work?,MANUAL,,d-92675051d5.33a7a52f-dbf7-4f6b-89c9-43d30a61e104,2026-05-22T11:50:00Z,"Track the user, conversation, trigger type, and whether the request was an ad hoc question, spec task, or tool-assisted workflow. That separation makes it easier to route exploratory work to smaller models and keep scheduled or governed work on stricter guardrails.",Can you suggest dashboard dimensions for exploratory versus governed analytics work?,conv-b9e4f13beb,,[],"[{""uri"":""https://docs.aws.amazon.com/athena/latest/ug/what-is.html"",""title"":""[1] What is Amazon Athena?"",""snippet"":""Overview of using Amazon Athena to query data in Amazon S3.""}]",1,req-5cc3bd8ab46c
2026-05-22,prompt-logs/chat/2026/05/22/kiro_chat_prompt_log.json,What guardrails should we add so SRE investigations use tools first and only escalate to larger models when needed?,INLINE_CHAT,,d-92675051d5.838f6b85-1e72-4404-a193-f1b0dc79d107,2026-05-22T12:25:00Z,"Start with deterministic checks such as logs, metrics, config diffs, and runbooks. Escalate to a larger model only after those signals are summarized, and require the final prompt to include the incident scope and exact evidence instead of raw dumps.",Can you draft a hook policy that enforces that escalation pattern?,conv-78253c1a48,,[],[],0,req-5d7bd5685d46
2026-05-22,prompt-logs/chat/2026/05/22/kiro_chat_prompt_log.json,What guardrails should we add so SRE investigations use tools first and only escalate to larger models when needed?,MANUAL,,d-92675051d5.838f6b85-1e72-4404-a193-f1b0dc79d107,2026-05-22T18:53:00Z,"Start with deterministic checks such as logs, metrics, config diffs, and runbooks. Escalate to a larger model only after those signals are summarized, and require the final prompt to include the incident scope and exact evidence instead of raw dumps.",Can you draft a hook policy that enforces that escalation pattern?,conv-5067ba6894,,[],[],0,req-5fba5a6f473a
2026-05-22,prompt-logs/chat/2026/05/22/kiro_chat_prompt_log.json,What guardrails should we add so SRE investigations use tools first and only escalate to larger models when needed?,INLINE_CHAT,,d-92675051d5.6273ba8a-bb02-425f-b443-3d4dcb2c9108,2026-05-22T10:48:00Z,"Start with deterministic checks such as logs, metrics, config diffs, and runbooks. Escalate to a larger model only after those signals are summarized, and require the final prompt to include the incident scope and exact evidence instead of raw dumps.",Can you draft a hook policy that enforces that escalation pattern?,conv-7fd94f3e4b,,[],[],0,req-64eb42ae7294
2026-05-22,prompt-logs/chat/2026/05/22/kiro_chat_prompt_log.json,We need per-user cost visibility for analytics workflows. What should we capture so we can separate exploratory prompts from production dashboard work?,MANUAL,,d-92675051d5.4a0a1ddb-32de-4237-b40f-cbc81f6ae105,2026-05-22T11:56:00Z,"Track the user, conversation, trigger type, and whether the request was an ad hoc question, spec task, or tool-assisted workflow. That separation makes it easier to route exploratory work to smaller models and keep scheduled or governed work on stricter guardrails.",Can you suggest dashboard dimensions for exploratory versus governed analytics work?,conv-bc00347361,,[],"[{""uri"":""https://docs.aws.amazon.com/athena/latest/ug/what-is.html"",""title"":""[1] What is Amazon Athena?"",""snippet"":""Overview of using Amazon Athena to query data in Amazon S3.""}]",1,req-6a0a44cd1f6e
2026-05-22,prompt-logs/chat/2026/05/22/kiro_chat_prompt_log.json,"Given this payment service refactor plan, where are we likely over-pulling context and increasing hallucination risk?",INLINE_CHAT,,d-92675051d5.0ec463de-81c2-4f79-9d4c-029f7bb0f101,2026-05-22T15:45:00Z,"The highest risk is sending every service, DTO, and migration file into the same request. Split discovery from implementation, summarize upstream contracts first, and only attach files directly relevant to the current change set.",What should the step-by-step agent flow look like after that split?,conv-bad9de400d,,[],[],0,req-7445f56075e1
2026-05-22,prompt-logs/chat/2026/05/22/kiro_chat_prompt_log.json,"Given this payment service refactor plan, where are we likely over-pulling context and increasing hallucination risk?",MANUAL,,d-92675051d5.0ec463de-81c2-4f79-9d4c-029f7bb0f101,2026-05-22T16:53:00Z,"The highest risk is sending every service, DTO, and migration file into the same request. Split discovery from implementation, summarize upstream contracts first, and only attach files directly relevant to the current change set.",What should the step-by-step agent flow look like after that split?,conv-687b7664aa,,[],[],0,req-7b82f9ac4f22
2026-05-22,prompt-logs/chat/2026/05/22/kiro_chat_prompt_log.json,We need per-user cost visibility for analytics workflows. What should we capture so we can separate exploratory prompts from production dashboard work?,MANUAL,,d-92675051d5.4a0a1ddb-32de-4237-b40f-cbc81f6ae105,2026-05-22T15:52:00Z,"Track the user, conversation, trigger type, and whether the request was an ad hoc question, spec task, or tool-assisted workflow. That separation makes it easier to route exploratory work to smaller models and keep scheduled or governed work on stricter guardrails.",Can you suggest dashboard dimensions for exploratory versus governed analytics work?,conv-77ecc50ecd,,[],"[{""uri"":""https://docs.aws.amazon.com/athena/latest/ug/what-is.html"",""title"":""[1] What is Amazon Athena?"",""snippet"":""Overview of using Amazon Athena to query data in Amazon S3.""}]",1,req-82a6049baded
2026-05-22,prompt-logs/chat/2026/05/22/kiro_chat_prompt_log.json,Design an AI SDLC flow that gives us visibility into which orchestration steps are driving most of the Kiro usage.,MANUAL,,d-92675051d5.a9a3e94b-b147-4fb7-9934-f5ea941fd110,2026-05-22T18:24:00Z,"Label each step in the orchestration chain and persist request metadata with a workflow stage tag such as discovery, planning, implementation, review, or validation. With those tags you can attribute credits to the exact stage and then adjust routing or context budgets where the spikes occur.",What tags should we standardize on for multi-agent SDLC workflows?,conv-6b74291df6,,[],"[{""uri"":""https://docs.aws.amazon.com/quicksight/latest/user/welcome.html"",""title"":""[1] Amazon QuickSight User Guide"",""snippet"":""Guidance for building dashboards and visual analyses in Amazon QuickSight.""}]",1,req-893af4bf5d74
2026-05-22,prompt-logs/chat/2026/05/22/kiro_chat_prompt_log.json,"Given this payment service refactor plan, where are we likely over-pulling context and increasing hallucination risk?",MANUAL,,d-92675051d5.0ec463de-81c2-4f79-9d4c-029f7bb0f101,2026-05-22T18:42:00Z,"The highest risk is sending every service, DTO, and migration file into the same request. Split discovery from implementation, summarize upstream contracts first, and only attach files directly relevant to the current change set.",What should the step-by-step agent flow look like after that split?,conv-e429361cbc,,[],[],0,req-8cf0517d0b63
2026-05-22,prompt-logs/chat/2026/05/22/kiro_chat_prompt_log.json,"Given this payment service refactor plan, where are we likely over-pulling context and increasing hallucination risk?",MANUAL,,d-92675051d5.0ec463de-81c2-4f79-9d4c-029f7bb0f101,2026-05-22T11:50:00Z,"The highest risk is sending every service, DTO, and migration file into the same request. Split discovery from implementation, summarize upstream contracts first, and only attach files directly relevant to the current change set.",What should the step-by-step agent flow look like after that split?,conv-bad9de400d,,[],[],0,req-99866ac214a1
2026-05-22,prompt-logs/chat/2026/05/22/kiro_chat_prompt_log.json,What guardrails should we add so SRE investigations use tools first and only escalate to larger models when needed?,MANUAL,,d-92675051d5.6273ba8a-bb02-425f-b443-3d4dcb2c9108,2026-05-22T17:34:00Z,"Start with deterministic checks such as logs, metrics, config diffs, and runbooks. Escalate to a larger model only after those signals are summarized, and require the final prompt to include the incident scope and exact evidence instead of raw dumps.",Can you draft a hook policy that enforces that escalation pattern?,conv-f7c2c0591a,,[],[],0,req-9cc7fc276e07
2026-05-22,prompt-logs/chat/2026/05/22/kiro_chat_prompt_log.json,"Given this payment service refactor plan, where are we likely over-pulling context and increasing hallucination risk?",INLINE_CHAT,,d-92675051d5.f12818d1-8f2c-4d54-9188-4f7224a4d103,2026-05-22T14:53:00Z,"The highest risk is sending every service, DTO, and migration file into the same request. Split discovery from implementation, summarize upstream contracts first, and only attach files directly relevant to the current change set.",What should the step-by-step agent flow look like after that split?,conv-5ddf288c7f,,[],[],0,req-a0e189234866
2026-05-22,prompt-logs/chat/2026/05/22/kiro_chat_prompt_log.json,We need per-user cost visibility for analytics workflows. What should we capture so we can separate exploratory prompts from production dashboard work?,MANUAL,,d-92675051d5.33a7a52f-dbf7-4f6b-89c9-43d30a61e104,2026-05-22T17:45:00Z,"Track the user, conversation, trigger type, and whether the request was an ad hoc question, spec task, or tool-assisted workflow. That separation makes it easier to route exploratory work to smaller models and keep scheduled or governed work on stricter guardrails.",Can you suggest dashboard dimensions for exploratory versus governed analytics work?,conv-81f6d8d2b1,,[],"[{""uri"":""https://docs.aws.amazon.com/athena/latest/ug/what-is.html"",""title"":""[1] What is Amazon Athena?"",""snippet"":""Overview of using Amazon Athena to query data in Amazon S3.""}]",1,req-a5d4f1672ed1
2026-05-22,prompt-logs/chat/2026/05/22/kiro_chat_prompt_log.json,Design an AI SDLC flow that gives us visibility into which orchestration steps are driving most of the Kiro usage.,MANUAL,,d-92675051d5.59888cc4-2dac-4454-a84e-b7968ad4e112,2026-05-22T10:24:00Z,"Label each step in the orchestration chain and persist request metadata with a workflow stage tag such as discovery, planning, implementation, review, or validation. With those tags you can attribute credits to the exact stage and then adjust routing or context budgets where the spikes occur.",What tags should we standardize on for multi-agent SDLC workflows?,conv-93461b1ed9,,[],"[{""uri"":""https://docs.aws.amazon.com/quicksight/latest/user/welcome.html"",""title"":""[1] Amazon QuickSight User Guide"",""snippet"":""Guidance for building dashboards and visual analyses in Amazon QuickSight.""}]",1,req-a8927c6d7e99
2026-05-22,prompt-logs/chat/2026/05/22/kiro_chat_prompt_log.json,Design an AI SDLC flow that gives us visibility into which orchestration steps are driving most of the Kiro usage.,MANUAL,,d-92675051d5.59888cc4-2dac-4454-a84e-b7968ad4e112,2026-05-22T18:23:00Z,"Label each step in the orchestration chain and persist request metadata with a workflow stage tag such as discovery, planning, implementation, review, or validation. With those tags you can attribute credits to the exact stage and then adjust routing or context budgets where the spikes occur.",What tags should we standardize on for multi-agent SDLC workflows?,conv-490ee39be0,,[],"[{""uri"":""https://docs.aws.amazon.com/quicksight/latest/user/welcome.html"",""title"":""[1] Amazon QuickSight User Guide"",""snippet"":""Guidance for building dashboards and visual analyses in Amazon QuickSight.""}]",1,req-ab2e74f0a6ce
2026-05-22,prompt-logs/chat/2026/05/22/kiro_chat_prompt_log.json,"Given this payment service refactor plan, where are we likely over-pulling context and increasing hallucination risk?",MANUAL,,d-92675051d5.f12818d1-8f2c-4d54-9188-4f7224a4d103,2026-05-22T17:00:00Z,"The highest risk is sending every service, DTO, and migration file into the same request. Split discovery from implementation, summarize upstream contracts first, and only attach files directly relevant to the current change set.",What should the step-by-step agent flow look like after that split?,conv-e0d356155d,,[],[],0,req-aff0383d9f30
2026-05-22,prompt-logs/chat/2026/05/22/kiro_chat_prompt_log.json,Design an AI SDLC flow that gives us visibility into which orchestration steps are driving most of the Kiro usage.,MANUAL,,d-92675051d5.a9a3e94b-b147-4fb7-9934-f5ea941fd110,2026-05-22T17:24:00Z,"Label each step in the orchestration chain and persist request metadata with a workflow stage tag such as discovery, planning, implementation, review, or validation. With those tags you can attribute credits to the exact stage and then adjust routing or context budgets where the spikes occur.",What tags should we standardize on for multi-agent SDLC workflows?,conv-49ea9261e5,,[],"[{""uri"":""https://docs.aws.amazon.com/quicksight/latest/user/welcome.html"",""title"":""[1] Amazon QuickSight User Guide"",""snippet"":""Guidance for building dashboards and visual analyses in Amazon QuickSight.""}]",1,req-b364917b6f50
2026-05-22,prompt-logs/chat/2026/05/22/kiro_chat_prompt_log.json,What guardrails should we add so SRE investigations use tools first and only escalate to larger models when needed?,MANUAL,,d-92675051d5.838f6b85-1e72-4404-a193-f1b0dc79d107,2026-05-22T15:39:00Z,"Start with deterministic checks such as logs, metrics, config diffs, and runbooks. Escalate to a larger model only after those signals are summarized, and require the final prompt to include the incident scope and exact evidence instead of raw dumps.",Can you draft a hook policy that enforces that escalation pattern?,conv-7aa3cc2df6,,[],[],0,req-b3c4d9011a77
2026-05-22,prompt-logs/chat/2026/05/22/kiro_chat_prompt_log.json,Design an AI SDLC flow that gives us visibility into which orchestration steps are driving most of the Kiro usage.,MANUAL,,d-92675051d5.a9a3e94b-b147-4fb7-9934-f5ea941fd110,2026-05-22T12:36:00Z,"Label each step in the orchestration chain and persist request metadata with a workflow stage tag such as discovery, planning, implementation, review, or validation. With those tags you can attribute credits to the exact stage and then adjust routing or context budgets where the spikes occur.",What tags should we standardize on for multi-agent SDLC workflows?,conv-6b74291df6,,[],"[{""uri"":""https://docs.aws.amazon.com/quicksight/latest/user/welcome.html"",""title"":""[1] Amazon QuickSight User Guide"",""snippet"":""Guidance for building dashboards and visual analyses in Amazon QuickSight.""}]",1,req-b4b5bb62015a
2026-05-22,prompt-logs/chat/2026/05/22/kiro_chat_prompt_log.json,We need per-user cost visibility for analytics workflows. What should we capture so we can separate exploratory prompts from production dashboard work?,MANUAL,,d-92675051d5.4a0a1ddb-32de-4237-b40f-cbc81f6ae105,2026-05-22T11:35:00Z,"Track the user, conversation, trigger type, and whether the request was an ad hoc question, spec task, or tool-assisted workflow. That separation makes it easier to route exploratory work to smaller models and keep scheduled or governed work on stricter guardrails.",Can you suggest dashboard dimensions for exploratory versus governed analytics work?,conv-77ecc50ecd,,[],"[{""uri"":""https://docs.aws.amazon.com/athena/latest/ug/what-is.html"",""title"":""[1] What is Amazon Athena?"",""snippet"":""Overview of using Amazon Athena to query data in Amazon S3.""}]",1,req-be24d7f41094
2026-05-22,prompt-logs/chat/2026/05/22/kiro_chat_prompt_log.json,We want to evaluate whether our guardrail prompts are too broad and causing unnecessary token usage. What is the fastest way to inspect that?,MANUAL,,d-92675051d5.9b1ac779-7da0-470f-bfd8-fba1849ca111,2026-05-22T16:06:00Z,"Compare the longest prompts against the workflows they serve and look for repeated policy text, duplicated file context, and tool instructions that never trigger. Move stable policy into hooks or reusable templates and keep run-specific prompts focused on the actual task.",Can you propose a prompt review checklist for cost and hallucination risk?,conv-8ed334ff0f,,[],[],0,req-bf0c88ff2801
2026-05-22,prompt-logs/chat/2026/05/22/kiro_chat_prompt_log.json,Design an AI SDLC flow that gives us visibility into which orchestration steps are driving most of the Kiro usage.,MANUAL,,d-92675051d5.a9a3e94b-b147-4fb7-9934-f5ea941fd110,2026-05-22T12:12:00Z,"Label each step in the orchestration chain and persist request metadata with a workflow stage tag such as discovery, planning, implementation, review, or validation. With those tags you can attribute credits to the exact stage and then adjust routing or context budgets where the spikes occur.",What tags should we standardize on for multi-agent SDLC workflows?,conv-040016a6c9,,[],"[{""uri"":""https://docs.aws.amazon.com/quicksight/latest/user/welcome.html"",""title"":""[1] Amazon QuickSight User Guide"",""snippet"":""Guidance for building dashboards and visual analyses in Amazon QuickSight.""}]",1,req-c1dd9b5739e3
2026-05-22,prompt-logs/chat/2026/05/22/kiro_chat_prompt_log.json,What guardrails should we add so SRE investigations use tools first and only escalate to larger models when needed?,MANUAL,,d-92675051d5.6273ba8a-bb02-425f-b443-3d4dcb2c9108,2026-05-22T17:38:00Z,"Start with deterministic checks such as logs, metrics, config diffs, and runbooks. Escalate to a larger model only after those signals are summarized, and require the final prompt to include the incident scope and exact evidence instead of raw dumps.",Can you draft a hook policy that enforces that escalation pattern?,conv-f7c2c0591a,,[],[],0,req-cbb83a494647
2026-05-22,prompt-logs/chat/2026/05/22/kiro_chat_prompt_log.json,What guardrails should we add so SRE investigations use tools first and only escalate to larger models when needed?,MANUAL,,d-92675051d5.6273ba8a-bb02-425f-b443-3d4dcb2c9108,2026-05-22T10:16:00Z,"Start with deterministic checks such as logs, metrics, config diffs, and runbooks. Escalate to a larger model only after those signals are summarized, and require the final prompt to include the incident scope and exact evidence instead of raw dumps.",Can you draft a hook policy that enforces that escalation pattern?,conv-304b6dcfe1,,[],[],0,req-cf4e5adb4af1
2026-05-22,prompt-logs/chat/2026/05/22/kiro_chat_prompt_log.json,Design an AI SDLC flow that gives us visibility into which orchestration steps are driving most of the Kiro usage.,MANUAL,,d-92675051d5.59888cc4-2dac-4454-a84e-b7968ad4e112,2026-05-22T18:31:00Z,"Label each step in the orchestration chain and persist request metadata with a workflow stage tag such as discovery, planning, implementation, review, or validation. With those tags you can attribute credits to the exact stage and then adjust routing or context budgets where the spikes occur.",What tags should we standardize on for multi-agent SDLC workflows?,conv-22a3cf13ee,,[],"[{""uri"":""https://docs.aws.amazon.com/quicksight/latest/user/welcome.html"",""title"":""[1] Amazon QuickSight User Guide"",""snippet"":""Guidance for building dashboards and visual analyses in Amazon QuickSight.""}]",1,req-d1aa0ef49fa1
2026-05-22,prompt-logs/chat/2026/05/22/kiro_chat_prompt_log.json,We want to evaluate whether our guardrail prompts are too broad and causing unnecessary token usage. What is the fastest way to inspect that?,MANUAL,,d-92675051d5.9b1ac779-7da0-470f-bfd8-fba1849ca111,2026-05-22T10:44:00Z,"Compare the longest prompts against the workflows they serve and look for repeated policy text, duplicated file context, and tool instructions that never trigger. Move stable policy into hooks or reusable templates and keep run-specific prompts focused on the actual task.",Can you propose a prompt review checklist for cost and hallucination risk?,conv-bdfad9100e,,[],[],0,req-d449a96091bb
2026-05-22,prompt-logs/chat/2026/05/22/kiro_chat_prompt_log.json,What guardrails should we add so SRE investigations use tools first and only escalate to larger models when needed?,INLINE_CHAT,,d-92675051d5.838f6b85-1e72-4404-a193-f1b0dc79d107,2026-05-22T14:51:00Z,"Start with deterministic checks such as logs, metrics, config diffs, and runbooks. Escalate to a larger model only after those signals are summarized, and require the final prompt to include the incident scope and exact evidence instead of raw dumps.",Can you draft a hook policy that enforces that escalation pattern?,conv-7aa3cc2df6,,[],[],0,req-d7a62317ed90
2026-05-22,prompt-logs/chat/2026/05/22/kiro_chat_prompt_log.json,What guardrails should we add so SRE investigations use tools first and only escalate to larger models when needed?,MANUAL,,d-92675051d5.3b537ba7-2c3b-4a6c-aec6-61e594bd1109,2026-05-22T10:32:00Z,"Start with deterministic checks such as logs, metrics, config diffs, and runbooks. Escalate to a larger model only after those signals are summarized, and require the final prompt to include the incident scope and exact evidence instead of raw dumps.",Can you draft a hook policy that enforces that escalation pattern?,conv-f928b06bcf,,[],[],0,req-d9f1b197386f
2026-05-22,prompt-logs/chat/2026/05/22/kiro_chat_prompt_log.json,Design an AI SDLC flow that gives us visibility into which orchestration steps are driving most of the Kiro usage.,MANUAL,,d-92675051d5.a9a3e94b-b147-4fb7-9934-f5ea941fd110,2026-05-22T11:03:00Z,"Label each step in the orchestration chain and persist request metadata with a workflow stage tag such as discovery, planning, implementation, review, or validation. With those tags you can attribute credits to the exact stage and then adjust routing or context budgets where the spikes occur.",What tags should we standardize on for multi-agent SDLC workflows?,conv-944cc27f2c,,[],"[{""uri"":""https://docs.aws.amazon.com/quicksight/latest/user/welcome.html"",""title"":""[1] Amazon QuickSight User Guide"",""snippet"":""Guidance for building dashboards and visual analyses in Amazon QuickSight.""}]",1,req-daaccb14905d
2026-05-22,prompt-logs/chat/2026/05/22/kiro_chat_prompt_log.json,What guardrails should we add so SRE investigations use tools first and only escalate to larger models when needed?,MANUAL,,d-92675051d5.6273ba8a-bb02-425f-b443-3d4dcb2c9108,2026-05-22T13:32:00Z,"Start with deterministic checks such as logs, metrics, config diffs, and runbooks. Escalate to a larger model only after those signals are summarized, and require the final prompt to include the incident scope and exact evidence instead of raw dumps.",Can you draft a hook policy that enforces that escalation pattern?,conv-c233114f08,,[],[],0,req-dca940cb0c4c
2026-05-22,prompt-logs/chat/2026/05/22/kiro_chat_prompt_log.json,We need per-user cost visibility for analytics workflows. What should we capture so we can separate exploratory prompts from production dashboard work?,MANUAL,,d-92675051d5.4a0a1ddb-32de-4237-b40f-cbc81f6ae105,2026-05-22T12:13:00Z,"Track the user, conversation, trigger type, and whether the request was an ad hoc question, spec task, or tool-assisted workflow. That separation makes it easier to route exploratory work to smaller models and keep scheduled or governed work on stricter guardrails.",Can you suggest dashboard dimensions for exploratory versus governed analytics work?,conv-bc00347361,,[],"[{""uri"":""https://docs.aws.amazon.com/athena/latest/ug/what-is.html"",""title"":""[1] What is Amazon Athena?"",""snippet"":""Overview of using Amazon Athena to query data in Amazon S3.""}]",1,req-dce745ea3072
2026-05-22,prompt-logs/chat/2026/05/22/kiro_chat_prompt_log.json,Design an AI SDLC flow that gives us visibility into which orchestration steps are driving most of the Kiro usage.,MANUAL,,d-92675051d5.59888cc4-2dac-4454-a84e-b7968ad4e112,2026-05-22T11:36:00Z,"Label each step in the orchestration chain and persist request metadata with a workflow stage tag such as discovery, planning, implementation, review, or validation. With those tags you can attribute credits to the exact stage and then adjust routing or context budgets where the spikes occur.",What tags should we standardize on for multi-agent SDLC workflows?,conv-dc722c94a0,,[],"[{""uri"":""https://docs.aws.amazon.com/quicksight/latest/user/welcome.html"",""title"":""[1] Amazon QuickSight User Guide"",""snippet"":""Guidance for building dashboards and visual analyses in Amazon QuickSight.""}]",1,req-de76f533135c
2026-05-22,prompt-logs/chat/2026/05/22/kiro_chat_prompt_log.json,We need per-user cost visibility for analytics workflows. What should we capture so we can separate exploratory prompts from production dashboard work?,MANUAL,,d-92675051d5.4a0a1ddb-32de-4237-b40f-cbc81f6ae105,2026-05-22T16:01:00Z,"Track the user, conversation, trigger type, and whether the request was an ad hoc question, spec task, or tool-assisted workflow. That separation makes it easier to route exploratory work to smaller models and keep scheduled or governed work on stricter guardrails.",Can you suggest dashboard dimensions for exploratory versus governed analytics work?,conv-6f81a6c5c1,,[],"[{""uri"":""https://docs.aws.amazon.com/athena/latest/ug/what-is.html"",""title"":""[1] What is Amazon Athena?"",""snippet"":""Overview of using Amazon Athena to query data in Amazon S3.""}]",1,req-e5abf5b94c07
2026-05-22,prompt-logs/chat/2026/05/22/kiro_chat_prompt_log.json,Design an AI SDLC flow that gives us visibility into which orchestration steps are driving most of the Kiro usage.,MANUAL,,d-92675051d5.a9a3e94b-b147-4fb7-9934-f5ea941fd110,2026-05-22T10:42:00Z,"Label each step in the orchestration chain and persist request metadata with a workflow stage tag such as discovery, planning, implementation, review, or validation. With those tags you can attribute credits to the exact stage and then adjust routing or context budgets where the spikes occur.",What tags should we standardize on for multi-agent SDLC workflows?,conv-944cc27f2c,,[],"[{""uri"":""https://docs.aws.amazon.com/quicksight/latest/user/welcome.html"",""title"":""[1] Amazon QuickSight User Guide"",""snippet"":""Guidance for building dashboards and visual analyses in Amazon QuickSight.""}]",1,req-e7891773f63a
2026-05-22,prompt-logs/chat/2026/05/22/kiro_chat_prompt_log.json,What guardrails should we add so SRE investigations use tools first and only escalate to larger models when needed?,INLINE_CHAT,,d-92675051d5.838f6b85-1e72-4404-a193-f1b0dc79d107,2026-05-22T13:07:00Z,"Start with deterministic checks such as logs, metrics, config diffs, and runbooks. Escalate to a larger model only after those signals are summarized, and require the final prompt to include the incident scope and exact evidence instead of raw dumps.",Can you draft a hook policy that enforces that escalation pattern?,conv-78253c1a48,,[],[],0,req-eb6538da9228
2026-05-22,prompt-logs/chat/2026/05/22/kiro_chat_prompt_log.json,What guardrails should we add so SRE investigations use tools first and only escalate to larger models when needed?,MANUAL,,d-92675051d5.6273ba8a-bb02-425f-b443-3d4dcb2c9108,2026-05-22T15:06:00Z,"Start with deterministic checks such as logs, metrics, config diffs, and runbooks. Escalate to a larger model only after those signals are summarized, and require the final prompt to include the incident scope and exact evidence instead of raw dumps.",Can you draft a hook policy that enforces that escalation pattern?,conv-304b6dcfe1,,[],[],0,req-ecf6353f9806
2026-05-22,prompt-logs/chat/2026/05/22/kiro_chat_prompt_log.json,"Given this payment service refactor plan, where are we likely over-pulling context and increasing hallucination risk?",MANUAL,,d-92675051d5.f12818d1-8f2c-4d54-9188-4f7224a4d103,2026-05-22T09:13:00Z,"The highest risk is sending every service, DTO, and migration file into the same request. Split discovery from implementation, summarize upstream contracts first, and only attach files directly relevant to the current change set.",What should the step-by-step agent flow look like after that split?,conv-e881eb2b83,,[],[],0,req-fae0d7e797e2
2026-05-22,prompt-logs/chat/2026/05/22/kiro_chat_prompt_log.json,We want to evaluate whether our guardrail prompts are too broad and causing unnecessary token usage. What is the fastest way to inspect that?,MANUAL,,d-92675051d5.9b1ac779-7da0-470f-bfd8-fba1849ca111,2026-05-22T17:19:00Z,"Compare the longest prompts against the workflows they serve and look for repeated policy text, duplicated file context, and tool instructions that never trigger. Move stable policy into hooks or reusable templates and keep run-specific prompts focused on the actual task.",Can you propose a prompt review checklist for cost and hallucination risk?,conv-9871a22818,,[],[],0,req-fcc84fd957a2
2026-05-22,prompt-logs/chat/2026/05/22/kiro_chat_prompt_log.json,"Given this payment service refactor plan, where are we likely over-pulling context and increasing hallucination risk?",MANUAL,,d-92675051d5.0ec463de-81c2-4f79-9d4c-029f7bb0f101,2026-05-22T14:43:00Z,"The highest risk is sending every service, DTO, and migration file into the same request. Split discovery from implementation, summarize upstream contracts first, and only attach files directly relevant to the current change set.",What should the step-by-step agent flow look like after that split?,conv-da97de30d2,,[],[],0,req-fec343fb0c0f
2026-05-22,prompt-logs/chat/2026/05/22/kiro_chat_prompt_log.json,We want to evaluate whether our guardrail prompts are too broad and causing unnecessary token usage. What is the fastest way to inspect that?,MANUAL,,d-92675051d5.9b1ac779-7da0-470f-bfd8-fba1849ca111,2026-05-22T16:48:00Z,"Compare the longest prompts against the workflows they serve and look for repeated policy text, duplicated file context, and tool instructions that never trigger. Move stable policy into hooks or reusable templates and keep run-specific prompts focused on the actual task.",Can you propose a prompt review checklist for cost and hallucination risk?,conv-eea535549e,,[],[],0,req-ffd22331d22f
2026-05-23,prompt-logs/chat/2026/05/23/kiro_chat_prompt_log.json,"Given this payment service refactor plan, where are we likely over-pulling context and increasing hallucination risk?",MANUAL,,d-92675051d5.0ec463de-81c2-4f79-9d4c-029f7bb0f101,2026-05-23T13:28:00Z,"The highest risk is sending every service, DTO, and migration file into the same request. Split discovery from implementation, summarize upstream contracts first, and only attach files directly relevant to the current change set.",What should the step-by-step agent flow look like after that split?,conv-98d4570c6c,,[],[],0,req-09a60fdbafec
2026-05-23,prompt-logs/chat/2026/05/23/kiro_chat_prompt_log.json,Review this modernization workflow and suggest how we should route simple code transforms versus deeper architecture questions to control Kiro credit usage.,MANUAL,,d-92675051d5.0ec463de-81c2-4f79-9d4c-029f7bb0f101,2026-05-23T13:50:00Z,Use a lighter default path for single-file transforms and reserve the higher-cost model only for cross-file refactors or design decisions. Add a first pass that trims unchanged files from context and sends documentation lookups to tools instead of the primary chat model.,"Can you turn that into a policy table for transform, review, and architecture tasks?",conv-a727a6c2d7,,[],"[{""uri"":""https://docs.aws.amazon.com/lambda/latest/dg/welcome.html"",""title"":""[1] AWS Lambda Developer Guide"",""snippet"":""Developer guide for building, deploying, and operating AWS Lambda functions.""}]",1,req-52053a2a4639
2026-05-23,prompt-logs/chat/2026/05/23/kiro_chat_prompt_log.json,Design an AI SDLC flow that gives us visibility into which orchestration steps are driving most of the Kiro usage.,MANUAL,,d-92675051d5.59888cc4-2dac-4454-a84e-b7968ad4e112,2026-05-23T18:41:00Z,"Label each step in the orchestration chain and persist request metadata with a workflow stage tag such as discovery, planning, implementation, review, or validation. With those tags you can attribute credits to the exact stage and then adjust routing or context budgets where the spikes occur.",What tags should we standardize on for multi-agent SDLC workflows?,conv-426ea9b05b,,[],"[{""uri"":""https://docs.aws.amazon.com/quicksight/latest/user/welcome.html"",""title"":""[1] Amazon QuickSight User Guide"",""snippet"":""Guidance for building dashboards and visual analyses in Amazon QuickSight.""}]",1,req-56751bc963a9
2026-05-23,prompt-logs/chat/2026/05/23/kiro_chat_prompt_log.json,Help me reduce credit burn in our automated test-generation loop without losing coverage.,MANUAL,,d-92675051d5.797d1e6c-6d5f-41a9-8dc7-53d2ef14e102,2026-05-23T12:12:00Z,"Generate a lightweight test plan first, then ask Kiro to produce tests only for the selected cases. Reuse repository summaries across runs and gate expensive review passes behind coverage or failure thresholds.","Can you show a low-cost orchestration pattern for plan, generate, and review?",conv-881065cfa8,,[],[],0,req-65844fa67cf0
2026-05-23,prompt-logs/chat/2026/05/23/kiro_chat_prompt_log.json,"Given this payment service refactor plan, where are we likely over-pulling context and increasing hallucination risk?",MANUAL,,d-92675051d5.0ec463de-81c2-4f79-9d4c-029f7bb0f101,2026-05-23T17:01:00Z,"The highest risk is sending every service, DTO, and migration file into the same request. Split discovery from implementation, summarize upstream contracts first, and only attach files directly relevant to the current change set.",What should the step-by-step agent flow look like after that split?,conv-c7df4491a6,,[],[],0,req-671fbc69abb7
2026-05-23,prompt-logs/chat/2026/05/23/kiro_chat_prompt_log.json,Review this modernization workflow and suggest how we should route simple code transforms versus deeper architecture questions to control Kiro credit usage.,MANUAL,,d-92675051d5.0ec463de-81c2-4f79-9d4c-029f7bb0f101,2026-05-23T17:34:00Z,Use a lighter default path for single-file transforms and reserve the higher-cost model only for cross-file refactors or design decisions. Add a first pass that trims unchanged files from context and sends documentation lookups to tools instead of the primary chat model.,"Can you turn that into a policy table for transform, review, and architecture tasks?",conv-98d4570c6c,,[],"[{""uri"":""https://docs.aws.amazon.com/lambda/latest/dg/welcome.html"",""title"":""[1] AWS Lambda Developer Guide"",""snippet"":""Developer guide for building, deploying, and operating AWS Lambda functions.""}]",1,req-67ce8624aaaf
2026-05-23,prompt-logs/chat/2026/05/23/kiro_chat_prompt_log.json,"Given this payment service refactor plan, where are we likely over-pulling context and increasing hallucination risk?",MANUAL,,d-92675051d5.0ec463de-81c2-4f79-9d4c-029f7bb0f101,2026-05-23T12:02:00Z,"The highest risk is sending every service, DTO, and migration file into the same request. Split discovery from implementation, summarize upstream contracts first, and only attach files directly relevant to the current change set.",What should the step-by-step agent flow look like after that split?,conv-c73d206b5a,,[],[],0,req-977d2f39a855
2026-05-23,prompt-logs/chat/2026/05/23/kiro_chat_prompt_log.json,"Given this payment service refactor plan, where are we likely over-pulling context and increasing hallucination risk?",MANUAL,,d-92675051d5.0ec463de-81c2-4f79-9d4c-029f7bb0f101,2026-05-23T11:08:00Z,"The highest risk is sending every service, DTO, and migration file into the same request. Split discovery from implementation, summarize upstream contracts first, and only attach files directly relevant to the current change set.",What should the step-by-step agent flow look like after that split?,conv-95245e03d5,,[],[],0,req-aa37fe8da372
2026-05-23,prompt-logs/chat/2026/05/23/kiro_chat_prompt_log.json,"Given this payment service refactor plan, where are we likely over-pulling context and increasing hallucination risk?",MANUAL,,d-92675051d5.0ec463de-81c2-4f79-9d4c-029f7bb0f101,2026-05-23T15:51:00Z,"The highest risk is sending every service, DTO, and migration file into the same request. Split discovery from implementation, summarize upstream contracts first, and only attach files directly relevant to the current change set.",What should the step-by-step agent flow look like after that split?,conv-c7df4491a6,,[],[],0,req-d192981e2225
2026-05-23,prompt-logs/chat/2026/05/23/kiro_chat_prompt_log.json,Design an AI SDLC flow that gives us visibility into which orchestration steps are driving most of the Kiro usage.,MANUAL,,d-92675051d5.59888cc4-2dac-4454-a84e-b7968ad4e112,2026-05-23T15:54:00Z,"Label each step in the orchestration chain and persist request metadata with a workflow stage tag such as discovery, planning, implementation, review, or validation. With those tags you can attribute credits to the exact stage and then adjust routing or context budgets where the spikes occur.",What tags should we standardize on for multi-agent SDLC workflows?,conv-9d14976218,,[],"[{""uri"":""https://docs.aws.amazon.com/quicksight/latest/user/welcome.html"",""title"":""[1] Amazon QuickSight User Guide"",""snippet"":""Guidance for building dashboards and visual analyses in Amazon QuickSight.""}]",1,req-d2a34661c351
2026-05-23,prompt-logs/chat/2026/05/23/kiro_chat_prompt_log.json,What guardrails should we add so SRE investigations use tools first and only escalate to larger models when needed?,MANUAL,,d-92675051d5.3b537ba7-2c3b-4a6c-aec6-61e594bd1109,2026-05-23T14:20:00Z,"Start with deterministic checks such as logs, metrics, config diffs, and runbooks. Escalate to a larger model only after those signals are summarized, and require the final prompt to include the incident scope and exact evidence instead of raw dumps.",Can you draft a hook policy that enforces that escalation pattern?,conv-28a2680fcc,,[],[],0,req-e596840cf019
2026-05-23,prompt-logs/chat/2026/05/23/kiro_chat_prompt_log.json,What guardrails should we add so SRE investigations use tools first and only escalate to larger models when needed?,MANUAL,,d-92675051d5.3b537ba7-2c3b-4a6c-aec6-61e594bd1109,2026-05-23T16:50:00Z,"Start with deterministic checks such as logs, metrics, config diffs, and runbooks. Escalate to a larger model only after those signals are summarized, and require the final prompt to include the incident scope and exact evidence instead of raw dumps.",Can you draft a hook policy that enforces that escalation pattern?,conv-28a2680fcc,,[],[],0,req-ea80963c169b
2026-05-23,prompt-logs/chat/2026/05/23/kiro_chat_prompt_log.json,Review this modernization workflow and suggest how we should route simple code transforms versus deeper architecture questions to control Kiro credit usage.,MANUAL,,d-92675051d5.0ec463de-81c2-4f79-9d4c-029f7bb0f101,2026-05-23T11:52:00Z,Use a lighter default path for single-file transforms and reserve the higher-cost model only for cross-file refactors or design decisions. Add a first pass that trims unchanged files from context and sends documentation lookups to tools instead of the primary chat model.,"Can you turn that into a policy table for transform, review, and architecture tasks?",conv-95245e03d5,,[],"[{""uri"":""https://docs.aws.amazon.com/lambda/latest/dg/welcome.html"",""title"":""[1] AWS Lambda Developer Guide"",""snippet"":""Developer guide for building, deploying, and operating AWS Lambda functions.""}]",1,req-ed751cc01da9
2026-05-23,prompt-logs/chat/2026/05/23/kiro_chat_prompt_log.json,Design an AI SDLC flow that gives us visibility into which orchestration steps are driving most of the Kiro usage.,MANUAL,,d-92675051d5.59888cc4-2dac-4454-a84e-b7968ad4e112,2026-05-23T15:58:00Z,"Label each step in the orchestration chain and persist request metadata with a workflow stage tag such as discovery, planning, implementation, review, or validation. With those tags you can attribute credits to the exact stage and then adjust routing or context budgets where the spikes occur.",What tags should we standardize on for multi-agent SDLC workflows?,conv-9d14976218,,[],"[{""uri"":""https://docs.aws.amazon.com/quicksight/latest/user/welcome.html"",""title"":""[1] Amazon QuickSight User Guide"",""snippet"":""Guidance for building dashboards and visual analyses in Amazon QuickSight.""}]",1,req-fa63863e93bb
2026-05-23,prompt-logs/chat/2026/05/23/kiro_chat_prompt_log.json,Help me reduce credit burn in our automated test-generation loop without losing coverage.,MANUAL,,d-92675051d5.797d1e6c-6d5f-41a9-8dc7-53d2ef14e102,2026-05-23T17:54:00Z,"Generate a lightweight test plan first, then ask Kiro to produce tests only for the selected cases. Reuse repository summaries across runs and gate expensive review passes behind coverage or failure thresholds.","Can you show a low-cost orchestration pattern for plan, generate, and review?",conv-bcc937c509,,[],[],0,req-ff6365967711
2026-05-24,prompt-logs/chat/2026/05/24/kiro_chat_prompt_log.json,What guardrails should we add so SRE investigations use tools first and only escalate to larger models when needed?,MANUAL,,d-92675051d5.6273ba8a-bb02-425f-b443-3d4dcb2c9108,2026-05-24T14:14:00Z,"Start with deterministic checks such as logs, metrics, config diffs, and runbooks. Escalate to a larger model only after those signals are summarized, and require the final prompt to include the incident scope and exact evidence instead of raw dumps.",Can you draft a hook policy that enforces that escalation pattern?,conv-a055febf47,,[],[],0,req-02ad0ab25ab7
2026-05-24,prompt-logs/chat/2026/05/24/kiro_chat_prompt_log.json,Design an AI SDLC flow that gives us visibility into which orchestration steps are driving most of the Kiro usage.,MANUAL,,d-92675051d5.59888cc4-2dac-4454-a84e-b7968ad4e112,2026-05-24T14:53:00Z,"Label each step in the orchestration chain and persist request metadata with a workflow stage tag such as discovery, planning, implementation, review, or validation. With those tags you can attribute credits to the exact stage and then adjust routing or context budgets where the spikes occur.",What tags should we standardize on for multi-agent SDLC workflows?,conv-bf7789a4f4,,[],"[{""uri"":""https://docs.aws.amazon.com/quicksight/latest/user/welcome.html"",""title"":""[1] Amazon QuickSight User Guide"",""snippet"":""Guidance for building dashboards and visual analyses in Amazon QuickSight.""}]",1,req-114f5df8051c
2026-05-24,prompt-logs/chat/2026/05/24/kiro_chat_prompt_log.json,Design an AI SDLC flow that gives us visibility into which orchestration steps are driving most of the Kiro usage.,MANUAL,,d-92675051d5.a9a3e94b-b147-4fb7-9934-f5ea941fd110,2026-05-24T15:58:00Z,"Label each step in the orchestration chain and persist request metadata with a workflow stage tag such as discovery, planning, implementation, review, or validation. With those tags you can attribute credits to the exact stage and then adjust routing or context budgets where the spikes occur.",What tags should we standardize on for multi-agent SDLC workflows?,conv-0586fae4d2,,[],"[{""uri"":""https://docs.aws.amazon.com/quicksight/latest/user/welcome.html"",""title"":""[1] Amazon QuickSight User Guide"",""snippet"":""Guidance for building dashboards and visual analyses in Amazon QuickSight.""}]",1,req-2cbd8c3f4939
2026-05-24,prompt-logs/chat/2026/05/24/kiro_chat_prompt_log.json,What guardrails should we add so SRE investigations use tools first and only escalate to larger models when needed?,MANUAL,,d-92675051d5.6273ba8a-bb02-425f-b443-3d4dcb2c9108,2026-05-24T15:24:00Z,"Start with deterministic checks such as logs, metrics, config diffs, and runbooks. Escalate to a larger model only after those signals are summarized, and require the final prompt to include the incident scope and exact evidence instead of raw dumps.",Can you draft a hook policy that enforces that escalation pattern?,conv-a055febf47,,[],[],0,req-4966bdf8efdd
2026-05-24,prompt-logs/chat/2026/05/24/kiro_chat_prompt_log.json,Design an AI SDLC flow that gives us visibility into which orchestration steps are driving most of the Kiro usage.,MANUAL,,d-92675051d5.a9a3e94b-b147-4fb7-9934-f5ea941fd110,2026-05-24T16:46:00Z,"Label each step in the orchestration chain and persist request metadata with a workflow stage tag such as discovery, planning, implementation, review, or validation. With those tags you can attribute credits to the exact stage and then adjust routing or context budgets where the spikes occur.",What tags should we standardize on for multi-agent SDLC workflows?,conv-ea3bde4560,,[],"[{""uri"":""https://docs.aws.amazon.com/quicksight/latest/user/welcome.html"",""title"":""[1] Amazon QuickSight User Guide"",""snippet"":""Guidance for building dashboards and visual analyses in Amazon QuickSight.""}]",1,req-855262aa9f85
2026-05-24,prompt-logs/chat/2026/05/24/kiro_chat_prompt_log.json,Design an AI SDLC flow that gives us visibility into which orchestration steps are driving most of the Kiro usage.,MANUAL,,d-92675051d5.a9a3e94b-b147-4fb7-9934-f5ea941fd110,2026-05-24T11:13:00Z,"Label each step in the orchestration chain and persist request metadata with a workflow stage tag such as discovery, planning, implementation, review, or validation. With those tags you can attribute credits to the exact stage and then adjust routing or context budgets where the spikes occur.",What tags should we standardize on for multi-agent SDLC workflows?,conv-90c7ad0da6,,[],"[{""uri"":""https://docs.aws.amazon.com/quicksight/latest/user/welcome.html"",""title"":""[1] Amazon QuickSight User Guide"",""snippet"":""Guidance for building dashboards and visual analyses in Amazon QuickSight.""}]",1,req-85f2a892dae1
2026-05-24,prompt-logs/chat/2026/05/24/kiro_chat_prompt_log.json,What guardrails should we add so SRE investigations use tools first and only escalate to larger models when needed?,INLINE_CHAT,,d-92675051d5.838f6b85-1e72-4404-a193-f1b0dc79d107,2026-05-24T11:01:00Z,"Start with deterministic checks such as logs, metrics, config diffs, and runbooks. Escalate to a larger model only after those signals are summarized, and require the final prompt to include the incident scope and exact evidence instead of raw dumps.",Can you draft a hook policy that enforces that escalation pattern?,conv-c316a52c7b,,[],[],0,req-bc8f35af2b41
2026-05-24,prompt-logs/chat/2026/05/24/kiro_chat_prompt_log.json,Design an AI SDLC flow that gives us visibility into which orchestration steps are driving most of the Kiro usage.,MANUAL,,d-92675051d5.59888cc4-2dac-4454-a84e-b7968ad4e112,2026-05-24T14:11:00Z,"Label each step in the orchestration chain and persist request metadata with a workflow stage tag such as discovery, planning, implementation, review, or validation. With those tags you can attribute credits to the exact stage and then adjust routing or context budgets where the spikes occur.",What tags should we standardize on for multi-agent SDLC workflows?,conv-119c551d88,,[],"[{""uri"":""https://docs.aws.amazon.com/quicksight/latest/user/welcome.html"",""title"":""[1] Amazon QuickSight User Guide"",""snippet"":""Guidance for building dashboards and visual analyses in Amazon QuickSight.""}]",1,req-ea8619558bca
2026-05-25,prompt-logs/chat/2026/05/25/kiro_chat_prompt_log.json,Review this modernization workflow and suggest how we should route simple code transforms versus deeper architecture questions to control Kiro credit usage.,MANUAL,,d-92675051d5.0ec463de-81c2-4f79-9d4c-029f7bb0f101,2026-05-25T16:55:00Z,Use a lighter default path for single-file transforms and reserve the higher-cost model only for cross-file refactors or design decisions. Add a first pass that trims unchanged files from context and sends documentation lookups to tools instead of the primary chat model.,"Can you turn that into a policy table for transform, review, and architecture tasks?",conv-e689e48c52,,[],"[{""uri"":""https://docs.aws.amazon.com/lambda/latest/dg/welcome.html"",""title"":""[1] AWS Lambda Developer Guide"",""snippet"":""Developer guide for building, deploying, and operating AWS Lambda functions.""}]",1,req-0265307050c9
2026-05-25,prompt-logs/chat/2026/05/25/kiro_chat_prompt_log.json,Help me reduce credit burn in our automated test-generation loop without losing coverage.,MANUAL,,d-92675051d5.797d1e6c-6d5f-41a9-8dc7-53d2ef14e102,2026-05-25T17:19:00Z,"Generate a lightweight test plan first, then ask Kiro to produce tests only for the selected cases. Reuse repository summaries across runs and gate expensive review passes behind coverage or failure thresholds.","Can you show a low-cost orchestration pattern for plan, generate, and review?",conv-9279a712c4,,[],[],0,req-0fd32af56f17
2026-05-25,prompt-logs/chat/2026/05/25/kiro_chat_prompt_log.json,"Given this payment service refactor plan, where are we likely over-pulling context and increasing hallucination risk?",MANUAL,,d-92675051d5.0ec463de-81c2-4f79-9d4c-029f7bb0f101,2026-05-25T14:15:00Z,"The highest risk is sending every service, DTO, and migration file into the same request. Split discovery from implementation, summarize upstream contracts first, and only attach files directly relevant to the current change set.",What should the step-by-step agent flow look like after that split?,conv-7a2c0b4d59,,[],[],0,req-11e009c9e62f
2026-05-25,prompt-logs/chat/2026/05/25/kiro_chat_prompt_log.json,What guardrails should we add so SRE investigations use tools first and only escalate to larger models when needed?,MANUAL,,d-92675051d5.6273ba8a-bb02-425f-b443-3d4dcb2c9108,2026-05-25T13:08:00Z,"Start with deterministic checks such as logs, metrics, config diffs, and runbooks. Escalate to a larger model only after those signals are summarized, and require the final prompt to include the incident scope and exact evidence instead of raw dumps.",Can you draft a hook policy that enforces that escalation pattern?,conv-4aa85eb2b6,,[],[],0,req-17759110f187
2026-05-25,prompt-logs/chat/2026/05/25/kiro_chat_prompt_log.json,Help me reduce credit burn in our automated test-generation loop without losing coverage.,MANUAL,,d-92675051d5.797d1e6c-6d5f-41a9-8dc7-53d2ef14e102,2026-05-25T09:02:00Z,"Generate a lightweight test plan first, then ask Kiro to produce tests only for the selected cases. Reuse repository summaries across runs and gate expensive review passes behind coverage or failure thresholds.","Can you show a low-cost orchestration pattern for plan, generate, and review?",conv-7589d43622,,[],[],0,req-1f4aebb5b80b
2026-05-25,prompt-logs/chat/2026/05/25/kiro_chat_prompt_log.json,We want to evaluate whether our guardrail prompts are too broad and causing unnecessary token usage. What is the fastest way to inspect that?,INLINE_CHAT,,d-92675051d5.9b1ac779-7da0-470f-bfd8-fba1849ca111,2026-05-25T17:41:00Z,"Compare the longest prompts against the workflows they serve and look for repeated policy text, duplicated file context, and tool instructions that never trigger. Move stable policy into hooks or reusable templates and keep run-specific prompts focused on the actual task.",Can you propose a prompt review checklist for cost and hallucination risk?,conv-bbd1844a96,,[],[],0,req-269b86b53929
2026-05-25,prompt-logs/chat/2026/05/25/kiro_chat_prompt_log.json,Design an AI SDLC flow that gives us visibility into which orchestration steps are driving most of the Kiro usage.,MANUAL,,d-92675051d5.a9a3e94b-b147-4fb7-9934-f5ea941fd110,2026-05-25T14:16:00Z,"Label each step in the orchestration chain and persist request metadata with a workflow stage tag such as discovery, planning, implementation, review, or validation. With those tags you can attribute credits to the exact stage and then adjust routing or context budgets where the spikes occur.",What tags should we standardize on for multi-agent SDLC workflows?,conv-cdc1af5f44,,[],"[{""uri"":""https://docs.aws.amazon.com/quicksight/latest/user/welcome.html"",""title"":""[1] Amazon QuickSight User Guide"",""snippet"":""Guidance for building dashboards and visual analyses in Amazon QuickSight.""}]",1,req-274fe01c2935
2026-05-25,prompt-logs/chat/2026/05/25/kiro_chat_prompt_log.json,Review this modernization workflow and suggest how we should route simple code transforms versus deeper architecture questions to control Kiro credit usage.,MANUAL,,d-92675051d5.0ec463de-81c2-4f79-9d4c-029f7bb0f101,2026-05-25T11:05:00Z,Use a lighter default path for single-file transforms and reserve the higher-cost model only for cross-file refactors or design decisions. Add a first pass that trims unchanged files from context and sends documentation lookups to tools instead of the primary chat model.,"Can you turn that into a policy table for transform, review, and architecture tasks?",conv-d29798fcca,,[],"[{""uri"":""https://docs.aws.amazon.com/lambda/latest/dg/welcome.html"",""title"":""[1] AWS Lambda Developer Guide"",""snippet"":""Developer guide for building, deploying, and operating AWS Lambda functions.""}]",1,req-2ed72223145a
2026-05-25,prompt-logs/chat/2026/05/25/kiro_chat_prompt_log.json,What guardrails should we add so SRE investigations use tools first and only escalate to larger models when needed?,MANUAL,,d-92675051d5.838f6b85-1e72-4404-a193-f1b0dc79d107,2026-05-25T09:24:00Z,"Start with deterministic checks such as logs, metrics, config diffs, and runbooks. Escalate to a larger model only after those signals are summarized, and require the final prompt to include the incident scope and exact evidence instead of raw dumps.",Can you draft a hook policy that enforces that escalation pattern?,conv-d56dfd2b6c,,[],[],0,req-2f40a37e6170
2026-05-25,prompt-logs/chat/2026/05/25/kiro_chat_prompt_log.json,Design an AI SDLC flow that gives us visibility into which orchestration steps are driving most of the Kiro usage.,MANUAL,,d-92675051d5.a9a3e94b-b147-4fb7-9934-f5ea941fd110,2026-05-25T18:11:00Z,"Label each step in the orchestration chain and persist request metadata with a workflow stage tag such as discovery, planning, implementation, review, or validation. With those tags you can attribute credits to the exact stage and then adjust routing or context budgets where the spikes occur.",What tags should we standardize on for multi-agent SDLC workflows?,conv-e8d11ebd01,,[],"[{""uri"":""https://docs.aws.amazon.com/quicksight/latest/user/welcome.html"",""title"":""[1] Amazon QuickSight User Guide"",""snippet"":""Guidance for building dashboards and visual analyses in Amazon QuickSight.""}]",1,req-30dd57acf9fa
2026-05-25,prompt-logs/chat/2026/05/25/kiro_chat_prompt_log.json,We want to evaluate whether our guardrail prompts are too broad and causing unnecessary token usage. What is the fastest way to inspect that?,MANUAL,,d-92675051d5.9b1ac779-7da0-470f-bfd8-fba1849ca111,2026-05-25T13:47:00Z,"Compare the longest prompts against the workflows they serve and look for repeated policy text, duplicated file context, and tool instructions that never trigger. Move stable policy into hooks or reusable templates and keep run-specific prompts focused on the actual task.",Can you propose a prompt review checklist for cost and hallucination risk?,conv-f731e536ec,,[],[],0,req-35da0dd15013
2026-05-25,prompt-logs/chat/2026/05/25/kiro_chat_prompt_log.json,What guardrails should we add so SRE investigations use tools first and only escalate to larger models when needed?,INLINE_CHAT,,d-92675051d5.6273ba8a-bb02-425f-b443-3d4dcb2c9108,2026-05-25T13:41:00Z,"Start with deterministic checks such as logs, metrics, config diffs, and runbooks. Escalate to a larger model only after those signals are summarized, and require the final prompt to include the incident scope and exact evidence instead of raw dumps.",Can you draft a hook policy that enforces that escalation pattern?,conv-3acf729731,,[],[],0,req-37abf03c889c
2026-05-25,prompt-logs/chat/2026/05/25/kiro_chat_prompt_log.json,"Given this payment service refactor plan, where are we likely over-pulling context and increasing hallucination risk?",MANUAL,,d-92675051d5.0ec463de-81c2-4f79-9d4c-029f7bb0f101,2026-05-25T16:16:00Z,"The highest risk is sending every service, DTO, and migration file into the same request. Split discovery from implementation, summarize upstream contracts first, and only attach files directly relevant to the current change set.",What should the step-by-step agent flow look like after that split?,conv-d29798fcca,,[],[],0,req-3a569b7dfb4b
2026-05-25,prompt-logs/chat/2026/05/25/kiro_chat_prompt_log.json,Design an AI SDLC flow that gives us visibility into which orchestration steps are driving most of the Kiro usage.,MANUAL,,d-92675051d5.a9a3e94b-b147-4fb7-9934-f5ea941fd110,2026-05-25T13:48:00Z,"Label each step in the orchestration chain and persist request metadata with a workflow stage tag such as discovery, planning, implementation, review, or validation. With those tags you can attribute credits to the exact stage and then adjust routing or context budgets where the spikes occur.",What tags should we standardize on for multi-agent SDLC workflows?,conv-b7b5e41d7c,,[],"[{""uri"":""https://docs.aws.amazon.com/quicksight/latest/user/welcome.html"",""title"":""[1] Amazon QuickSight User Guide"",""snippet"":""Guidance for building dashboards and visual analyses in Amazon QuickSight.""}]",1,req-3c1175aa6b9e
2026-05-25,prompt-logs/chat/2026/05/25/kiro_chat_prompt_log.json,We need per-user cost visibility for analytics workflows. What should we capture so we can separate exploratory prompts from production dashboard work?,MANUAL,,d-92675051d5.33a7a52f-dbf7-4f6b-89c9-43d30a61e104,2026-05-25T13:26:00Z,"Track the user, conversation, trigger type, and whether the request was an ad hoc question, spec task, or tool-assisted workflow. That separation makes it easier to route exploratory work to smaller models and keep scheduled or governed work on stricter guardrails.",Can you suggest dashboard dimensions for exploratory versus governed analytics work?,conv-7fd2bad2b2,,[],"[{""uri"":""https://docs.aws.amazon.com/athena/latest/ug/what-is.html"",""title"":""[1] What is Amazon Athena?"",""snippet"":""Overview of using Amazon Athena to query data in Amazon S3.""}]",1,req-4535c078353c
2026-05-25,prompt-logs/chat/2026/05/25/kiro_chat_prompt_log.json,Review this modernization workflow and suggest how we should route simple code transforms versus deeper architecture questions to control Kiro credit usage.,INLINE_CHAT,,d-92675051d5.0ec463de-81c2-4f79-9d4c-029f7bb0f101,2026-05-25T15:17:00Z,Use a lighter default path for single-file transforms and reserve the higher-cost model only for cross-file refactors or design decisions. Add a first pass that trims unchanged files from context and sends documentation lookups to tools instead of the primary chat model.,"Can you turn that into a policy table for transform, review, and architecture tasks?",conv-e689e48c52,,[],"[{""uri"":""https://docs.aws.amazon.com/lambda/latest/dg/welcome.html"",""title"":""[1] AWS Lambda Developer Guide"",""snippet"":""Developer guide for building, deploying, and operating AWS Lambda functions.""}]",1,req-49b7c2825650
2026-05-25,prompt-logs/chat/2026/05/25/kiro_chat_prompt_log.json,We need per-user cost visibility for analytics workflows. What should we capture so we can separate exploratory prompts from production dashboard work?,MANUAL,,d-92675051d5.33a7a52f-dbf7-4f6b-89c9-43d30a61e104,2026-05-25T12:47:00Z,"Track the user, conversation, trigger type, and whether the request was an ad hoc question, spec task, or tool-assisted workflow. That separation makes it easier to route exploratory work to smaller models and keep scheduled or governed work on stricter guardrails.",Can you suggest dashboard dimensions for exploratory versus governed analytics work?,conv-1f1d2c84f1,,[],"[{""uri"":""https://docs.aws.amazon.com/athena/latest/ug/what-is.html"",""title"":""[1] What is Amazon Athena?"",""snippet"":""Overview of using Amazon Athena to query data in Amazon S3.""}]",1,req-5145cee024ce
2026-05-25,prompt-logs/chat/2026/05/25/kiro_chat_prompt_log.json,What guardrails should we add so SRE investigations use tools first and only escalate to larger models when needed?,INLINE_CHAT,,d-92675051d5.838f6b85-1e72-4404-a193-f1b0dc79d107,2026-05-25T09:57:00Z,"Start with deterministic checks such as logs, metrics, config diffs, and runbooks. Escalate to a larger model only after those signals are summarized, and require the final prompt to include the incident scope and exact evidence instead of raw dumps.",Can you draft a hook policy that enforces that escalation pattern?,conv-792b51b097,,[],[],0,req-5f066fdbcda6
2026-05-25,prompt-logs/chat/2026/05/25/kiro_chat_prompt_log.json,Design an AI SDLC flow that gives us visibility into which orchestration steps are driving most of the Kiro usage.,MANUAL,,d-92675051d5.a9a3e94b-b147-4fb7-9934-f5ea941fd110,2026-05-25T16:40:00Z,"Label each step in the orchestration chain and persist request metadata with a workflow stage tag such as discovery, planning, implementation, review, or validation. With those tags you can attribute credits to the exact stage and then adjust routing or context budgets where the spikes occur.",What tags should we standardize on for multi-agent SDLC workflows?,conv-a3aa41b3b1,,[],"[{""uri"":""https://docs.aws.amazon.com/quicksight/latest/user/welcome.html"",""title"":""[1] Amazon QuickSight User Guide"",""snippet"":""Guidance for building dashboards and visual analyses in Amazon QuickSight.""}]",1,req-64949332cd0b
2026-05-25,prompt-logs/chat/2026/05/25/kiro_chat_prompt_log.json,We need per-user cost visibility for analytics workflows. What should we capture so we can separate exploratory prompts from production dashboard work?,MANUAL,,d-92675051d5.33a7a52f-dbf7-4f6b-89c9-43d30a61e104,2026-05-25T09:29:00Z,"Track the user, conversation, trigger type, and whether the request was an ad hoc question, spec task, or tool-assisted workflow. That separation makes it easier to route exploratory work to smaller models and keep scheduled or governed work on stricter guardrails.",Can you suggest dashboard dimensions for exploratory versus governed analytics work?,conv-929ed6b57f,,[],"[{""uri"":""https://docs.aws.amazon.com/athena/latest/ug/what-is.html"",""title"":""[1] What is Amazon Athena?"",""snippet"":""Overview of using Amazon Athena to query data in Amazon S3.""}]",1,req-67e9166eccfc
2026-05-25,prompt-logs/chat/2026/05/25/kiro_chat_prompt_log.json,We need per-user cost visibility for analytics workflows. What should we capture so we can separate exploratory prompts from production dashboard work?,MANUAL,,d-92675051d5.33a7a52f-dbf7-4f6b-89c9-43d30a61e104,2026-05-25T10:20:00Z,"Track the user, conversation, trigger type, and whether the request was an ad hoc question, spec task, or tool-assisted workflow. That separation makes it easier to route exploratory work to smaller models and keep scheduled or governed work on stricter guardrails.",Can you suggest dashboard dimensions for exploratory versus governed analytics work?,conv-ef64925f00,,[],"[{""uri"":""https://docs.aws.amazon.com/athena/latest/ug/what-is.html"",""title"":""[1] What is Amazon Athena?"",""snippet"":""Overview of using Amazon Athena to query data in Amazon S3.""}]",1,req-7641e2a047ae
2026-05-25,prompt-logs/chat/2026/05/25/kiro_chat_prompt_log.json,"Given this payment service refactor plan, where are we likely over-pulling context and increasing hallucination risk?",MANUAL,,d-92675051d5.0ec463de-81c2-4f79-9d4c-029f7bb0f101,2026-05-25T16:10:00Z,"The highest risk is sending every service, DTO, and migration file into the same request. Split discovery from implementation, summarize upstream contracts first, and only attach files directly relevant to the current change set.",What should the step-by-step agent flow look like after that split?,conv-49fae53763,,[],[],0,req-79a94d3a6432
2026-05-25,prompt-logs/chat/2026/05/25/kiro_chat_prompt_log.json,Help me reduce credit burn in our automated test-generation loop without losing coverage.,MANUAL,,d-92675051d5.797d1e6c-6d5f-41a9-8dc7-53d2ef14e102,2026-05-25T11:32:00Z,"Generate a lightweight test plan first, then ask Kiro to produce tests only for the selected cases. Reuse repository summaries across runs and gate expensive review passes behind coverage or failure thresholds.","Can you show a low-cost orchestration pattern for plan, generate, and review?",conv-79326f52df,,[],[],0,req-89d8de4b16bf
2026-05-25,prompt-logs/chat/2026/05/25/kiro_chat_prompt_log.json,What guardrails should we add so SRE investigations use tools first and only escalate to larger models when needed?,MANUAL,,d-92675051d5.6273ba8a-bb02-425f-b443-3d4dcb2c9108,2026-05-25T10:06:00Z,"Start with deterministic checks such as logs, metrics, config diffs, and runbooks. Escalate to a larger model only after those signals are summarized, and require the final prompt to include the incident scope and exact evidence instead of raw dumps.",Can you draft a hook policy that enforces that escalation pattern?,conv-7aa16cb997,,[],[],0,req-8b44f834e3c5
2026-05-25,prompt-logs/chat/2026/05/25/kiro_chat_prompt_log.json,Review this modernization workflow and suggest how we should route simple code transforms versus deeper architecture questions to control Kiro credit usage.,MANUAL,,d-92675051d5.0ec463de-81c2-4f79-9d4c-029f7bb0f101,2026-05-25T13:19:00Z,Use a lighter default path for single-file transforms and reserve the higher-cost model only for cross-file refactors or design decisions. Add a first pass that trims unchanged files from context and sends documentation lookups to tools instead of the primary chat model.,"Can you turn that into a policy table for transform, review, and architecture tasks?",conv-7a2c0b4d59,,[],"[{""uri"":""https://docs.aws.amazon.com/lambda/latest/dg/welcome.html"",""title"":""[1] AWS Lambda Developer Guide"",""snippet"":""Developer guide for building, deploying, and operating AWS Lambda functions.""}]",1,req-90c489424cc9
2026-05-25,prompt-logs/chat/2026/05/25/kiro_chat_prompt_log.json,We want to evaluate whether our guardrail prompts are too broad and causing unnecessary token usage. What is the fastest way to inspect that?,MANUAL,,d-92675051d5.9b1ac779-7da0-470f-bfd8-fba1849ca111,2026-05-25T14:49:00Z,"Compare the longest prompts against the workflows they serve and look for repeated policy text, duplicated file context, and tool instructions that never trigger. Move stable policy into hooks or reusable templates and keep run-specific prompts focused on the actual task.",Can you propose a prompt review checklist for cost and hallucination risk?,conv-c42b27b434,,[],[],0,req-9269cc53da05
2026-05-25,prompt-logs/chat/2026/05/25/kiro_chat_prompt_log.json,Design an AI SDLC flow that gives us visibility into which orchestration steps are driving most of the Kiro usage.,MANUAL,,d-92675051d5.a9a3e94b-b147-4fb7-9934-f5ea941fd110,2026-05-25T09:22:00Z,"Label each step in the orchestration chain and persist request metadata with a workflow stage tag such as discovery, planning, implementation, review, or validation. With those tags you can attribute credits to the exact stage and then adjust routing or context budgets where the spikes occur.",What tags should we standardize on for multi-agent SDLC workflows?,conv-d9d5904ead,,[],"[{""uri"":""https://docs.aws.amazon.com/quicksight/latest/user/welcome.html"",""title"":""[1] Amazon QuickSight User Guide"",""snippet"":""Guidance for building dashboards and visual analyses in Amazon QuickSight.""}]",1,req-a671d9598e47
2026-05-25,prompt-logs/chat/2026/05/25/kiro_chat_prompt_log.json,We need per-user cost visibility for analytics workflows. What should we capture so we can separate exploratory prompts from production dashboard work?,MANUAL,,d-92675051d5.33a7a52f-dbf7-4f6b-89c9-43d30a61e104,2026-05-25T09:49:00Z,"Track the user, conversation, trigger type, and whether the request was an ad hoc question, spec task, or tool-assisted workflow. That separation makes it easier to route exploratory work to smaller models and keep scheduled or governed work on stricter guardrails.",Can you suggest dashboard dimensions for exploratory versus governed analytics work?,conv-d101e32a29,,[],"[{""uri"":""https://docs.aws.amazon.com/athena/latest/ug/what-is.html"",""title"":""[1] What is Amazon Athena?"",""snippet"":""Overview of using Amazon Athena to query data in Amazon S3.""}]",1,req-aa2e66fe0a19
2026-05-25,prompt-logs/chat/2026/05/25/kiro_chat_prompt_log.json,Review this modernization workflow and suggest how we should route simple code transforms versus deeper architecture questions to control Kiro credit usage.,MANUAL,,d-92675051d5.0ec463de-81c2-4f79-9d4c-029f7bb0f101,2026-05-25T09:26:00Z,Use a lighter default path for single-file transforms and reserve the higher-cost model only for cross-file refactors or design decisions. Add a first pass that trims unchanged files from context and sends documentation lookups to tools instead of the primary chat model.,"Can you turn that into a policy table for transform, review, and architecture tasks?",conv-150ae6f396,,[],"[{""uri"":""https://docs.aws.amazon.com/lambda/latest/dg/welcome.html"",""title"":""[1] AWS Lambda Developer Guide"",""snippet"":""Developer guide for building, deploying, and operating AWS Lambda functions.""}]",1,req-abacf40bbf89
2026-05-25,prompt-logs/chat/2026/05/25/kiro_chat_prompt_log.json,"Given this payment service refactor plan, where are we likely over-pulling context and increasing hallucination risk?",MANUAL,,d-92675051d5.0ec463de-81c2-4f79-9d4c-029f7bb0f101,2026-05-25T17:15:00Z,"The highest risk is sending every service, DTO, and migration file into the same request. Split discovery from implementation, summarize upstream contracts first, and only attach files directly relevant to the current change set.",What should the step-by-step agent flow look like after that split?,conv-150ae6f396,,[],[],0,req-af86e359cb80
2026-05-25,prompt-logs/chat/2026/05/25/kiro_chat_prompt_log.json,Help me reduce credit burn in our automated test-generation loop without losing coverage.,INLINE_CHAT,,d-92675051d5.797d1e6c-6d5f-41a9-8dc7-53d2ef14e102,2026-05-25T16:43:00Z,"Generate a lightweight test plan first, then ask Kiro to produce tests only for the selected cases. Reuse repository summaries across runs and gate expensive review passes behind coverage or failure thresholds.","Can you show a low-cost orchestration pattern for plan, generate, and review?",conv-749b1fb34d,,[],[],0,req-b5c56d3f2f63
2026-05-25,prompt-logs/chat/2026/05/25/kiro_chat_prompt_log.json,Design an AI SDLC flow that gives us visibility into which orchestration steps are driving most of the Kiro usage.,MANUAL,,d-92675051d5.a9a3e94b-b147-4fb7-9934-f5ea941fd110,2026-05-25T12:06:00Z,"Label each step in the orchestration chain and persist request metadata with a workflow stage tag such as discovery, planning, implementation, review, or validation. With those tags you can attribute credits to the exact stage and then adjust routing or context budgets where the spikes occur.",What tags should we standardize on for multi-agent SDLC workflows?,conv-b7b5e41d7c,,[],"[{""uri"":""https://docs.aws.amazon.com/quicksight/latest/user/welcome.html"",""title"":""[1] Amazon QuickSight User Guide"",""snippet"":""Guidance for building dashboards and visual analyses in Amazon QuickSight.""}]",1,req-b8787bfe3024
2026-05-25,prompt-logs/chat/2026/05/25/kiro_chat_prompt_log.json,Design an AI SDLC flow that gives us visibility into which orchestration steps are driving most of the Kiro usage.,MANUAL,,d-92675051d5.59888cc4-2dac-4454-a84e-b7968ad4e112,2026-05-25T09:31:00Z,"Label each step in the orchestration chain and persist request metadata with a workflow stage tag such as discovery, planning, implementation, review, or validation. With those tags you can attribute credits to the exact stage and then adjust routing or context budgets where the spikes occur.",What tags should we standardize on for multi-agent SDLC workflows?,conv-fa7f094699,,[],"[{""uri"":""https://docs.aws.amazon.com/quicksight/latest/user/welcome.html"",""title"":""[1] Amazon QuickSight User Guide"",""snippet"":""Guidance for building dashboards and visual analyses in Amazon QuickSight.""}]",1,req-bb128fc020a9
2026-05-25,prompt-logs/chat/2026/05/25/kiro_chat_prompt_log.json,We want to evaluate whether our guardrail prompts are too broad and causing unnecessary token usage. What is the fastest way to inspect that?,MANUAL,,d-92675051d5.9b1ac779-7da0-470f-bfd8-fba1849ca111,2026-05-25T17:41:00Z,"Compare the longest prompts against the workflows they serve and look for repeated policy text, duplicated file context, and tool instructions that never trigger. Move stable policy into hooks or reusable templates and keep run-specific prompts focused on the actual task.",Can you propose a prompt review checklist for cost and hallucination risk?,conv-00c885c3d4,,[],[],0,req-bed5c1bbcb28
2026-05-25,prompt-logs/chat/2026/05/25/kiro_chat_prompt_log.json,Design an AI SDLC flow that gives us visibility into which orchestration steps are driving most of the Kiro usage.,MANUAL,,d-92675051d5.a9a3e94b-b147-4fb7-9934-f5ea941fd110,2026-05-25T09:04:00Z,"Label each step in the orchestration chain and persist request metadata with a workflow stage tag such as discovery, planning, implementation, review, or validation. With those tags you can attribute credits to the exact stage and then adjust routing or context budgets where the spikes occur.",What tags should we standardize on for multi-agent SDLC workflows?,conv-cdc1af5f44,,[],"[{""uri"":""https://docs.aws.amazon.com/quicksight/latest/user/welcome.html"",""title"":""[1] Amazon QuickSight User Guide"",""snippet"":""Guidance for building dashboards and visual analyses in Amazon QuickSight.""}]",1,req-cc2d9d79d050
2026-05-25,prompt-logs/chat/2026/05/25/kiro_chat_prompt_log.json,Design an AI SDLC flow that gives us visibility into which orchestration steps are driving most of the Kiro usage.,MANUAL,,d-92675051d5.59888cc4-2dac-4454-a84e-b7968ad4e112,2026-05-25T10:16:00Z,"Label each step in the orchestration chain and persist request metadata with a workflow stage tag such as discovery, planning, implementation, review, or validation. With those tags you can attribute credits to the exact stage and then adjust routing or context budgets where the spikes occur.",What tags should we standardize on for multi-agent SDLC workflows?,conv-e069a3b6d4,,[],"[{""uri"":""https://docs.aws.amazon.com/quicksight/latest/user/welcome.html"",""title"":""[1] Amazon QuickSight User Guide"",""snippet"":""Guidance for building dashboards and visual analyses in Amazon QuickSight.""}]",1,req-ccd8a288038f
2026-05-25,prompt-logs/chat/2026/05/25/kiro_chat_prompt_log.json,Review this modernization workflow and suggest how we should route simple code transforms versus deeper architecture questions to control Kiro credit usage.,MANUAL,,d-92675051d5.0ec463de-81c2-4f79-9d4c-029f7bb0f101,2026-05-25T12:55:00Z,Use a lighter default path for single-file transforms and reserve the higher-cost model only for cross-file refactors or design decisions. Add a first pass that trims unchanged files from context and sends documentation lookups to tools instead of the primary chat model.,"Can you turn that into a policy table for transform, review, and architecture tasks?",conv-49fae53763,,[],"[{""uri"":""https://docs.aws.amazon.com/lambda/latest/dg/welcome.html"",""title"":""[1] AWS Lambda Developer Guide"",""snippet"":""Developer guide for building, deploying, and operating AWS Lambda functions.""}]",1,req-d01bb206a4ee
2026-05-25,prompt-logs/chat/2026/05/25/kiro_chat_prompt_log.json,We need per-user cost visibility for analytics workflows. What should we capture so we can separate exploratory prompts from production dashboard work?,MANUAL,,d-92675051d5.7e23e16f-5eb6-49f0-8e5d-a84c5ad99106,2026-05-25T10:16:00Z,"Track the user, conversation, trigger type, and whether the request was an ad hoc question, spec task, or tool-assisted workflow. That separation makes it easier to route exploratory work to smaller models and keep scheduled or governed work on stricter guardrails.",Can you suggest dashboard dimensions for exploratory versus governed analytics work?,conv-a820ce0fcb,,[],"[{""uri"":""https://docs.aws.amazon.com/athena/latest/ug/what-is.html"",""title"":""[1] What is Amazon Athena?"",""snippet"":""Overview of using Amazon Athena to query data in Amazon S3.""}]",1,req-d311f8b7c6f6
2026-05-25,prompt-logs/chat/2026/05/25/kiro_chat_prompt_log.json,Design an AI SDLC flow that gives us visibility into which orchestration steps are driving most of the Kiro usage.,MANUAL,,d-92675051d5.59888cc4-2dac-4454-a84e-b7968ad4e112,2026-05-25T17:35:00Z,"Label each step in the orchestration chain and persist request metadata with a workflow stage tag such as discovery, planning, implementation, review, or validation. With those tags you can attribute credits to the exact stage and then adjust routing or context budgets where the spikes occur.",What tags should we standardize on for multi-agent SDLC workflows?,conv-61094ce4b5,,[],"[{""uri"":""https://docs.aws.amazon.com/quicksight/latest/user/welcome.html"",""title"":""[1] Amazon QuickSight User Guide"",""snippet"":""Guidance for building dashboards and visual analyses in Amazon QuickSight.""}]",1,req-dda15250b3c8
2026-05-25,prompt-logs/chat/2026/05/25/kiro_chat_prompt_log.json,What guardrails should we add so SRE investigations use tools first and only escalate to larger models when needed?,MANUAL,,d-92675051d5.838f6b85-1e72-4404-a193-f1b0dc79d107,2026-05-25T16:01:00Z,"Start with deterministic checks such as logs, metrics, config diffs, and runbooks. Escalate to a larger model only after those signals are summarized, and require the final prompt to include the incident scope and exact evidence instead of raw dumps.",Can you draft a hook policy that enforces that escalation pattern?,conv-ebaa2b9f83,,[],[],0,req-df3888475fe9
2026-05-25,prompt-logs/chat/2026/05/25/kiro_chat_prompt_log.json,We want to evaluate whether our guardrail prompts are too broad and causing unnecessary token usage. What is the fastest way to inspect that?,MANUAL,,d-92675051d5.9b1ac779-7da0-470f-bfd8-fba1849ca111,2026-05-25T09:22:00Z,"Compare the longest prompts against the workflows they serve and look for repeated policy text, duplicated file context, and tool instructions that never trigger. Move stable policy into hooks or reusable templates and keep run-specific prompts focused on the actual task.",Can you propose a prompt review checklist for cost and hallucination risk?,conv-d2f9f09234,,[],[],0,req-e042e1a59f23
2026-05-25,prompt-logs/chat/2026/05/25/kiro_chat_prompt_log.json,What guardrails should we add so SRE investigations use tools first and only escalate to larger models when needed?,INLINE_CHAT,,d-92675051d5.6273ba8a-bb02-425f-b443-3d4dcb2c9108,2026-05-25T15:54:00Z,"Start with deterministic checks such as logs, metrics, config diffs, and runbooks. Escalate to a larger model only after those signals are summarized, and require the final prompt to include the incident scope and exact evidence instead of raw dumps.",Can you draft a hook policy that enforces that escalation pattern?,conv-6ab78b4bdf,,[],[],0,req-e20dcd96aab8
2026-05-25,prompt-logs/chat/2026/05/25/kiro_chat_prompt_log.json,Design an AI SDLC flow that gives us visibility into which orchestration steps are driving most of the Kiro usage.,MANUAL,,d-92675051d5.59888cc4-2dac-4454-a84e-b7968ad4e112,2026-05-25T10:35:00Z,"Label each step in the orchestration chain and persist request metadata with a workflow stage tag such as discovery, planning, implementation, review, or validation. With those tags you can attribute credits to the exact stage and then adjust routing or context budgets where the spikes occur.",What tags should we standardize on for multi-agent SDLC workflows?,conv-318e23294d,,[],"[{""uri"":""https://docs.aws.amazon.com/quicksight/latest/user/welcome.html"",""title"":""[1] Amazon QuickSight User Guide"",""snippet"":""Guidance for building dashboards and visual analyses in Amazon QuickSight.""}]",1,req-f013f5fc100c
2026-05-25,prompt-logs/chat/2026/05/25/kiro_chat_prompt_log.json,Design an AI SDLC flow that gives us visibility into which orchestration steps are driving most of the Kiro usage.,MANUAL,,d-92675051d5.59888cc4-2dac-4454-a84e-b7968ad4e112,2026-05-25T11:47:00Z,"Label each step in the orchestration chain and persist request metadata with a workflow stage tag such as discovery, planning, implementation, review, or validation. With those tags you can attribute credits to the exact stage and then adjust routing or context budgets where the spikes occur.",What tags should we standardize on for multi-agent SDLC workflows?,conv-1cef3e1ffd,,[],"[{""uri"":""https://docs.aws.amazon.com/quicksight/latest/user/welcome.html"",""title"":""[1] Amazon QuickSight User Guide"",""snippet"":""Guidance for building dashboards and visual analyses in Amazon QuickSight.""}]",1,req-f85fa3b98894
2026-05-25,prompt-logs/chat/2026/05/25/kiro_chat_prompt_log.json,Help me reduce credit burn in our automated test-generation loop without losing coverage.,MANUAL,,d-92675051d5.797d1e6c-6d5f-41a9-8dc7-53d2ef14e102,2026-05-25T14:59:00Z,"Generate a lightweight test plan first, then ask Kiro to produce tests only for the selected cases. Reuse repository summaries across runs and gate expensive review passes behind coverage or failure thresholds.","Can you show a low-cost orchestration pattern for plan, generate, and review?",conv-ceafde3a7c,,[],[],0,req-fa46664b3946
2026-05-25,prompt-logs/chat/2026/05/25/kiro_chat_prompt_log.json,What guardrails should we add so SRE investigations use tools first and only escalate to larger models when needed?,MANUAL,,d-92675051d5.838f6b85-1e72-4404-a193-f1b0dc79d107,2026-05-25T16:54:00Z,"Start with deterministic checks such as logs, metrics, config diffs, and runbooks. Escalate to a larger model only after those signals are summarized, and require the final prompt to include the incident scope and exact evidence instead of raw dumps.",Can you draft a hook policy that enforces that escalation pattern?,conv-f2c4fc2df2,,[],[],0,req-fb94bfefc01a
2026-05-26,prompt-logs/chat/2026/05/26/kiro_chat_prompt_log.json,Design an AI SDLC flow that gives us visibility into which orchestration steps are driving most of the Kiro usage.,MANUAL,,d-92675051d5.a9a3e94b-b147-4fb7-9934-f5ea941fd110,2026-05-26T10:57:00Z,"Label each step in the orchestration chain and persist request metadata with a workflow stage tag such as discovery, planning, implementation, review, or validation. With those tags you can attribute credits to the exact stage and then adjust routing or context budgets where the spikes occur.",What tags should we standardize on for multi-agent SDLC workflows?,conv-4d241de9e1,,[],"[{""uri"":""https://docs.aws.amazon.com/quicksight/latest/user/welcome.html"",""title"":""[1] Amazon QuickSight User Guide"",""snippet"":""Guidance for building dashboards and visual analyses in Amazon QuickSight.""}]",1,req-0101d829bfa1
2026-05-26,prompt-logs/chat/2026/05/26/kiro_chat_prompt_log.json,We want to evaluate whether our guardrail prompts are too broad and causing unnecessary token usage. What is the fastest way to inspect that?,MANUAL,,d-92675051d5.9b1ac779-7da0-470f-bfd8-fba1849ca111,2026-05-26T17:41:00Z,"Compare the longest prompts against the workflows they serve and look for repeated policy text, duplicated file context, and tool instructions that never trigger. Move stable policy into hooks or reusable templates and keep run-specific prompts focused on the actual task.",Can you propose a prompt review checklist for cost and hallucination risk?,conv-a5a8aef742,,[],[],0,req-02f4bc5191f4
2026-05-26,prompt-logs/chat/2026/05/26/kiro_chat_prompt_log.json,We want to evaluate whether our guardrail prompts are too broad and causing unnecessary token usage. What is the fastest way to inspect that?,MANUAL,,d-92675051d5.9b1ac779-7da0-470f-bfd8-fba1849ca111,2026-05-26T16:08:00Z,"Compare the longest prompts against the workflows they serve and look for repeated policy text, duplicated file context, and tool instructions that never trigger. Move stable policy into hooks or reusable templates and keep run-specific prompts focused on the actual task.",Can you propose a prompt review checklist for cost and hallucination risk?,conv-86277f398b,,[],[],0,req-038f79328aed
2026-05-26,prompt-logs/chat/2026/05/26/kiro_chat_prompt_log.json,Design an AI SDLC flow that gives us visibility into which orchestration steps are driving most of the Kiro usage.,MANUAL,,d-92675051d5.59888cc4-2dac-4454-a84e-b7968ad4e112,2026-05-26T13:46:00Z,"Label each step in the orchestration chain and persist request metadata with a workflow stage tag such as discovery, planning, implementation, review, or validation. With those tags you can attribute credits to the exact stage and then adjust routing or context budgets where the spikes occur.",What tags should we standardize on for multi-agent SDLC workflows?,conv-3dc64d9474,,[],"[{""uri"":""https://docs.aws.amazon.com/quicksight/latest/user/welcome.html"",""title"":""[1] Amazon QuickSight User Guide"",""snippet"":""Guidance for building dashboards and visual analyses in Amazon QuickSight.""}]",1,req-04ccab5bc277
2026-05-26,prompt-logs/chat/2026/05/26/kiro_chat_prompt_log.json,Review this modernization workflow and suggest how we should route simple code transforms versus deeper architecture questions to control Kiro credit usage.,MANUAL,,d-92675051d5.0ec463de-81c2-4f79-9d4c-029f7bb0f101,2026-05-26T13:47:00Z,Use a lighter default path for single-file transforms and reserve the higher-cost model only for cross-file refactors or design decisions. Add a first pass that trims unchanged files from context and sends documentation lookups to tools instead of the primary chat model.,"Can you turn that into a policy table for transform, review, and architecture tasks?",conv-474101de2b,,[],"[{""uri"":""https://docs.aws.amazon.com/lambda/latest/dg/welcome.html"",""title"":""[1] AWS Lambda Developer Guide"",""snippet"":""Developer guide for building, deploying, and operating AWS Lambda functions.""}]",1,req-0fb6c214487f
2026-05-26,prompt-logs/chat/2026/05/26/kiro_chat_prompt_log.json,We need per-user cost visibility for analytics workflows. What should we capture so we can separate exploratory prompts from production dashboard work?,MANUAL,,d-92675051d5.33a7a52f-dbf7-4f6b-89c9-43d30a61e104,2026-05-26T13:27:00Z,"Track the user, conversation, trigger type, and whether the request was an ad hoc question, spec task, or tool-assisted workflow. That separation makes it easier to route exploratory work to smaller models and keep scheduled or governed work on stricter guardrails.",Can you suggest dashboard dimensions for exploratory versus governed analytics work?,conv-89bb979117,,[],"[{""uri"":""https://docs.aws.amazon.com/athena/latest/ug/what-is.html"",""title"":""[1] What is Amazon Athena?"",""snippet"":""Overview of using Amazon Athena to query data in Amazon S3.""}]",1,req-15e2f9ddb859
2026-05-26,prompt-logs/chat/2026/05/26/kiro_chat_prompt_log.json,Design an AI SDLC flow that gives us visibility into which orchestration steps are driving most of the Kiro usage.,MANUAL,,d-92675051d5.a9a3e94b-b147-4fb7-9934-f5ea941fd110,2026-05-26T13:12:00Z,"Label each step in the orchestration chain and persist request metadata with a workflow stage tag such as discovery, planning, implementation, review, or validation. With those tags you can attribute credits to the exact stage and then adjust routing or context budgets where the spikes occur.",What tags should we standardize on for multi-agent SDLC workflows?,conv-06470ee9a3,,[],"[{""uri"":""https://docs.aws.amazon.com/quicksight/latest/user/welcome.html"",""title"":""[1] Amazon QuickSight User Guide"",""snippet"":""Guidance for building dashboards and visual analyses in Amazon QuickSight.""}]",1,req-198e05d6bc98
2026-05-26,prompt-logs/chat/2026/05/26/kiro_chat_prompt_log.json,Review this modernization workflow and suggest how we should route simple code transforms versus deeper architecture questions to control Kiro credit usage.,MANUAL,,d-92675051d5.0ec463de-81c2-4f79-9d4c-029f7bb0f101,2026-05-26T16:29:00Z,Use a lighter default path for single-file transforms and reserve the higher-cost model only for cross-file refactors or design decisions. Add a first pass that trims unchanged files from context and sends documentation lookups to tools instead of the primary chat model.,"Can you turn that into a policy table for transform, review, and architecture tasks?",conv-53eca333e6,,[],"[{""uri"":""https://docs.aws.amazon.com/lambda/latest/dg/welcome.html"",""title"":""[1] AWS Lambda Developer Guide"",""snippet"":""Developer guide for building, deploying, and operating AWS Lambda functions.""}]",1,req-1a886719ac92
2026-05-26,prompt-logs/chat/2026/05/26/kiro_chat_prompt_log.json,We need per-user cost visibility for analytics workflows. What should we capture so we can separate exploratory prompts from production dashboard work?,MANUAL,,d-92675051d5.33a7a52f-dbf7-4f6b-89c9-43d30a61e104,2026-05-26T09:19:00Z,"Track the user, conversation, trigger type, and whether the request was an ad hoc question, spec task, or tool-assisted workflow. That separation makes it easier to route exploratory work to smaller models and keep scheduled or governed work on stricter guardrails.",Can you suggest dashboard dimensions for exploratory versus governed analytics work?,conv-80a3995bd8,,[],"[{""uri"":""https://docs.aws.amazon.com/athena/latest/ug/what-is.html"",""title"":""[1] What is Amazon Athena?"",""snippet"":""Overview of using Amazon Athena to query data in Amazon S3.""}]",1,req-1d10e2fe21e5
2026-05-26,prompt-logs/chat/2026/05/26/kiro_chat_prompt_log.json,We want to evaluate whether our guardrail prompts are too broad and causing unnecessary token usage. What is the fastest way to inspect that?,INLINE_CHAT,,d-92675051d5.9b1ac779-7da0-470f-bfd8-fba1849ca111,2026-05-26T16:50:00Z,"Compare the longest prompts against the workflows they serve and look for repeated policy text, duplicated file context, and tool instructions that never trigger. Move stable policy into hooks or reusable templates and keep run-specific prompts focused on the actual task.",Can you propose a prompt review checklist for cost and hallucination risk?,conv-4756b8579f,,[],[],0,req-22515fc96566
2026-05-26,prompt-logs/chat/2026/05/26/kiro_chat_prompt_log.json,We need per-user cost visibility for analytics workflows. What should we capture so we can separate exploratory prompts from production dashboard work?,MANUAL,,d-92675051d5.33a7a52f-dbf7-4f6b-89c9-43d30a61e104,2026-05-26T12:52:00Z,"Track the user, conversation, trigger type, and whether the request was an ad hoc question, spec task, or tool-assisted workflow. That separation makes it easier to route exploratory work to smaller models and keep scheduled or governed work on stricter guardrails.",Can you suggest dashboard dimensions for exploratory versus governed analytics work?,conv-2ae9da7298,,[],"[{""uri"":""https://docs.aws.amazon.com/athena/latest/ug/what-is.html"",""title"":""[1] What is Amazon Athena?"",""snippet"":""Overview of using Amazon Athena to query data in Amazon S3.""}]",1,req-2479b719109d
2026-05-26,prompt-logs/chat/2026/05/26/kiro_chat_prompt_log.json,What guardrails should we add so SRE investigations use tools first and only escalate to larger models when needed?,INLINE_CHAT,,d-92675051d5.838f6b85-1e72-4404-a193-f1b0dc79d107,2026-05-26T15:38:00Z,"Start with deterministic checks such as logs, metrics, config diffs, and runbooks. Escalate to a larger model only after those signals are summarized, and require the final prompt to include the incident scope and exact evidence instead of raw dumps.",Can you draft a hook policy that enforces that escalation pattern?,conv-3c5b7fe9f8,,[],[],0,req-249f02d5e908
2026-05-26,prompt-logs/chat/2026/05/26/kiro_chat_prompt_log.json,Design an AI SDLC flow that gives us visibility into which orchestration steps are driving most of the Kiro usage.,MANUAL,,d-92675051d5.a9a3e94b-b147-4fb7-9934-f5ea941fd110,2026-05-26T09:56:00Z,"Label each step in the orchestration chain and persist request metadata with a workflow stage tag such as discovery, planning, implementation, review, or validation. With those tags you can attribute credits to the exact stage and then adjust routing or context budgets where the spikes occur.",What tags should we standardize on for multi-agent SDLC workflows?,conv-4d241de9e1,,[],"[{""uri"":""https://docs.aws.amazon.com/quicksight/latest/user/welcome.html"",""title"":""[1] Amazon QuickSight User Guide"",""snippet"":""Guidance for building dashboards and visual analyses in Amazon QuickSight.""}]",1,req-3468014d0a60
2026-05-26,prompt-logs/chat/2026/05/26/kiro_chat_prompt_log.json,We want to evaluate whether our guardrail prompts are too broad and causing unnecessary token usage. What is the fastest way to inspect that?,MANUAL,,d-92675051d5.9b1ac779-7da0-470f-bfd8-fba1849ca111,2026-05-26T18:04:00Z,"Compare the longest prompts against the workflows they serve and look for repeated policy text, duplicated file context, and tool instructions that never trigger. Move stable policy into hooks or reusable templates and keep run-specific prompts focused on the actual task.",Can you propose a prompt review checklist for cost and hallucination risk?,conv-a722ed8066,,[],[],0,req-46cc5685c497
2026-05-26,prompt-logs/chat/2026/05/26/kiro_chat_prompt_log.json,Design an AI SDLC flow that gives us visibility into which orchestration steps are driving most of the Kiro usage.,MANUAL,,d-92675051d5.59888cc4-2dac-4454-a84e-b7968ad4e112,2026-05-26T14:35:00Z,"Label each step in the orchestration chain and persist request metadata with a workflow stage tag such as discovery, planning, implementation, review, or validation. With those tags you can attribute credits to the exact stage and then adjust routing or context budgets where the spikes occur.",What tags should we standardize on for multi-agent SDLC workflows?,conv-4433a3711b,,[],"[{""uri"":""https://docs.aws.amazon.com/quicksight/latest/user/welcome.html"",""title"":""[1] Amazon QuickSight User Guide"",""snippet"":""Guidance for building dashboards and visual analyses in Amazon QuickSight.""}]",1,req-513e7f01b078
2026-05-26,prompt-logs/chat/2026/05/26/kiro_chat_prompt_log.json,What guardrails should we add so SRE investigations use tools first and only escalate to larger models when needed?,MANUAL,,d-92675051d5.838f6b85-1e72-4404-a193-f1b0dc79d107,2026-05-26T17:52:00Z,"Start with deterministic checks such as logs, metrics, config diffs, and runbooks. Escalate to a larger model only after those signals are summarized, and require the final prompt to include the incident scope and exact evidence instead of raw dumps.",Can you draft a hook policy that enforces that escalation pattern?,conv-c3c832db68,,[],[],0,req-53ef0900b249
2026-05-26,prompt-logs/chat/2026/05/26/kiro_chat_prompt_log.json,Design an AI SDLC flow that gives us visibility into which orchestration steps are driving most of the Kiro usage.,MANUAL,,d-92675051d5.a9a3e94b-b147-4fb7-9934-f5ea941fd110,2026-05-26T10:36:00Z,"Label each step in the orchestration chain and persist request metadata with a workflow stage tag such as discovery, planning, implementation, review, or validation. With those tags you can attribute credits to the exact stage and then adjust routing or context budgets where the spikes occur.",What tags should we standardize on for multi-agent SDLC workflows?,conv-644b2618de,,[],"[{""uri"":""https://docs.aws.amazon.com/quicksight/latest/user/welcome.html"",""title"":""[1] Amazon QuickSight User Guide"",""snippet"":""Guidance for building dashboards and visual analyses in Amazon QuickSight.""}]",1,req-5609a27c7acd
2026-05-26,prompt-logs/chat/2026/05/26/kiro_chat_prompt_log.json,We want to evaluate whether our guardrail prompts are too broad and causing unnecessary token usage. What is the fastest way to inspect that?,INLINE_CHAT,,d-92675051d5.9b1ac779-7da0-470f-bfd8-fba1849ca111,2026-05-26T15:22:00Z,"Compare the longest prompts against the workflows they serve and look for repeated policy text, duplicated file context, and tool instructions that never trigger. Move stable policy into hooks or reusable templates and keep run-specific prompts focused on the actual task.",Can you propose a prompt review checklist for cost and hallucination risk?,conv-4756b8579f,,[],[],0,req-583731e58a14
2026-05-26,prompt-logs/chat/2026/05/26/kiro_chat_prompt_log.json,Review this modernization workflow and suggest how we should route simple code transforms versus deeper architecture questions to control Kiro credit usage.,MANUAL,,d-92675051d5.0ec463de-81c2-4f79-9d4c-029f7bb0f101,2026-05-26T13:42:00Z,Use a lighter default path for single-file transforms and reserve the higher-cost model only for cross-file refactors or design decisions. Add a first pass that trims unchanged files from context and sends documentation lookups to tools instead of the primary chat model.,"Can you turn that into a policy table for transform, review, and architecture tasks?",conv-f35b0e8901,,[],"[{""uri"":""https://docs.aws.amazon.com/lambda/latest/dg/welcome.html"",""title"":""[1] AWS Lambda Developer Guide"",""snippet"":""Developer guide for building, deploying, and operating AWS Lambda functions.""}]",1,req-5cfa3308ce11
2026-05-26,prompt-logs/chat/2026/05/26/kiro_chat_prompt_log.json,Review this modernization workflow and suggest how we should route simple code transforms versus deeper architecture questions to control Kiro credit usage.,INLINE_CHAT,,d-92675051d5.0ec463de-81c2-4f79-9d4c-029f7bb0f101,2026-05-26T12:17:00Z,Use a lighter default path for single-file transforms and reserve the higher-cost model only for cross-file refactors or design decisions. Add a first pass that trims unchanged files from context and sends documentation lookups to tools instead of the primary chat model.,"Can you turn that into a policy table for transform, review, and architecture tasks?",conv-3858e7b6e3,,[],"[{""uri"":""https://docs.aws.amazon.com/lambda/latest/dg/welcome.html"",""title"":""[1] AWS Lambda Developer Guide"",""snippet"":""Developer guide for building, deploying, and operating AWS Lambda functions.""}]",1,req-62490ca38a49
2026-05-26,prompt-logs/chat/2026/05/26/kiro_chat_prompt_log.json,We need per-user cost visibility for analytics workflows. What should we capture so we can separate exploratory prompts from production dashboard work?,MANUAL,,d-92675051d5.4a0a1ddb-32de-4237-b40f-cbc81f6ae105,2026-05-26T11:48:00Z,"Track the user, conversation, trigger type, and whether the request was an ad hoc question, spec task, or tool-assisted workflow. That separation makes it easier to route exploratory work to smaller models and keep scheduled or governed work on stricter guardrails.",Can you suggest dashboard dimensions for exploratory versus governed analytics work?,conv-bea32f9a17,,[],"[{""uri"":""https://docs.aws.amazon.com/athena/latest/ug/what-is.html"",""title"":""[1] What is Amazon Athena?"",""snippet"":""Overview of using Amazon Athena to query data in Amazon S3.""}]",1,req-66dd3750f710
2026-05-26,prompt-logs/chat/2026/05/26/kiro_chat_prompt_log.json,We want to evaluate whether our guardrail prompts are too broad and causing unnecessary token usage. What is the fastest way to inspect that?,MANUAL,,d-92675051d5.9b1ac779-7da0-470f-bfd8-fba1849ca111,2026-05-26T16:06:00Z,"Compare the longest prompts against the workflows they serve and look for repeated policy text, duplicated file context, and tool instructions that never trigger. Move stable policy into hooks or reusable templates and keep run-specific prompts focused on the actual task.",Can you propose a prompt review checklist for cost and hallucination risk?,conv-a722ed8066,,[],[],0,req-67465e17825b
2026-05-26,prompt-logs/chat/2026/05/26/kiro_chat_prompt_log.json,Review this modernization workflow and suggest how we should route simple code transforms versus deeper architecture questions to control Kiro credit usage.,MANUAL,,d-92675051d5.0ec463de-81c2-4f79-9d4c-029f7bb0f101,2026-05-26T17:10:00Z,Use a lighter default path for single-file transforms and reserve the higher-cost model only for cross-file refactors or design decisions. Add a first pass that trims unchanged files from context and sends documentation lookups to tools instead of the primary chat model.,"Can you turn that into a policy table for transform, review, and architecture tasks?",conv-474101de2b,,[],"[{""uri"":""https://docs.aws.amazon.com/lambda/latest/dg/welcome.html"",""title"":""[1] AWS Lambda Developer Guide"",""snippet"":""Developer guide for building, deploying, and operating AWS Lambda functions.""}]",1,req-6d77d09a3d96
2026-05-26,prompt-logs/chat/2026/05/26/kiro_chat_prompt_log.json,Review this modernization workflow and suggest how we should route simple code transforms versus deeper architecture questions to control Kiro credit usage.,MANUAL,,d-92675051d5.0ec463de-81c2-4f79-9d4c-029f7bb0f101,2026-05-26T16:00:00Z,Use a lighter default path for single-file transforms and reserve the higher-cost model only for cross-file refactors or design decisions. Add a first pass that trims unchanged files from context and sends documentation lookups to tools instead of the primary chat model.,"Can you turn that into a policy table for transform, review, and architecture tasks?",conv-f94c62943d,,[],"[{""uri"":""https://docs.aws.amazon.com/lambda/latest/dg/welcome.html"",""title"":""[1] AWS Lambda Developer Guide"",""snippet"":""Developer guide for building, deploying, and operating AWS Lambda functions.""}]",1,req-6edac5cb925d
2026-05-26,prompt-logs/chat/2026/05/26/kiro_chat_prompt_log.json,Help me reduce credit burn in our automated test-generation loop without losing coverage.,INLINE_CHAT,,d-92675051d5.797d1e6c-6d5f-41a9-8dc7-53d2ef14e102,2026-05-26T13:02:00Z,"Generate a lightweight test plan first, then ask Kiro to produce tests only for the selected cases. Reuse repository summaries across runs and gate expensive review passes behind coverage or failure thresholds.","Can you show a low-cost orchestration pattern for plan, generate, and review?",conv-9eeb9cd1fd,,[],[],0,req-767aee65b1a8
2026-05-26,prompt-logs/chat/2026/05/26/kiro_chat_prompt_log.json,We want to evaluate whether our guardrail prompts are too broad and causing unnecessary token usage. What is the fastest way to inspect that?,INLINE_CHAT,,d-92675051d5.9b1ac779-7da0-470f-bfd8-fba1849ca111,2026-05-26T16:06:00Z,"Compare the longest prompts against the workflows they serve and look for repeated policy text, duplicated file context, and tool instructions that never trigger. Move stable policy into hooks or reusable templates and keep run-specific prompts focused on the actual task.",Can you propose a prompt review checklist for cost and hallucination risk?,conv-86277f398b,,[],[],0,req-767e0709ee00
2026-05-26,prompt-logs/chat/2026/05/26/kiro_chat_prompt_log.json,Review this modernization workflow and suggest how we should route simple code transforms versus deeper architecture questions to control Kiro credit usage.,INLINE_CHAT,,d-92675051d5.0ec463de-81c2-4f79-9d4c-029f7bb0f101,2026-05-26T13:33:00Z,Use a lighter default path for single-file transforms and reserve the higher-cost model only for cross-file refactors or design decisions. Add a first pass that trims unchanged files from context and sends documentation lookups to tools instead of the primary chat model.,"Can you turn that into a policy table for transform, review, and architecture tasks?",conv-f35b0e8901,,[],"[{""uri"":""https://docs.aws.amazon.com/lambda/latest/dg/welcome.html"",""title"":""[1] AWS Lambda Developer Guide"",""snippet"":""Developer guide for building, deploying, and operating AWS Lambda functions.""}]",1,req-7af5aa37c355
2026-05-26,prompt-logs/chat/2026/05/26/kiro_chat_prompt_log.json,What guardrails should we add so SRE investigations use tools first and only escalate to larger models when needed?,MANUAL,,d-92675051d5.838f6b85-1e72-4404-a193-f1b0dc79d107,2026-05-26T13:52:00Z,"Start with deterministic checks such as logs, metrics, config diffs, and runbooks. Escalate to a larger model only after those signals are summarized, and require the final prompt to include the incident scope and exact evidence instead of raw dumps.",Can you draft a hook policy that enforces that escalation pattern?,conv-8ad951ab1c,,[],[],0,req-821c9464e1a7
2026-05-26,prompt-logs/chat/2026/05/26/kiro_chat_prompt_log.json,"Given this payment service refactor plan, where are we likely over-pulling context and increasing hallucination risk?",MANUAL,,d-92675051d5.0ec463de-81c2-4f79-9d4c-029f7bb0f101,2026-05-26T09:16:00Z,"The highest risk is sending every service, DTO, and migration file into the same request. Split discovery from implementation, summarize upstream contracts first, and only attach files directly relevant to the current change set.",What should the step-by-step agent flow look like after that split?,conv-53eca333e6,,[],[],0,req-851eb9710824
2026-05-26,prompt-logs/chat/2026/05/26/kiro_chat_prompt_log.json,Design an AI SDLC flow that gives us visibility into which orchestration steps are driving most of the Kiro usage.,MANUAL,,d-92675051d5.59888cc4-2dac-4454-a84e-b7968ad4e112,2026-05-26T15:29:00Z,"Label each step in the orchestration chain and persist request metadata with a workflow stage tag such as discovery, planning, implementation, review, or validation. With those tags you can attribute credits to the exact stage and then adjust routing or context budgets where the spikes occur.",What tags should we standardize on for multi-agent SDLC workflows?,conv-fbf581a082,,[],"[{""uri"":""https://docs.aws.amazon.com/quicksight/latest/user/welcome.html"",""title"":""[1] Amazon QuickSight User Guide"",""snippet"":""Guidance for building dashboards and visual analyses in Amazon QuickSight.""}]",1,req-8a0ce3c3d6ce
2026-05-26,prompt-logs/chat/2026/05/26/kiro_chat_prompt_log.json,Design an AI SDLC flow that gives us visibility into which orchestration steps are driving most of the Kiro usage.,MANUAL,,d-92675051d5.a9a3e94b-b147-4fb7-9934-f5ea941fd110,2026-05-26T15:13:00Z,"Label each step in the orchestration chain and persist request metadata with a workflow stage tag such as discovery, planning, implementation, review, or validation. With those tags you can attribute credits to the exact stage and then adjust routing or context budgets where the spikes occur.",What tags should we standardize on for multi-agent SDLC workflows?,conv-06470ee9a3,,[],"[{""uri"":""https://docs.aws.amazon.com/quicksight/latest/user/welcome.html"",""title"":""[1] Amazon QuickSight User Guide"",""snippet"":""Guidance for building dashboards and visual analyses in Amazon QuickSight.""}]",1,req-8cc8c454b5f0
2026-05-26,prompt-logs/chat/2026/05/26/kiro_chat_prompt_log.json,What guardrails should we add so SRE investigations use tools first and only escalate to larger models when needed?,MANUAL,,d-92675051d5.838f6b85-1e72-4404-a193-f1b0dc79d107,2026-05-26T15:35:00Z,"Start with deterministic checks such as logs, metrics, config diffs, and runbooks. Escalate to a larger model only after those signals are summarized, and require the final prompt to include the incident scope and exact evidence instead of raw dumps.",Can you draft a hook policy that enforces that escalation pattern?,conv-8ad951ab1c,,[],[],0,req-9d00a114e066
2026-05-26,prompt-logs/chat/2026/05/26/kiro_chat_prompt_log.json,Help me reduce credit burn in our automated test-generation loop without losing coverage.,MANUAL,,d-92675051d5.797d1e6c-6d5f-41a9-8dc7-53d2ef14e102,2026-05-26T17:58:00Z,"Generate a lightweight test plan first, then ask Kiro to produce tests only for the selected cases. Reuse repository summaries across runs and gate expensive review passes behind coverage or failure thresholds.","Can you show a low-cost orchestration pattern for plan, generate, and review?",conv-5bd281a364,,[],[],0,req-a2776cf478b0
2026-05-26,prompt-logs/chat/2026/05/26/kiro_chat_prompt_log.json,What guardrails should we add so SRE investigations use tools first and only escalate to larger models when needed?,MANUAL,,d-92675051d5.838f6b85-1e72-4404-a193-f1b0dc79d107,2026-05-26T13:15:00Z,"Start with deterministic checks such as logs, metrics, config diffs, and runbooks. Escalate to a larger model only after those signals are summarized, and require the final prompt to include the incident scope and exact evidence instead of raw dumps.",Can you draft a hook policy that enforces that escalation pattern?,conv-edc073c1df,,[],[],0,req-afa71d60a92e
2026-05-26,prompt-logs/chat/2026/05/26/kiro_chat_prompt_log.json,We need per-user cost visibility for analytics workflows. What should we capture so we can separate exploratory prompts from production dashboard work?,MANUAL,,d-92675051d5.4a0a1ddb-32de-4237-b40f-cbc81f6ae105,2026-05-26T16:50:00Z,"Track the user, conversation, trigger type, and whether the request was an ad hoc question, spec task, or tool-assisted workflow. That separation makes it easier to route exploratory work to smaller models and keep scheduled or governed work on stricter guardrails.",Can you suggest dashboard dimensions for exploratory versus governed analytics work?,conv-5a525adb6e,,[],"[{""uri"":""https://docs.aws.amazon.com/athena/latest/ug/what-is.html"",""title"":""[1] What is Amazon Athena?"",""snippet"":""Overview of using Amazon Athena to query data in Amazon S3.""}]",1,req-b0f2d4a88b00
2026-05-26,prompt-logs/chat/2026/05/26/kiro_chat_prompt_log.json,Design an AI SDLC flow that gives us visibility into which orchestration steps are driving most of the Kiro usage.,MANUAL,,d-92675051d5.a9a3e94b-b147-4fb7-9934-f5ea941fd110,2026-05-26T16:41:00Z,"Label each step in the orchestration chain and persist request metadata with a workflow stage tag such as discovery, planning, implementation, review, or validation. With those tags you can attribute credits to the exact stage and then adjust routing or context budgets where the spikes occur.",What tags should we standardize on for multi-agent SDLC workflows?,conv-a82fe09a3a,,[],"[{""uri"":""https://docs.aws.amazon.com/quicksight/latest/user/welcome.html"",""title"":""[1] Amazon QuickSight User Guide"",""snippet"":""Guidance for building dashboards and visual analyses in Amazon QuickSight.""}]",1,req-b217fa356166
2026-05-26,prompt-logs/chat/2026/05/26/kiro_chat_prompt_log.json,We want to evaluate whether our guardrail prompts are too broad and causing unnecessary token usage. What is the fastest way to inspect that?,MANUAL,,d-92675051d5.9b1ac779-7da0-470f-bfd8-fba1849ca111,2026-05-26T18:38:00Z,"Compare the longest prompts against the workflows they serve and look for repeated policy text, duplicated file context, and tool instructions that never trigger. Move stable policy into hooks or reusable templates and keep run-specific prompts focused on the actual task.",Can you propose a prompt review checklist for cost and hallucination risk?,conv-cff70e729f,,[],[],0,req-b28222c0cbad
2026-05-26,prompt-logs/chat/2026/05/26/kiro_chat_prompt_log.json,We need per-user cost visibility for analytics workflows. What should we capture so we can separate exploratory prompts from production dashboard work?,MANUAL,,d-92675051d5.4a0a1ddb-32de-4237-b40f-cbc81f6ae105,2026-05-26T15:15:00Z,"Track the user, conversation, trigger type, and whether the request was an ad hoc question, spec task, or tool-assisted workflow. That separation makes it easier to route exploratory work to smaller models and keep scheduled or governed work on stricter guardrails.",Can you suggest dashboard dimensions for exploratory versus governed analytics work?,conv-57d084e4dc,,[],"[{""uri"":""https://docs.aws.amazon.com/athena/latest/ug/what-is.html"",""title"":""[1] What is Amazon Athena?"",""snippet"":""Overview of using Amazon Athena to query data in Amazon S3.""}]",1,req-bd51858e82b4
2026-05-26,prompt-logs/chat/2026/05/26/kiro_chat_prompt_log.json,We need per-user cost visibility for analytics workflows. What should we capture so we can separate exploratory prompts from production dashboard work?,MANUAL,,d-92675051d5.33a7a52f-dbf7-4f6b-89c9-43d30a61e104,2026-05-26T12:56:00Z,"Track the user, conversation, trigger type, and whether the request was an ad hoc question, spec task, or tool-assisted workflow. That separation makes it easier to route exploratory work to smaller models and keep scheduled or governed work on stricter guardrails.",Can you suggest dashboard dimensions for exploratory versus governed analytics work?,conv-3868dee7d1,,[],"[{""uri"":""https://docs.aws.amazon.com/athena/latest/ug/what-is.html"",""title"":""[1] What is Amazon Athena?"",""snippet"":""Overview of using Amazon Athena to query data in Amazon S3.""}]",1,req-c2010c1c5752
2026-05-26,prompt-logs/chat/2026/05/26/kiro_chat_prompt_log.json,We need per-user cost visibility for analytics workflows. What should we capture so we can separate exploratory prompts from production dashboard work?,MANUAL,,d-92675051d5.33a7a52f-dbf7-4f6b-89c9-43d30a61e104,2026-05-26T13:20:00Z,"Track the user, conversation, trigger type, and whether the request was an ad hoc question, spec task, or tool-assisted workflow. That separation makes it easier to route exploratory work to smaller models and keep scheduled or governed work on stricter guardrails.",Can you suggest dashboard dimensions for exploratory versus governed analytics work?,conv-9f84ad8dd3,,[],"[{""uri"":""https://docs.aws.amazon.com/athena/latest/ug/what-is.html"",""title"":""[1] What is Amazon Athena?"",""snippet"":""Overview of using Amazon Athena to query data in Amazon S3.""}]",1,req-c791628e8a18
2026-05-26,prompt-logs/chat/2026/05/26/kiro_chat_prompt_log.json,"Given this payment service refactor plan, where are we likely over-pulling context and increasing hallucination risk?",MANUAL,,d-92675051d5.0ec463de-81c2-4f79-9d4c-029f7bb0f101,2026-05-26T09:14:00Z,"The highest risk is sending every service, DTO, and migration file into the same request. Split discovery from implementation, summarize upstream contracts first, and only attach files directly relevant to the current change set.",What should the step-by-step agent flow look like after that split?,conv-f94c62943d,,[],[],0,req-c936c78436c4
2026-05-26,prompt-logs/chat/2026/05/26/kiro_chat_prompt_log.json,Design an AI SDLC flow that gives us visibility into which orchestration steps are driving most of the Kiro usage.,MANUAL,,d-92675051d5.a9a3e94b-b147-4fb7-9934-f5ea941fd110,2026-05-26T10:47:00Z,"Label each step in the orchestration chain and persist request metadata with a workflow stage tag such as discovery, planning, implementation, review, or validation. With those tags you can attribute credits to the exact stage and then adjust routing or context budgets where the spikes occur.",What tags should we standardize on for multi-agent SDLC workflows?,conv-62f6d2195b,,[],"[{""uri"":""https://docs.aws.amazon.com/quicksight/latest/user/welcome.html"",""title"":""[1] Amazon QuickSight User Guide"",""snippet"":""Guidance for building dashboards and visual analyses in Amazon QuickSight.""}]",1,req-c9619d6f6836
2026-05-26,prompt-logs/chat/2026/05/26/kiro_chat_prompt_log.json,Design an AI SDLC flow that gives us visibility into which orchestration steps are driving most of the Kiro usage.,MANUAL,,d-92675051d5.59888cc4-2dac-4454-a84e-b7968ad4e112,2026-05-26T15:24:00Z,"Label each step in the orchestration chain and persist request metadata with a workflow stage tag such as discovery, planning, implementation, review, or validation. With those tags you can attribute credits to the exact stage and then adjust routing or context budgets where the spikes occur.",What tags should we standardize on for multi-agent SDLC workflows?,conv-948090f430,,[],"[{""uri"":""https://docs.aws.amazon.com/quicksight/latest/user/welcome.html"",""title"":""[1] Amazon QuickSight User Guide"",""snippet"":""Guidance for building dashboards and visual analyses in Amazon QuickSight.""}]",1,req-c9fa8d4c6679
2026-05-26,prompt-logs/chat/2026/05/26/kiro_chat_prompt_log.json,What guardrails should we add so SRE investigations use tools first and only escalate to larger models when needed?,MANUAL,,d-92675051d5.838f6b85-1e72-4404-a193-f1b0dc79d107,2026-05-26T12:47:00Z,"Start with deterministic checks such as logs, metrics, config diffs, and runbooks. Escalate to a larger model only after those signals are summarized, and require the final prompt to include the incident scope and exact evidence instead of raw dumps.",Can you draft a hook policy that enforces that escalation pattern?,conv-3c5b7fe9f8,,[],[],0,req-d2639399690c
2026-05-26,prompt-logs/chat/2026/05/26/kiro_chat_prompt_log.json,Review this modernization workflow and suggest how we should route simple code transforms versus deeper architecture questions to control Kiro credit usage.,MANUAL,,d-92675051d5.0ec463de-81c2-4f79-9d4c-029f7bb0f101,2026-05-26T17:56:00Z,Use a lighter default path for single-file transforms and reserve the higher-cost model only for cross-file refactors or design decisions. Add a first pass that trims unchanged files from context and sends documentation lookups to tools instead of the primary chat model.,"Can you turn that into a policy table for transform, review, and architecture tasks?",conv-3858e7b6e3,,[],"[{""uri"":""https://docs.aws.amazon.com/lambda/latest/dg/welcome.html"",""title"":""[1] AWS Lambda Developer Guide"",""snippet"":""Developer guide for building, deploying, and operating AWS Lambda functions.""}]",1,req-d39691dc3df9
2026-05-26,prompt-logs/chat/2026/05/26/kiro_chat_prompt_log.json,Design an AI SDLC flow that gives us visibility into which orchestration steps are driving most of the Kiro usage.,MANUAL,,d-92675051d5.a9a3e94b-b147-4fb7-9934-f5ea941fd110,2026-05-26T18:55:00Z,"Label each step in the orchestration chain and persist request metadata with a workflow stage tag such as discovery, planning, implementation, review, or validation. With those tags you can attribute credits to the exact stage and then adjust routing or context budgets where the spikes occur.",What tags should we standardize on for multi-agent SDLC workflows?,conv-644b2618de,,[],"[{""uri"":""https://docs.aws.amazon.com/quicksight/latest/user/welcome.html"",""title"":""[1] Amazon QuickSight User Guide"",""snippet"":""Guidance for building dashboards and visual analyses in Amazon QuickSight.""}]",1,req-d9c666513a77
2026-05-26,prompt-logs/chat/2026/05/26/kiro_chat_prompt_log.json,Design an AI SDLC flow that gives us visibility into which orchestration steps are driving most of the Kiro usage.,MANUAL,,d-92675051d5.59888cc4-2dac-4454-a84e-b7968ad4e112,2026-05-26T18:12:00Z,"Label each step in the orchestration chain and persist request metadata with a workflow stage tag such as discovery, planning, implementation, review, or validation. With those tags you can attribute credits to the exact stage and then adjust routing or context budgets where the spikes occur.",What tags should we standardize on for multi-agent SDLC workflows?,conv-10ef02bc41,,[],"[{""uri"":""https://docs.aws.amazon.com/quicksight/latest/user/welcome.html"",""title"":""[1] Amazon QuickSight User Guide"",""snippet"":""Guidance for building dashboards and visual analyses in Amazon QuickSight.""}]",1,req-da1d368e8814
2026-05-26,prompt-logs/chat/2026/05/26/kiro_chat_prompt_log.json,We want to evaluate whether our guardrail prompts are too broad and causing unnecessary token usage. What is the fastest way to inspect that?,INLINE_CHAT,,d-92675051d5.9b1ac779-7da0-470f-bfd8-fba1849ca111,2026-05-26T18:54:00Z,"Compare the longest prompts against the workflows they serve and look for repeated policy text, duplicated file context, and tool instructions that never trigger. Move stable policy into hooks or reusable templates and keep run-specific prompts focused on the actual task.",Can you propose a prompt review checklist for cost and hallucination risk?,conv-cff70e729f,,[],[],0,req-e1b0e2af533d
2026-05-26,prompt-logs/chat/2026/05/26/kiro_chat_prompt_log.json,Design an AI SDLC flow that gives us visibility into which orchestration steps are driving most of the Kiro usage.,MANUAL,,d-92675051d5.a9a3e94b-b147-4fb7-9934-f5ea941fd110,2026-05-26T10:36:00Z,"Label each step in the orchestration chain and persist request metadata with a workflow stage tag such as discovery, planning, implementation, review, or validation. With those tags you can attribute credits to the exact stage and then adjust routing or context budgets where the spikes occur.",What tags should we standardize on for multi-agent SDLC workflows?,conv-62f6d2195b,,[],"[{""uri"":""https://docs.aws.amazon.com/quicksight/latest/user/welcome.html"",""title"":""[1] Amazon QuickSight User Guide"",""snippet"":""Guidance for building dashboards and visual analyses in Amazon QuickSight.""}]",1,req-e2eac83838b1
2026-05-26,prompt-logs/chat/2026/05/26/kiro_chat_prompt_log.json,What guardrails should we add so SRE investigations use tools first and only escalate to larger models when needed?,MANUAL,,d-92675051d5.838f6b85-1e72-4404-a193-f1b0dc79d107,2026-05-26T14:28:00Z,"Start with deterministic checks such as logs, metrics, config diffs, and runbooks. Escalate to a larger model only after those signals are summarized, and require the final prompt to include the incident scope and exact evidence instead of raw dumps.",Can you draft a hook policy that enforces that escalation pattern?,conv-52e2c5b0de,,[],[],0,req-e3ad4cdf8afc
2026-05-26,prompt-logs/chat/2026/05/26/kiro_chat_prompt_log.json,Design an AI SDLC flow that gives us visibility into which orchestration steps are driving most of the Kiro usage.,MANUAL,,d-92675051d5.a9a3e94b-b147-4fb7-9934-f5ea941fd110,2026-05-26T12:12:00Z,"Label each step in the orchestration chain and persist request metadata with a workflow stage tag such as discovery, planning, implementation, review, or validation. With those tags you can attribute credits to the exact stage and then adjust routing or context budgets where the spikes occur.",What tags should we standardize on for multi-agent SDLC workflows?,conv-a82fe09a3a,,[],"[{""uri"":""https://docs.aws.amazon.com/quicksight/latest/user/welcome.html"",""title"":""[1] Amazon QuickSight User Guide"",""snippet"":""Guidance for building dashboards and visual analyses in Amazon QuickSight.""}]",1,req-e53570bf7410
2026-05-26,prompt-logs/chat/2026/05/26/kiro_chat_prompt_log.json,What guardrails should we add so SRE investigations use tools first and only escalate to larger models when needed?,MANUAL,,d-92675051d5.838f6b85-1e72-4404-a193-f1b0dc79d107,2026-05-26T17:22:00Z,"Start with deterministic checks such as logs, metrics, config diffs, and runbooks. Escalate to a larger model only after those signals are summarized, and require the final prompt to include the incident scope and exact evidence instead of raw dumps.",Can you draft a hook policy that enforces that escalation pattern?,conv-52e2c5b0de,,[],[],0,req-e636de669db1
2026-05-26,prompt-logs/chat/2026/05/26/kiro_chat_prompt_log.json,We want to evaluate whether our guardrail prompts are too broad and causing unnecessary token usage. What is the fastest way to inspect that?,INLINE_CHAT,,d-92675051d5.9b1ac779-7da0-470f-bfd8-fba1849ca111,2026-05-26T12:20:00Z,"Compare the longest prompts against the workflows they serve and look for repeated policy text, duplicated file context, and tool instructions that never trigger. Move stable policy into hooks or reusable templates and keep run-specific prompts focused on the actual task.",Can you propose a prompt review checklist for cost and hallucination risk?,conv-86277f398b,,[],[],0,req-e877c17d4e58
2026-05-26,prompt-logs/chat/2026/05/26/kiro_chat_prompt_log.json,We want to evaluate whether our guardrail prompts are too broad and causing unnecessary token usage. What is the fastest way to inspect that?,MANUAL,,d-92675051d5.9b1ac779-7da0-470f-bfd8-fba1849ca111,2026-05-26T12:46:00Z,"Compare the longest prompts against the workflows they serve and look for repeated policy text, duplicated file context, and tool instructions that never trigger. Move stable policy into hooks or reusable templates and keep run-specific prompts focused on the actual task.",Can you propose a prompt review checklist for cost and hallucination risk?,conv-a722ed8066,,[],[],0,req-fe276c479e67
