Log_Date,Log_File_Path,Left_Context,Right_Context,File_Name,Customization_Arn,UserId,TimeStamp_UTC,Completions_JSON,Accepted_Completion,Completion_Count,Request_Id
2026-05-13,prompt-logs/inline-suggestions/2026/05/13/kiro_inline_suggestions_log.json,"const errorRateAlarm = new cloudwatch.Alarm(this, 'HighErrorRate', {
  metric: errorRateMetric,
  threshold: 0.05,
  ","
});
",infra/alarms/high_error_rate.ts,,d-92675051d5.3b537ba7-2c3b-4a6c-aec6-61e594bd1109,2026-05-13T17:54:00Z,"[""evaluationPeriods: 3,\n  datapointsToAlarm: 2,""]","evaluationPeriods: 3,
  datapointsToAlarm: 2,",1,req-02cfc857f13f
2026-05-13,prompt-logs/inline-suggestions/2026/05/13/kiro_inline_suggestions_log.json,"## Validation Stage

The validation agent should receive only the artifacts needed to verify the implementation.
","
## Rollout Stage
",specs/orchestrator/workflow.md,,d-92675051d5.a9a3e94b-b147-4fb7-9934-f5ea941fd110,2026-05-13T17:35:00Z,"[""- Include the final diff summary and test evidence instead of the full planning history.\n- Stop and request human review when cost or scope exceeds policy thresholds.""]","- Include the final diff summary and test evidence instead of the full planning history.
- Stop and request human review when cost or scope exceeds policy thresholds.",1,req-03f7ba58bda9
2026-05-13,prompt-logs/inline-suggestions/2026/05/13/kiro_inline_suggestions_log.json,"const errorRateAlarm = new cloudwatch.Alarm(this, 'HighErrorRate', {
  metric: errorRateMetric,
  threshold: 0.05,
  ","
});
",infra/alarms/high_error_rate.ts,,d-92675051d5.6273ba8a-bb02-425f-b443-3d4dcb2c9108,2026-05-13T18:57:00Z,"[""evaluationPeriods: 3,\n  datapointsToAlarm: 2,""]","evaluationPeriods: 3,
  datapointsToAlarm: 2,",1,req-0480e877a47c
2026-05-13,prompt-logs/inline-suggestions/2026/05/13/kiro_inline_suggestions_log.json,"const errorRateAlarm = new cloudwatch.Alarm(this, 'HighErrorRate', {
  metric: errorRateMetric,
  threshold: 0.05,
  ","
});
",infra/alarms/high_error_rate.ts,,d-92675051d5.6273ba8a-bb02-425f-b443-3d4dcb2c9108,2026-05-13T13:14:00Z,"[""evaluationPeriods: 3,\n  datapointsToAlarm: 2,""]","evaluationPeriods: 3,
  datapointsToAlarm: 2,",1,req-1487d5095aa3
2026-05-13,prompt-logs/inline-suggestions/2026/05/13/kiro_inline_suggestions_log.json,"export async function migrateLedgerEntry(entry: LegacyLedgerEntry) {
  const normalized = normalizeLedgerEntry(entry);
  ","
  return normalized;
}
",src/payments/migrate-ledger.ts,,d-92675051d5.0ec463de-81c2-4f79-9d4c-029f7bb0f101,2026-05-13T16:38:00Z,"[""if (!normalized.accountId) {\n    throw new Error('Missing accountId');\n  }""]","if (!normalized.accountId) {
    throw new Error('Missing accountId');
  }",1,req-1ad38fdf50f6
2026-05-13,prompt-logs/inline-suggestions/2026/05/13/kiro_inline_suggestions_log.json,"## Validation Stage

The validation agent should receive only the artifacts needed to verify the implementation.
","
## Rollout Stage
",specs/orchestrator/workflow.md,,d-92675051d5.a9a3e94b-b147-4fb7-9934-f5ea941fd110,2026-05-13T12:46:00Z,"[""- Include the final diff summary and test evidence instead of the full planning history.\n- Stop and request human review when cost or scope exceeds policy thresholds.""]","- Include the final diff summary and test evidence instead of the full planning history.
- Stop and request human review when cost or scope exceeds policy thresholds.",1,req-2bc1b47acb42
2026-05-13,prompt-logs/inline-suggestions/2026/05/13/kiro_inline_suggestions_log.json,"export async function migrateLedgerEntry(entry: LegacyLedgerEntry) {
  const normalized = normalizeLedgerEntry(entry);
  ","
  return normalized;
}
",src/payments/migrate-ledger.ts,,d-92675051d5.f12818d1-8f2c-4d54-9188-4f7224a4d103,2026-05-13T09:04:00Z,"[""if (!normalized.accountId) {\n    throw new Error('Missing accountId');\n  }""]","if (!normalized.accountId) {
    throw new Error('Missing accountId');
  }",1,req-39ba85c122c7
2026-05-13,prompt-logs/inline-suggestions/2026/05/13/kiro_inline_suggestions_log.json,"export async function migrateLedgerEntry(entry: LegacyLedgerEntry) {
  const normalized = normalizeLedgerEntry(entry);
  ","
  return normalized;
}
",src/payments/migrate-ledger.ts,,d-92675051d5.0ec463de-81c2-4f79-9d4c-029f7bb0f101,2026-05-13T13:04:00Z,"[""if (!normalized.accountId) {\n    throw new Error('Missing accountId');\n  }""]","if (!normalized.accountId) {
    throw new Error('Missing accountId');
  }",1,req-40c800c71f2a
2026-05-13,prompt-logs/inline-suggestions/2026/05/13/kiro_inline_suggestions_log.json,"export async function migrateLedgerEntry(entry: LegacyLedgerEntry) {
  const normalized = normalizeLedgerEntry(entry);
  ","
  return normalized;
}
",src/payments/migrate-ledger.ts,,d-92675051d5.0ec463de-81c2-4f79-9d4c-029f7bb0f101,2026-05-13T10:13:00Z,"[""if (!normalized.accountId) {\n    throw new Error('Missing accountId');\n  }""]","if (!normalized.accountId) {
    throw new Error('Missing accountId');
  }",1,req-429027f2a3cb
2026-05-13,prompt-logs/inline-suggestions/2026/05/13/kiro_inline_suggestions_log.json,"describe('PaymentService', () => {
  it('retries transient failures', async () => {
    const service = createService();
    ","
  });
});
",tests/payment-service.spec.ts,,d-92675051d5.797d1e6c-6d5f-41a9-8dc7-53d2ef14e102,2026-05-13T11:59:00Z,"[""await expect(service.charge(sampleRequest)).resolves.toMatchObject({ status: 'accepted' });""]",await expect(service.charge(sampleRequest)).resolves.toMatchObject({ status: 'accepted' });,1,req-430d86115bda
2026-05-13,prompt-logs/inline-suggestions/2026/05/13/kiro_inline_suggestions_log.json,"def build_daily_metrics(events: list[dict]) -> dict:
    totals = summarize_events(events)
    ","
    return totals
",analytics/build_daily_metrics.py,,d-92675051d5.4a0a1ddb-32de-4237-b40f-cbc81f6ae105,2026-05-13T17:34:00Z,"[""totals['conversion_rate'] = safe_divide(totals['orders'], totals['sessions'])""]","totals['conversion_rate'] = safe_divide(totals['orders'], totals['sessions'])",1,req-468fe7139659
2026-05-13,prompt-logs/inline-suggestions/2026/05/13/kiro_inline_suggestions_log.json,"export async function migrateLedgerEntry(entry: LegacyLedgerEntry) {
  const normalized = normalizeLedgerEntry(entry);
  ","
  return normalized;
}
",src/payments/migrate-ledger.ts,,d-92675051d5.0ec463de-81c2-4f79-9d4c-029f7bb0f101,2026-05-13T18:42:00Z,"[""if (!normalized.accountId) {\n    throw new Error('Missing accountId');\n  }""]","if (!normalized.accountId) {
    throw new Error('Missing accountId');
  }",1,req-5220fc190cc3
2026-05-13,prompt-logs/inline-suggestions/2026/05/13/kiro_inline_suggestions_log.json,"describe('PaymentService', () => {
  it('retries transient failures', async () => {
    const service = createService();
    ","
  });
});
",tests/payment-service.spec.ts,,d-92675051d5.797d1e6c-6d5f-41a9-8dc7-53d2ef14e102,2026-05-13T15:48:00Z,"[""await expect(service.charge(sampleRequest)).resolves.toMatchObject({ status: 'accepted' });""]",await expect(service.charge(sampleRequest)).resolves.toMatchObject({ status: 'accepted' });,1,req-533ec5130710
2026-05-13,prompt-logs/inline-suggestions/2026/05/13/kiro_inline_suggestions_log.json,"const errorRateAlarm = new cloudwatch.Alarm(this, 'HighErrorRate', {
  metric: errorRateMetric,
  threshold: 0.05,
  ","
});
",infra/alarms/high_error_rate.ts,,d-92675051d5.838f6b85-1e72-4404-a193-f1b0dc79d107,2026-05-13T16:36:00Z,"[""evaluationPeriods: 3,\n  datapointsToAlarm: 2,""]","evaluationPeriods: 3,
  datapointsToAlarm: 2,",1,req-557ad361a4a2
2026-05-13,prompt-logs/inline-suggestions/2026/05/13/kiro_inline_suggestions_log.json,"describe('PaymentService', () => {
  it('retries transient failures', async () => {
    const service = createService();
    ","
  });
});
",tests/payment-service.spec.ts,,d-92675051d5.797d1e6c-6d5f-41a9-8dc7-53d2ef14e102,2026-05-13T13:03:00Z,"[""await expect(service.charge(sampleRequest)).resolves.toMatchObject({ status: 'accepted' });""]",await expect(service.charge(sampleRequest)).resolves.toMatchObject({ status: 'accepted' });,1,req-59e96dc9294c
2026-05-13,prompt-logs/inline-suggestions/2026/05/13/kiro_inline_suggestions_log.json,"def build_daily_metrics(events: list[dict]) -> dict:
    totals = summarize_events(events)
    ","
    return totals
",analytics/build_daily_metrics.py,,d-92675051d5.4a0a1ddb-32de-4237-b40f-cbc81f6ae105,2026-05-13T18:16:00Z,"[""totals['conversion_rate'] = safe_divide(totals['orders'], totals['sessions'])""]","totals['conversion_rate'] = safe_divide(totals['orders'], totals['sessions'])",1,req-5e66b91399ed
2026-05-13,prompt-logs/inline-suggestions/2026/05/13/kiro_inline_suggestions_log.json,"## Validation Stage

The validation agent should receive only the artifacts needed to verify the implementation.
","
## Rollout Stage
",specs/orchestrator/workflow.md,,d-92675051d5.a9a3e94b-b147-4fb7-9934-f5ea941fd110,2026-05-13T11:20:00Z,"[""- Include the final diff summary and test evidence instead of the full planning history.\n- Stop and request human review when cost or scope exceeds policy thresholds.""]","- Include the final diff summary and test evidence instead of the full planning history.
- Stop and request human review when cost or scope exceeds policy thresholds.",1,req-70da34956534
2026-05-13,prompt-logs/inline-suggestions/2026/05/13/kiro_inline_suggestions_log.json,"const errorRateAlarm = new cloudwatch.Alarm(this, 'HighErrorRate', {
  metric: errorRateMetric,
  threshold: 0.05,
  ","
});
",infra/alarms/high_error_rate.ts,,d-92675051d5.6273ba8a-bb02-425f-b443-3d4dcb2c9108,2026-05-13T16:53:00Z,"[""evaluationPeriods: 3,\n  datapointsToAlarm: 2,""]","evaluationPeriods: 3,
  datapointsToAlarm: 2,",1,req-72420f259c9e
2026-05-13,prompt-logs/inline-suggestions/2026/05/13/kiro_inline_suggestions_log.json,"const errorRateAlarm = new cloudwatch.Alarm(this, 'HighErrorRate', {
  metric: errorRateMetric,
  threshold: 0.05,
  ","
});
",infra/alarms/high_error_rate.ts,,d-92675051d5.6273ba8a-bb02-425f-b443-3d4dcb2c9108,2026-05-13T15:41:00Z,"[""evaluationPeriods: 3,\n  datapointsToAlarm: 2,""]","evaluationPeriods: 3,
  datapointsToAlarm: 2,",1,req-7d3934105c2a
2026-05-13,prompt-logs/inline-suggestions/2026/05/13/kiro_inline_suggestions_log.json,"const errorRateAlarm = new cloudwatch.Alarm(this, 'HighErrorRate', {
  metric: errorRateMetric,
  threshold: 0.05,
  ","
});
",infra/alarms/high_error_rate.ts,,d-92675051d5.3b537ba7-2c3b-4a6c-aec6-61e594bd1109,2026-05-13T13:56:00Z,"[""evaluationPeriods: 3,\n  datapointsToAlarm: 2,""]","evaluationPeriods: 3,
  datapointsToAlarm: 2,",1,req-8c51fc60c118
2026-05-13,prompt-logs/inline-suggestions/2026/05/13/kiro_inline_suggestions_log.json,"export async function migrateLedgerEntry(entry: LegacyLedgerEntry) {
  const normalized = normalizeLedgerEntry(entry);
  ","
  return normalized;
}
",src/payments/migrate-ledger.ts,,d-92675051d5.f12818d1-8f2c-4d54-9188-4f7224a4d103,2026-05-13T12:12:00Z,"[""if (!normalized.accountId) {\n    throw new Error('Missing accountId');\n  }""]","if (!normalized.accountId) {
    throw new Error('Missing accountId');
  }",1,req-8e3869204cca
2026-05-13,prompt-logs/inline-suggestions/2026/05/13/kiro_inline_suggestions_log.json,"def build_daily_metrics(events: list[dict]) -> dict:
    totals = summarize_events(events)
    ","
    return totals
",analytics/build_daily_metrics.py,,d-92675051d5.33a7a52f-dbf7-4f6b-89c9-43d30a61e104,2026-05-13T14:26:00Z,"[""totals['conversion_rate'] = safe_divide(totals['orders'], totals['sessions'])""]","totals['conversion_rate'] = safe_divide(totals['orders'], totals['sessions'])",1,req-9832a80e2232
2026-05-13,prompt-logs/inline-suggestions/2026/05/13/kiro_inline_suggestions_log.json,"## Guardrail Checklist

- Confirm the task is scoped to the current change.
","
- Record the outcome in the evaluation log.
",guardrails/prompt_review.md,,d-92675051d5.9b1ac779-7da0-470f-bfd8-fba1849ca111,2026-05-13T17:37:00Z,"[""- Remove duplicated policy text that is already enforced by hooks or system instructions.""]",- Remove duplicated policy text that is already enforced by hooks or system instructions.,1,req-a07b9e7077bf
2026-05-13,prompt-logs/inline-suggestions/2026/05/13/kiro_inline_suggestions_log.json,"const errorRateAlarm = new cloudwatch.Alarm(this, 'HighErrorRate', {
  metric: errorRateMetric,
  threshold: 0.05,
  ","
});
",infra/alarms/high_error_rate.ts,,d-92675051d5.838f6b85-1e72-4404-a193-f1b0dc79d107,2026-05-13T15:48:00Z,"[""evaluationPeriods: 3,\n  datapointsToAlarm: 2,""]","evaluationPeriods: 3,
  datapointsToAlarm: 2,",1,req-a1b501c69020
2026-05-13,prompt-logs/inline-suggestions/2026/05/13/kiro_inline_suggestions_log.json,"## Guardrail Checklist

- Confirm the task is scoped to the current change.
","
- Record the outcome in the evaluation log.
",guardrails/prompt_review.md,,d-92675051d5.9b1ac779-7da0-470f-bfd8-fba1849ca111,2026-05-13T10:10:00Z,"[""- Remove duplicated policy text that is already enforced by hooks or system instructions.""]",- Remove duplicated policy text that is already enforced by hooks or system instructions.,1,req-a350d3e86ed5
2026-05-13,prompt-logs/inline-suggestions/2026/05/13/kiro_inline_suggestions_log.json,"def build_daily_metrics(events: list[dict]) -> dict:
    totals = summarize_events(events)
    ","
    return totals
",analytics/build_daily_metrics.py,,d-92675051d5.33a7a52f-dbf7-4f6b-89c9-43d30a61e104,2026-05-13T13:36:00Z,"[""totals['conversion_rate'] = safe_divide(totals['orders'], totals['sessions'])""]","totals['conversion_rate'] = safe_divide(totals['orders'], totals['sessions'])",1,req-a52caf151b3b
2026-05-13,prompt-logs/inline-suggestions/2026/05/13/kiro_inline_suggestions_log.json,"export async function migrateLedgerEntry(entry: LegacyLedgerEntry) {
  const normalized = normalizeLedgerEntry(entry);
  ","
  return normalized;
}
",src/payments/migrate-ledger.ts,,d-92675051d5.0ec463de-81c2-4f79-9d4c-029f7bb0f101,2026-05-13T16:58:00Z,"[""if (!normalized.accountId) {\n    throw new Error('Missing accountId');\n  }""]","if (!normalized.accountId) {
    throw new Error('Missing accountId');
  }",1,req-a71d172f5867
2026-05-13,prompt-logs/inline-suggestions/2026/05/13/kiro_inline_suggestions_log.json,"def build_daily_metrics(events: list[dict]) -> dict:
    totals = summarize_events(events)
    ","
    return totals
",analytics/build_daily_metrics.py,,d-92675051d5.7e23e16f-5eb6-49f0-8e5d-a84c5ad99106,2026-05-13T09:16:00Z,"[""totals['conversion_rate'] = safe_divide(totals['orders'], totals['sessions'])""]","totals['conversion_rate'] = safe_divide(totals['orders'], totals['sessions'])",1,req-b0cc3b47bccb
2026-05-13,prompt-logs/inline-suggestions/2026/05/13/kiro_inline_suggestions_log.json,"## Validation Stage

The validation agent should receive only the artifacts needed to verify the implementation.
","
## Rollout Stage
",specs/orchestrator/workflow.md,,d-92675051d5.a9a3e94b-b147-4fb7-9934-f5ea941fd110,2026-05-13T14:11:00Z,"[""- Include the final diff summary and test evidence instead of the full planning history.\n- Stop and request human review when cost or scope exceeds policy thresholds.""]","- Include the final diff summary and test evidence instead of the full planning history.
- Stop and request human review when cost or scope exceeds policy thresholds.",1,req-b2368a45d292
2026-05-13,prompt-logs/inline-suggestions/2026/05/13/kiro_inline_suggestions_log.json,"## Validation Stage

The validation agent should receive only the artifacts needed to verify the implementation.
","
## Rollout Stage
",specs/orchestrator/workflow.md,,d-92675051d5.a9a3e94b-b147-4fb7-9934-f5ea941fd110,2026-05-13T10:53:00Z,"[""- Include the final diff summary and test evidence instead of the full planning history.\n- Stop and request human review when cost or scope exceeds policy thresholds.""]","- Include the final diff summary and test evidence instead of the full planning history.
- Stop and request human review when cost or scope exceeds policy thresholds.",1,req-befcebdea357
2026-05-13,prompt-logs/inline-suggestions/2026/05/13/kiro_inline_suggestions_log.json,"## Guardrail Checklist

- Confirm the task is scoped to the current change.
","
- Record the outcome in the evaluation log.
",guardrails/prompt_review.md,,d-92675051d5.9b1ac779-7da0-470f-bfd8-fba1849ca111,2026-05-13T11:49:00Z,"[""- Remove duplicated policy text that is already enforced by hooks or system instructions.""]",- Remove duplicated policy text that is already enforced by hooks or system instructions.,1,req-cacdd33e5b9a
2026-05-13,prompt-logs/inline-suggestions/2026/05/13/kiro_inline_suggestions_log.json,"describe('PaymentService', () => {
  it('retries transient failures', async () => {
    const service = createService();
    ","
  });
});
",tests/payment-service.spec.ts,,d-92675051d5.797d1e6c-6d5f-41a9-8dc7-53d2ef14e102,2026-05-13T14:25:00Z,"[""await expect(service.charge(sampleRequest)).resolves.toMatchObject({ status: 'accepted' });""]",await expect(service.charge(sampleRequest)).resolves.toMatchObject({ status: 'accepted' });,1,req-cc535a05934e
2026-05-13,prompt-logs/inline-suggestions/2026/05/13/kiro_inline_suggestions_log.json,"def build_daily_metrics(events: list[dict]) -> dict:
    totals = summarize_events(events)
    ","
    return totals
",analytics/build_daily_metrics.py,,d-92675051d5.33a7a52f-dbf7-4f6b-89c9-43d30a61e104,2026-05-13T09:04:00Z,"[""totals['conversion_rate'] = safe_divide(totals['orders'], totals['sessions'])""]","totals['conversion_rate'] = safe_divide(totals['orders'], totals['sessions'])",1,req-d3660255cf38
2026-05-13,prompt-logs/inline-suggestions/2026/05/13/kiro_inline_suggestions_log.json,"## Validation Stage

The validation agent should receive only the artifacts needed to verify the implementation.
","
## Rollout Stage
",specs/orchestrator/workflow.md,,d-92675051d5.a9a3e94b-b147-4fb7-9934-f5ea941fd110,2026-05-13T09:21:00Z,"[""- Include the final diff summary and test evidence instead of the full planning history.\n- Stop and request human review when cost or scope exceeds policy thresholds.""]","- Include the final diff summary and test evidence instead of the full planning history.
- Stop and request human review when cost or scope exceeds policy thresholds.",1,req-d8d05ef11e2b
2026-05-13,prompt-logs/inline-suggestions/2026/05/13/kiro_inline_suggestions_log.json,"export async function migrateLedgerEntry(entry: LegacyLedgerEntry) {
  const normalized = normalizeLedgerEntry(entry);
  ","
  return normalized;
}
",src/payments/migrate-ledger.ts,,d-92675051d5.f12818d1-8f2c-4d54-9188-4f7224a4d103,2026-05-13T10:43:00Z,"[""if (!normalized.accountId) {\n    throw new Error('Missing accountId');\n  }""]","if (!normalized.accountId) {
    throw new Error('Missing accountId');
  }",1,req-dad5868cde5e
2026-05-13,prompt-logs/inline-suggestions/2026/05/13/kiro_inline_suggestions_log.json,"def build_daily_metrics(events: list[dict]) -> dict:
    totals = summarize_events(events)
    ","
    return totals
",analytics/build_daily_metrics.py,,d-92675051d5.7e23e16f-5eb6-49f0-8e5d-a84c5ad99106,2026-05-13T13:58:00Z,"[""totals['conversion_rate'] = safe_divide(totals['orders'], totals['sessions'])""]","totals['conversion_rate'] = safe_divide(totals['orders'], totals['sessions'])",1,req-db1e17e79bb6
2026-05-13,prompt-logs/inline-suggestions/2026/05/13/kiro_inline_suggestions_log.json,"describe('PaymentService', () => {
  it('retries transient failures', async () => {
    const service = createService();
    ","
  });
});
",tests/payment-service.spec.ts,,d-92675051d5.797d1e6c-6d5f-41a9-8dc7-53d2ef14e102,2026-05-13T18:26:00Z,"[""await expect(service.charge(sampleRequest)).resolves.toMatchObject({ status: 'accepted' });""]",await expect(service.charge(sampleRequest)).resolves.toMatchObject({ status: 'accepted' });,1,req-e14a599cf595
2026-05-13,prompt-logs/inline-suggestions/2026/05/13/kiro_inline_suggestions_log.json,"describe('PaymentService', () => {
  it('retries transient failures', async () => {
    const service = createService();
    ","
  });
});
",tests/payment-service.spec.ts,,d-92675051d5.797d1e6c-6d5f-41a9-8dc7-53d2ef14e102,2026-05-13T16:54:00Z,"[""await expect(service.charge(sampleRequest)).resolves.toMatchObject({ status: 'accepted' });""]",await expect(service.charge(sampleRequest)).resolves.toMatchObject({ status: 'accepted' });,1,req-e22f416dedcf
2026-05-13,prompt-logs/inline-suggestions/2026/05/13/kiro_inline_suggestions_log.json,"def build_daily_metrics(events: list[dict]) -> dict:
    totals = summarize_events(events)
    ","
    return totals
",analytics/build_daily_metrics.py,,d-92675051d5.4a0a1ddb-32de-4237-b40f-cbc81f6ae105,2026-05-13T12:20:00Z,"[""totals['conversion_rate'] = safe_divide(totals['orders'], totals['sessions'])""]","totals['conversion_rate'] = safe_divide(totals['orders'], totals['sessions'])",1,req-ff5b089d35d2
2026-05-14,prompt-logs/inline-suggestions/2026/05/14/kiro_inline_suggestions_log.json,"export async function migrateLedgerEntry(entry: LegacyLedgerEntry) {
  const normalized = normalizeLedgerEntry(entry);
  ","
  return normalized;
}
",src/payments/migrate-ledger.ts,,d-92675051d5.0ec463de-81c2-4f79-9d4c-029f7bb0f101,2026-05-14T16:57:00Z,"[""if (!normalized.accountId) {\n    throw new Error('Missing accountId');\n  }""]","if (!normalized.accountId) {
    throw new Error('Missing accountId');
  }",1,req-0acd32d6f3b5
2026-05-14,prompt-logs/inline-suggestions/2026/05/14/kiro_inline_suggestions_log.json,"export async function migrateLedgerEntry(entry: LegacyLedgerEntry) {
  const normalized = normalizeLedgerEntry(entry);
  ","
  return normalized;
}
",src/payments/migrate-ledger.ts,,d-92675051d5.f12818d1-8f2c-4d54-9188-4f7224a4d103,2026-05-14T13:59:00Z,"[""if (!normalized.accountId) {\n    throw new Error('Missing accountId');\n  }""]","if (!normalized.accountId) {
    throw new Error('Missing accountId');
  }",1,req-0d2d6cd80d31
2026-05-14,prompt-logs/inline-suggestions/2026/05/14/kiro_inline_suggestions_log.json,"export async function migrateLedgerEntry(entry: LegacyLedgerEntry) {
  const normalized = normalizeLedgerEntry(entry);
  ","
  return normalized;
}
",src/payments/migrate-ledger.ts,,d-92675051d5.f12818d1-8f2c-4d54-9188-4f7224a4d103,2026-05-14T12:10:00Z,"[""if (!normalized.accountId) {\n    throw new Error('Missing accountId');\n  }""]","if (!normalized.accountId) {
    throw new Error('Missing accountId');
  }",1,req-105cdb772a83
2026-05-14,prompt-logs/inline-suggestions/2026/05/14/kiro_inline_suggestions_log.json,"export async function migrateLedgerEntry(entry: LegacyLedgerEntry) {
  const normalized = normalizeLedgerEntry(entry);
  ","
  return normalized;
}
",src/payments/migrate-ledger.ts,,d-92675051d5.0ec463de-81c2-4f79-9d4c-029f7bb0f101,2026-05-14T13:24:00Z,"[""if (!normalized.accountId) {\n    throw new Error('Missing accountId');\n  }""]","if (!normalized.accountId) {
    throw new Error('Missing accountId');
  }",1,req-11c64000ab8d
2026-05-14,prompt-logs/inline-suggestions/2026/05/14/kiro_inline_suggestions_log.json,"describe('PaymentService', () => {
  it('retries transient failures', async () => {
    const service = createService();
    ","
  });
});
",tests/payment-service.spec.ts,,d-92675051d5.797d1e6c-6d5f-41a9-8dc7-53d2ef14e102,2026-05-14T17:24:00Z,"[""await expect(service.charge(sampleRequest)).resolves.toMatchObject({ status: 'accepted' });""]",await expect(service.charge(sampleRequest)).resolves.toMatchObject({ status: 'accepted' });,1,req-14574d51f7f0
2026-05-14,prompt-logs/inline-suggestions/2026/05/14/kiro_inline_suggestions_log.json,"def build_daily_metrics(events: list[dict]) -> dict:
    totals = summarize_events(events)
    ","
    return totals
",analytics/build_daily_metrics.py,,d-92675051d5.4a0a1ddb-32de-4237-b40f-cbc81f6ae105,2026-05-14T10:46:00Z,"[""totals['conversion_rate'] = safe_divide(totals['orders'], totals['sessions'])""]","totals['conversion_rate'] = safe_divide(totals['orders'], totals['sessions'])",1,req-1ab85acffdc4
2026-05-14,prompt-logs/inline-suggestions/2026/05/14/kiro_inline_suggestions_log.json,"const errorRateAlarm = new cloudwatch.Alarm(this, 'HighErrorRate', {
  metric: errorRateMetric,
  threshold: 0.05,
  ","
});
",infra/alarms/high_error_rate.ts,,d-92675051d5.6273ba8a-bb02-425f-b443-3d4dcb2c9108,2026-05-14T12:19:00Z,"[""evaluationPeriods: 3,\n  datapointsToAlarm: 2,""]","evaluationPeriods: 3,
  datapointsToAlarm: 2,",1,req-223e627f78d9
2026-05-14,prompt-logs/inline-suggestions/2026/05/14/kiro_inline_suggestions_log.json,"## Validation Stage

The validation agent should receive only the artifacts needed to verify the implementation.
","
## Rollout Stage
",specs/orchestrator/workflow.md,,d-92675051d5.a9a3e94b-b147-4fb7-9934-f5ea941fd110,2026-05-14T10:32:00Z,"[""- Include the final diff summary and test evidence instead of the full planning history.\n- Stop and request human review when cost or scope exceeds policy thresholds.""]","- Include the final diff summary and test evidence instead of the full planning history.
- Stop and request human review when cost or scope exceeds policy thresholds.",1,req-3592be8c91d2
2026-05-14,prompt-logs/inline-suggestions/2026/05/14/kiro_inline_suggestions_log.json,"export async function migrateLedgerEntry(entry: LegacyLedgerEntry) {
  const normalized = normalizeLedgerEntry(entry);
  ","
  return normalized;
}
",src/payments/migrate-ledger.ts,,d-92675051d5.0ec463de-81c2-4f79-9d4c-029f7bb0f101,2026-05-14T12:04:00Z,"[""if (!normalized.accountId) {\n    throw new Error('Missing accountId');\n  }""]","if (!normalized.accountId) {
    throw new Error('Missing accountId');
  }",1,req-40970b630b13
2026-05-14,prompt-logs/inline-suggestions/2026/05/14/kiro_inline_suggestions_log.json,"## Validation Stage

The validation agent should receive only the artifacts needed to verify the implementation.
","
## Rollout Stage
",specs/orchestrator/workflow.md,,d-92675051d5.a9a3e94b-b147-4fb7-9934-f5ea941fd110,2026-05-14T12:50:00Z,"[""- Include the final diff summary and test evidence instead of the full planning history.\n- Stop and request human review when cost or scope exceeds policy thresholds.""]","- Include the final diff summary and test evidence instead of the full planning history.
- Stop and request human review when cost or scope exceeds policy thresholds.",1,req-42ef1de75b8e
2026-05-14,prompt-logs/inline-suggestions/2026/05/14/kiro_inline_suggestions_log.json,"describe('PaymentService', () => {
  it('retries transient failures', async () => {
    const service = createService();
    ","
  });
});
",tests/payment-service.spec.ts,,d-92675051d5.797d1e6c-6d5f-41a9-8dc7-53d2ef14e102,2026-05-14T10:33:00Z,"[""await expect(service.charge(sampleRequest)).resolves.toMatchObject({ status: 'accepted' });""]",await expect(service.charge(sampleRequest)).resolves.toMatchObject({ status: 'accepted' });,1,req-4aadd0ced8c3
2026-05-14,prompt-logs/inline-suggestions/2026/05/14/kiro_inline_suggestions_log.json,"export async function migrateLedgerEntry(entry: LegacyLedgerEntry) {
  const normalized = normalizeLedgerEntry(entry);
  ","
  return normalized;
}
",src/payments/migrate-ledger.ts,,d-92675051d5.0ec463de-81c2-4f79-9d4c-029f7bb0f101,2026-05-14T12:14:00Z,"[""if (!normalized.accountId) {\n    throw new Error('Missing accountId');\n  }""]","if (!normalized.accountId) {
    throw new Error('Missing accountId');
  }",1,req-52f9edc9f85f
2026-05-14,prompt-logs/inline-suggestions/2026/05/14/kiro_inline_suggestions_log.json,"describe('PaymentService', () => {
  it('retries transient failures', async () => {
    const service = createService();
    ","
  });
});
",tests/payment-service.spec.ts,,d-92675051d5.797d1e6c-6d5f-41a9-8dc7-53d2ef14e102,2026-05-14T17:54:00Z,"[""await expect(service.charge(sampleRequest)).resolves.toMatchObject({ status: 'accepted' });""]",await expect(service.charge(sampleRequest)).resolves.toMatchObject({ status: 'accepted' });,1,req-544505be72fc
2026-05-14,prompt-logs/inline-suggestions/2026/05/14/kiro_inline_suggestions_log.json,"def build_daily_metrics(events: list[dict]) -> dict:
    totals = summarize_events(events)
    ","
    return totals
",analytics/build_daily_metrics.py,,d-92675051d5.33a7a52f-dbf7-4f6b-89c9-43d30a61e104,2026-05-14T15:10:00Z,"[""totals['conversion_rate'] = safe_divide(totals['orders'], totals['sessions'])""]","totals['conversion_rate'] = safe_divide(totals['orders'], totals['sessions'])",1,req-5467d332ede7
2026-05-14,prompt-logs/inline-suggestions/2026/05/14/kiro_inline_suggestions_log.json,"def build_daily_metrics(events: list[dict]) -> dict:
    totals = summarize_events(events)
    ","
    return totals
",analytics/build_daily_metrics.py,,d-92675051d5.7e23e16f-5eb6-49f0-8e5d-a84c5ad99106,2026-05-14T12:31:00Z,"[""totals['conversion_rate'] = safe_divide(totals['orders'], totals['sessions'])""]","totals['conversion_rate'] = safe_divide(totals['orders'], totals['sessions'])",1,req-567d10300a3c
2026-05-14,prompt-logs/inline-suggestions/2026/05/14/kiro_inline_suggestions_log.json,"def build_daily_metrics(events: list[dict]) -> dict:
    totals = summarize_events(events)
    ","
    return totals
",analytics/build_daily_metrics.py,,d-92675051d5.4a0a1ddb-32de-4237-b40f-cbc81f6ae105,2026-05-14T18:43:00Z,"[""totals['conversion_rate'] = safe_divide(totals['orders'], totals['sessions'])""]","totals['conversion_rate'] = safe_divide(totals['orders'], totals['sessions'])",1,req-597ce569dab8
2026-05-14,prompt-logs/inline-suggestions/2026/05/14/kiro_inline_suggestions_log.json,"## Validation Stage

The validation agent should receive only the artifacts needed to verify the implementation.
","
## Rollout Stage
",specs/orchestrator/workflow.md,,d-92675051d5.59888cc4-2dac-4454-a84e-b7968ad4e112,2026-05-14T12:33:00Z,"[""- Include the final diff summary and test evidence instead of the full planning history.\n- Stop and request human review when cost or scope exceeds policy thresholds.""]","- Include the final diff summary and test evidence instead of the full planning history.
- Stop and request human review when cost or scope exceeds policy thresholds.",1,req-5bcecd1b2097
2026-05-14,prompt-logs/inline-suggestions/2026/05/14/kiro_inline_suggestions_log.json,"describe('PaymentService', () => {
  it('retries transient failures', async () => {
    const service = createService();
    ","
  });
});
",tests/payment-service.spec.ts,,d-92675051d5.797d1e6c-6d5f-41a9-8dc7-53d2ef14e102,2026-05-14T15:56:00Z,"[""await expect(service.charge(sampleRequest)).resolves.toMatchObject({ status: 'accepted' });""]",await expect(service.charge(sampleRequest)).resolves.toMatchObject({ status: 'accepted' });,1,req-71d8d06e9f98
2026-05-14,prompt-logs/inline-suggestions/2026/05/14/kiro_inline_suggestions_log.json,"def build_daily_metrics(events: list[dict]) -> dict:
    totals = summarize_events(events)
    ","
    return totals
",analytics/build_daily_metrics.py,,d-92675051d5.4a0a1ddb-32de-4237-b40f-cbc81f6ae105,2026-05-14T15:12:00Z,"[""totals['conversion_rate'] = safe_divide(totals['orders'], totals['sessions'])""]","totals['conversion_rate'] = safe_divide(totals['orders'], totals['sessions'])",1,req-848b0089b53a
2026-05-14,prompt-logs/inline-suggestions/2026/05/14/kiro_inline_suggestions_log.json,"export async function migrateLedgerEntry(entry: LegacyLedgerEntry) {
  const normalized = normalizeLedgerEntry(entry);
  ","
  return normalized;
}
",src/payments/migrate-ledger.ts,,d-92675051d5.0ec463de-81c2-4f79-9d4c-029f7bb0f101,2026-05-14T17:36:00Z,"[""if (!normalized.accountId) {\n    throw new Error('Missing accountId');\n  }""]","if (!normalized.accountId) {
    throw new Error('Missing accountId');
  }",1,req-8f14fa230371
2026-05-14,prompt-logs/inline-suggestions/2026/05/14/kiro_inline_suggestions_log.json,"const errorRateAlarm = new cloudwatch.Alarm(this, 'HighErrorRate', {
  metric: errorRateMetric,
  threshold: 0.05,
  ","
});
",infra/alarms/high_error_rate.ts,,d-92675051d5.6273ba8a-bb02-425f-b443-3d4dcb2c9108,2026-05-14T18:00:00Z,"[""evaluationPeriods: 3,\n  datapointsToAlarm: 2,""]","evaluationPeriods: 3,
  datapointsToAlarm: 2,",1,req-918f25281ed7
2026-05-14,prompt-logs/inline-suggestions/2026/05/14/kiro_inline_suggestions_log.json,"export async function migrateLedgerEntry(entry: LegacyLedgerEntry) {
  const normalized = normalizeLedgerEntry(entry);
  ","
  return normalized;
}
",src/payments/migrate-ledger.ts,,d-92675051d5.0ec463de-81c2-4f79-9d4c-029f7bb0f101,2026-05-14T13:38:00Z,"[""if (!normalized.accountId) {\n    throw new Error('Missing accountId');\n  }""]","if (!normalized.accountId) {
    throw new Error('Missing accountId');
  }",1,req-96ed4891c741
2026-05-14,prompt-logs/inline-suggestions/2026/05/14/kiro_inline_suggestions_log.json,"## Guardrail Checklist

- Confirm the task is scoped to the current change.
","
- Record the outcome in the evaluation log.
",guardrails/prompt_review.md,,d-92675051d5.9b1ac779-7da0-470f-bfd8-fba1849ca111,2026-05-14T14:14:00Z,"[""- Remove duplicated policy text that is already enforced by hooks or system instructions.""]",- Remove duplicated policy text that is already enforced by hooks or system instructions.,1,req-9b0f5063f9f7
2026-05-14,prompt-logs/inline-suggestions/2026/05/14/kiro_inline_suggestions_log.json,"def build_daily_metrics(events: list[dict]) -> dict:
    totals = summarize_events(events)
    ","
    return totals
",analytics/build_daily_metrics.py,,d-92675051d5.4a0a1ddb-32de-4237-b40f-cbc81f6ae105,2026-05-14T12:42:00Z,"[""totals['conversion_rate'] = safe_divide(totals['orders'], totals['sessions'])""]","totals['conversion_rate'] = safe_divide(totals['orders'], totals['sessions'])",1,req-9e55e22a2e36
2026-05-14,prompt-logs/inline-suggestions/2026/05/14/kiro_inline_suggestions_log.json,"def build_daily_metrics(events: list[dict]) -> dict:
    totals = summarize_events(events)
    ","
    return totals
",analytics/build_daily_metrics.py,,d-92675051d5.4a0a1ddb-32de-4237-b40f-cbc81f6ae105,2026-05-14T12:29:00Z,"[""totals['conversion_rate'] = safe_divide(totals['orders'], totals['sessions'])""]","totals['conversion_rate'] = safe_divide(totals['orders'], totals['sessions'])",1,req-a51170e7a478
2026-05-14,prompt-logs/inline-suggestions/2026/05/14/kiro_inline_suggestions_log.json,"describe('PaymentService', () => {
  it('retries transient failures', async () => {
    const service = createService();
    ","
  });
});
",tests/payment-service.spec.ts,,d-92675051d5.797d1e6c-6d5f-41a9-8dc7-53d2ef14e102,2026-05-14T10:40:00Z,"[""await expect(service.charge(sampleRequest)).resolves.toMatchObject({ status: 'accepted' });""]",await expect(service.charge(sampleRequest)).resolves.toMatchObject({ status: 'accepted' });,1,req-a9def64f7320
2026-05-14,prompt-logs/inline-suggestions/2026/05/14/kiro_inline_suggestions_log.json,"def build_daily_metrics(events: list[dict]) -> dict:
    totals = summarize_events(events)
    ","
    return totals
",analytics/build_daily_metrics.py,,d-92675051d5.33a7a52f-dbf7-4f6b-89c9-43d30a61e104,2026-05-14T13:27:00Z,"[""totals['conversion_rate'] = safe_divide(totals['orders'], totals['sessions'])""]","totals['conversion_rate'] = safe_divide(totals['orders'], totals['sessions'])",1,req-aefbf3d2110c
2026-05-14,prompt-logs/inline-suggestions/2026/05/14/kiro_inline_suggestions_log.json,"def build_daily_metrics(events: list[dict]) -> dict:
    totals = summarize_events(events)
    ","
    return totals
",analytics/build_daily_metrics.py,,d-92675051d5.7e23e16f-5eb6-49f0-8e5d-a84c5ad99106,2026-05-14T17:16:00Z,"[""totals['conversion_rate'] = safe_divide(totals['orders'], totals['sessions'])""]","totals['conversion_rate'] = safe_divide(totals['orders'], totals['sessions'])",1,req-afd5e9bd7bb7
2026-05-14,prompt-logs/inline-suggestions/2026/05/14/kiro_inline_suggestions_log.json,"export async function migrateLedgerEntry(entry: LegacyLedgerEntry) {
  const normalized = normalizeLedgerEntry(entry);
  ","
  return normalized;
}
",src/payments/migrate-ledger.ts,,d-92675051d5.f12818d1-8f2c-4d54-9188-4f7224a4d103,2026-05-14T16:02:00Z,"[""if (!normalized.accountId) {\n    throw new Error('Missing accountId');\n  }""]","if (!normalized.accountId) {
    throw new Error('Missing accountId');
  }",1,req-b22c9102ac60
2026-05-14,prompt-logs/inline-suggestions/2026/05/14/kiro_inline_suggestions_log.json,"const errorRateAlarm = new cloudwatch.Alarm(this, 'HighErrorRate', {
  metric: errorRateMetric,
  threshold: 0.05,
  ","
});
",infra/alarms/high_error_rate.ts,,d-92675051d5.3b537ba7-2c3b-4a6c-aec6-61e594bd1109,2026-05-14T15:52:00Z,"[""evaluationPeriods: 3,\n  datapointsToAlarm: 2,""]","evaluationPeriods: 3,
  datapointsToAlarm: 2,",1,req-b2514305e56b
2026-05-14,prompt-logs/inline-suggestions/2026/05/14/kiro_inline_suggestions_log.json,"export async function migrateLedgerEntry(entry: LegacyLedgerEntry) {
  const normalized = normalizeLedgerEntry(entry);
  ","
  return normalized;
}
",src/payments/migrate-ledger.ts,,d-92675051d5.0ec463de-81c2-4f79-9d4c-029f7bb0f101,2026-05-14T13:13:00Z,"[""if (!normalized.accountId) {\n    throw new Error('Missing accountId');\n  }""]","if (!normalized.accountId) {
    throw new Error('Missing accountId');
  }",1,req-b640ce333e76
2026-05-14,prompt-logs/inline-suggestions/2026/05/14/kiro_inline_suggestions_log.json,"## Validation Stage

The validation agent should receive only the artifacts needed to verify the implementation.
","
## Rollout Stage
",specs/orchestrator/workflow.md,,d-92675051d5.a9a3e94b-b147-4fb7-9934-f5ea941fd110,2026-05-14T18:29:00Z,"[""- Include the final diff summary and test evidence instead of the full planning history.\n- Stop and request human review when cost or scope exceeds policy thresholds.""]","- Include the final diff summary and test evidence instead of the full planning history.
- Stop and request human review when cost or scope exceeds policy thresholds.",1,req-b810ef9ae0dc
2026-05-14,prompt-logs/inline-suggestions/2026/05/14/kiro_inline_suggestions_log.json,"## Validation Stage

The validation agent should receive only the artifacts needed to verify the implementation.
","
## Rollout Stage
",specs/orchestrator/workflow.md,,d-92675051d5.59888cc4-2dac-4454-a84e-b7968ad4e112,2026-05-14T13:34:00Z,"[""- Include the final diff summary and test evidence instead of the full planning history.\n- Stop and request human review when cost or scope exceeds policy thresholds.""]","- Include the final diff summary and test evidence instead of the full planning history.
- Stop and request human review when cost or scope exceeds policy thresholds.",1,req-ba274e4e6faf
2026-05-14,prompt-logs/inline-suggestions/2026/05/14/kiro_inline_suggestions_log.json,"describe('PaymentService', () => {
  it('retries transient failures', async () => {
    const service = createService();
    ","
  });
});
",tests/payment-service.spec.ts,,d-92675051d5.797d1e6c-6d5f-41a9-8dc7-53d2ef14e102,2026-05-14T14:14:00Z,"[""await expect(service.charge(sampleRequest)).resolves.toMatchObject({ status: 'accepted' });""]",await expect(service.charge(sampleRequest)).resolves.toMatchObject({ status: 'accepted' });,1,req-d148f146f92a
2026-05-14,prompt-logs/inline-suggestions/2026/05/14/kiro_inline_suggestions_log.json,"def build_daily_metrics(events: list[dict]) -> dict:
    totals = summarize_events(events)
    ","
    return totals
",analytics/build_daily_metrics.py,,d-92675051d5.33a7a52f-dbf7-4f6b-89c9-43d30a61e104,2026-05-14T17:58:00Z,"[""totals['conversion_rate'] = safe_divide(totals['orders'], totals['sessions'])""]","totals['conversion_rate'] = safe_divide(totals['orders'], totals['sessions'])",1,req-d67405980ac0
2026-05-14,prompt-logs/inline-suggestions/2026/05/14/kiro_inline_suggestions_log.json,"describe('PaymentService', () => {
  it('retries transient failures', async () => {
    const service = createService();
    ","
  });
});
",tests/payment-service.spec.ts,,d-92675051d5.797d1e6c-6d5f-41a9-8dc7-53d2ef14e102,2026-05-14T12:59:00Z,"[""await expect(service.charge(sampleRequest)).resolves.toMatchObject({ status: 'accepted' });""]",await expect(service.charge(sampleRequest)).resolves.toMatchObject({ status: 'accepted' });,1,req-dec586798944
2026-05-14,prompt-logs/inline-suggestions/2026/05/14/kiro_inline_suggestions_log.json,"export async function migrateLedgerEntry(entry: LegacyLedgerEntry) {
  const normalized = normalizeLedgerEntry(entry);
  ","
  return normalized;
}
",src/payments/migrate-ledger.ts,,d-92675051d5.f12818d1-8f2c-4d54-9188-4f7224a4d103,2026-05-14T09:57:00Z,"[""if (!normalized.accountId) {\n    throw new Error('Missing accountId');\n  }""]","if (!normalized.accountId) {
    throw new Error('Missing accountId');
  }",1,req-e782f3b3482c
2026-05-14,prompt-logs/inline-suggestions/2026/05/14/kiro_inline_suggestions_log.json,"describe('PaymentService', () => {
  it('retries transient failures', async () => {
    const service = createService();
    ","
  });
});
",tests/payment-service.spec.ts,,d-92675051d5.797d1e6c-6d5f-41a9-8dc7-53d2ef14e102,2026-05-14T11:31:00Z,"[""await expect(service.charge(sampleRequest)).resolves.toMatchObject({ status: 'accepted' });""]",await expect(service.charge(sampleRequest)).resolves.toMatchObject({ status: 'accepted' });,1,req-ee3386e8d340
2026-05-14,prompt-logs/inline-suggestions/2026/05/14/kiro_inline_suggestions_log.json,"export async function migrateLedgerEntry(entry: LegacyLedgerEntry) {
  const normalized = normalizeLedgerEntry(entry);
  ","
  return normalized;
}
",src/payments/migrate-ledger.ts,,d-92675051d5.0ec463de-81c2-4f79-9d4c-029f7bb0f101,2026-05-14T11:31:00Z,"[""if (!normalized.accountId) {\n    throw new Error('Missing accountId');\n  }""]","if (!normalized.accountId) {
    throw new Error('Missing accountId');
  }",1,req-f2f54b4d3d5f
2026-05-14,prompt-logs/inline-suggestions/2026/05/14/kiro_inline_suggestions_log.json,"export async function migrateLedgerEntry(entry: LegacyLedgerEntry) {
  const normalized = normalizeLedgerEntry(entry);
  ","
  return normalized;
}
",src/payments/migrate-ledger.ts,,d-92675051d5.0ec463de-81c2-4f79-9d4c-029f7bb0f101,2026-05-14T11:47:00Z,"[""if (!normalized.accountId) {\n    throw new Error('Missing accountId');\n  }""]","if (!normalized.accountId) {
    throw new Error('Missing accountId');
  }",1,req-f5cf26daefb0
2026-05-14,prompt-logs/inline-suggestions/2026/05/14/kiro_inline_suggestions_log.json,"const errorRateAlarm = new cloudwatch.Alarm(this, 'HighErrorRate', {
  metric: errorRateMetric,
  threshold: 0.05,
  ","
});
",infra/alarms/high_error_rate.ts,,d-92675051d5.838f6b85-1e72-4404-a193-f1b0dc79d107,2026-05-14T14:23:00Z,"[""evaluationPeriods: 3,\n  datapointsToAlarm: 2,""]","evaluationPeriods: 3,
  datapointsToAlarm: 2,",1,req-fb9a1d68ed63
2026-05-15,prompt-logs/inline-suggestions/2026/05/15/kiro_inline_suggestions_log.json,"def build_daily_metrics(events: list[dict]) -> dict:
    totals = summarize_events(events)
    ","
    return totals
",analytics/build_daily_metrics.py,,d-92675051d5.33a7a52f-dbf7-4f6b-89c9-43d30a61e104,2026-05-15T13:58:00Z,"[""totals['conversion_rate'] = safe_divide(totals['orders'], totals['sessions'])""]","totals['conversion_rate'] = safe_divide(totals['orders'], totals['sessions'])",1,req-01388aa67a29
2026-05-15,prompt-logs/inline-suggestions/2026/05/15/kiro_inline_suggestions_log.json,"const errorRateAlarm = new cloudwatch.Alarm(this, 'HighErrorRate', {
  metric: errorRateMetric,
  threshold: 0.05,
  ","
});
",infra/alarms/high_error_rate.ts,,d-92675051d5.6273ba8a-bb02-425f-b443-3d4dcb2c9108,2026-05-15T17:24:00Z,"[""evaluationPeriods: 3,\n  datapointsToAlarm: 2,""]","evaluationPeriods: 3,
  datapointsToAlarm: 2,",1,req-030edaa125af
2026-05-15,prompt-logs/inline-suggestions/2026/05/15/kiro_inline_suggestions_log.json,"## Validation Stage

The validation agent should receive only the artifacts needed to verify the implementation.
","
## Rollout Stage
",specs/orchestrator/workflow.md,,d-92675051d5.a9a3e94b-b147-4fb7-9934-f5ea941fd110,2026-05-15T12:11:00Z,"[""- Include the final diff summary and test evidence instead of the full planning history.\n- Stop and request human review when cost or scope exceeds policy thresholds.""]","- Include the final diff summary and test evidence instead of the full planning history.
- Stop and request human review when cost or scope exceeds policy thresholds.",1,req-08f6cd245953
2026-05-15,prompt-logs/inline-suggestions/2026/05/15/kiro_inline_suggestions_log.json,"export async function migrateLedgerEntry(entry: LegacyLedgerEntry) {
  const normalized = normalizeLedgerEntry(entry);
  ","
  return normalized;
}
",src/payments/migrate-ledger.ts,,d-92675051d5.0ec463de-81c2-4f79-9d4c-029f7bb0f101,2026-05-15T16:48:00Z,"[""if (!normalized.accountId) {\n    throw new Error('Missing accountId');\n  }""]","if (!normalized.accountId) {
    throw new Error('Missing accountId');
  }",1,req-10b991cb9fd9
2026-05-15,prompt-logs/inline-suggestions/2026/05/15/kiro_inline_suggestions_log.json,"export async function migrateLedgerEntry(entry: LegacyLedgerEntry) {
  const normalized = normalizeLedgerEntry(entry);
  ","
  return normalized;
}
",src/payments/migrate-ledger.ts,,d-92675051d5.0ec463de-81c2-4f79-9d4c-029f7bb0f101,2026-05-15T18:28:00Z,"[""if (!normalized.accountId) {\n    throw new Error('Missing accountId');\n  }""]","if (!normalized.accountId) {
    throw new Error('Missing accountId');
  }",1,req-11a003a09a4a
2026-05-15,prompt-logs/inline-suggestions/2026/05/15/kiro_inline_suggestions_log.json,"describe('PaymentService', () => {
  it('retries transient failures', async () => {
    const service = createService();
    ","
  });
});
",tests/payment-service.spec.ts,,d-92675051d5.797d1e6c-6d5f-41a9-8dc7-53d2ef14e102,2026-05-15T17:38:00Z,"[""await expect(service.charge(sampleRequest)).resolves.toMatchObject({ status: 'accepted' });""]",await expect(service.charge(sampleRequest)).resolves.toMatchObject({ status: 'accepted' });,1,req-1acd978e0710
2026-05-15,prompt-logs/inline-suggestions/2026/05/15/kiro_inline_suggestions_log.json,"## Validation Stage

The validation agent should receive only the artifacts needed to verify the implementation.
","
## Rollout Stage
",specs/orchestrator/workflow.md,,d-92675051d5.a9a3e94b-b147-4fb7-9934-f5ea941fd110,2026-05-15T16:33:00Z,"[""- Include the final diff summary and test evidence instead of the full planning history.\n- Stop and request human review when cost or scope exceeds policy thresholds.""]","- Include the final diff summary and test evidence instead of the full planning history.
- Stop and request human review when cost or scope exceeds policy thresholds.",1,req-1e10c9fbb37e
2026-05-15,prompt-logs/inline-suggestions/2026/05/15/kiro_inline_suggestions_log.json,"const errorRateAlarm = new cloudwatch.Alarm(this, 'HighErrorRate', {
  metric: errorRateMetric,
  threshold: 0.05,
  ","
});
",infra/alarms/high_error_rate.ts,,d-92675051d5.6273ba8a-bb02-425f-b443-3d4dcb2c9108,2026-05-15T14:54:00Z,"[""evaluationPeriods: 3,\n  datapointsToAlarm: 2,""]","evaluationPeriods: 3,
  datapointsToAlarm: 2,",1,req-20cf46b93d4b
2026-05-15,prompt-logs/inline-suggestions/2026/05/15/kiro_inline_suggestions_log.json,"## Guardrail Checklist

- Confirm the task is scoped to the current change.
","
- Record the outcome in the evaluation log.
",guardrails/prompt_review.md,,d-92675051d5.9b1ac779-7da0-470f-bfd8-fba1849ca111,2026-05-15T16:03:00Z,"[""- Remove duplicated policy text that is already enforced by hooks or system instructions.""]",- Remove duplicated policy text that is already enforced by hooks or system instructions.,1,req-2f9529204826
2026-05-15,prompt-logs/inline-suggestions/2026/05/15/kiro_inline_suggestions_log.json,"export async function migrateLedgerEntry(entry: LegacyLedgerEntry) {
  const normalized = normalizeLedgerEntry(entry);
  ","
  return normalized;
}
",src/payments/migrate-ledger.ts,,d-92675051d5.f12818d1-8f2c-4d54-9188-4f7224a4d103,2026-05-15T14:12:00Z,"[""if (!normalized.accountId) {\n    throw new Error('Missing accountId');\n  }""]","if (!normalized.accountId) {
    throw new Error('Missing accountId');
  }",1,req-4a6c44b21463
2026-05-15,prompt-logs/inline-suggestions/2026/05/15/kiro_inline_suggestions_log.json,"## Guardrail Checklist

- Confirm the task is scoped to the current change.
","
- Record the outcome in the evaluation log.
",guardrails/prompt_review.md,,d-92675051d5.9b1ac779-7da0-470f-bfd8-fba1849ca111,2026-05-15T16:19:00Z,"[""- Remove duplicated policy text that is already enforced by hooks or system instructions.""]",- Remove duplicated policy text that is already enforced by hooks or system instructions.,1,req-504f47281d8e
2026-05-15,prompt-logs/inline-suggestions/2026/05/15/kiro_inline_suggestions_log.json,"## Guardrail Checklist

- Confirm the task is scoped to the current change.
","
- Record the outcome in the evaluation log.
",guardrails/prompt_review.md,,d-92675051d5.9b1ac779-7da0-470f-bfd8-fba1849ca111,2026-05-15T11:53:00Z,"[""- Remove duplicated policy text that is already enforced by hooks or system instructions.""]",- Remove duplicated policy text that is already enforced by hooks or system instructions.,1,req-593f486ddc3d
2026-05-15,prompt-logs/inline-suggestions/2026/05/15/kiro_inline_suggestions_log.json,"## Guardrail Checklist

- Confirm the task is scoped to the current change.
","
- Record the outcome in the evaluation log.
",guardrails/prompt_review.md,,d-92675051d5.9b1ac779-7da0-470f-bfd8-fba1849ca111,2026-05-15T16:19:00Z,"[""- Remove duplicated policy text that is already enforced by hooks or system instructions.""]",- Remove duplicated policy text that is already enforced by hooks or system instructions.,1,req-5d107b3d4568
2026-05-15,prompt-logs/inline-suggestions/2026/05/15/kiro_inline_suggestions_log.json,"## Validation Stage

The validation agent should receive only the artifacts needed to verify the implementation.
","
## Rollout Stage
",specs/orchestrator/workflow.md,,d-92675051d5.a9a3e94b-b147-4fb7-9934-f5ea941fd110,2026-05-15T14:10:00Z,"[""- Include the final diff summary and test evidence instead of the full planning history.\n- Stop and request human review when cost or scope exceeds policy thresholds.""]","- Include the final diff summary and test evidence instead of the full planning history.
- Stop and request human review when cost or scope exceeds policy thresholds.",1,req-64653612e7c2
2026-05-15,prompt-logs/inline-suggestions/2026/05/15/kiro_inline_suggestions_log.json,"describe('PaymentService', () => {
  it('retries transient failures', async () => {
    const service = createService();
    ","
  });
});
",tests/payment-service.spec.ts,,d-92675051d5.797d1e6c-6d5f-41a9-8dc7-53d2ef14e102,2026-05-15T14:33:00Z,"[""await expect(service.charge(sampleRequest)).resolves.toMatchObject({ status: 'accepted' });""]",await expect(service.charge(sampleRequest)).resolves.toMatchObject({ status: 'accepted' });,1,req-6940a61290f0
2026-05-15,prompt-logs/inline-suggestions/2026/05/15/kiro_inline_suggestions_log.json,"describe('PaymentService', () => {
  it('retries transient failures', async () => {
    const service = createService();
    ","
  });
});
",tests/payment-service.spec.ts,,d-92675051d5.797d1e6c-6d5f-41a9-8dc7-53d2ef14e102,2026-05-15T10:50:00Z,"[""await expect(service.charge(sampleRequest)).resolves.toMatchObject({ status: 'accepted' });""]",await expect(service.charge(sampleRequest)).resolves.toMatchObject({ status: 'accepted' });,1,req-80b005e71678
2026-05-15,prompt-logs/inline-suggestions/2026/05/15/kiro_inline_suggestions_log.json,"const errorRateAlarm = new cloudwatch.Alarm(this, 'HighErrorRate', {
  metric: errorRateMetric,
  threshold: 0.05,
  ","
});
",infra/alarms/high_error_rate.ts,,d-92675051d5.6273ba8a-bb02-425f-b443-3d4dcb2c9108,2026-05-15T11:44:00Z,"[""evaluationPeriods: 3,\n  datapointsToAlarm: 2,""]","evaluationPeriods: 3,
  datapointsToAlarm: 2,",1,req-83e447044ac6
2026-05-15,prompt-logs/inline-suggestions/2026/05/15/kiro_inline_suggestions_log.json,"export async function migrateLedgerEntry(entry: LegacyLedgerEntry) {
  const normalized = normalizeLedgerEntry(entry);
  ","
  return normalized;
}
",src/payments/migrate-ledger.ts,,d-92675051d5.f12818d1-8f2c-4d54-9188-4f7224a4d103,2026-05-15T11:32:00Z,"[""if (!normalized.accountId) {\n    throw new Error('Missing accountId');\n  }""]","if (!normalized.accountId) {
    throw new Error('Missing accountId');
  }",1,req-8564a145c720
2026-05-15,prompt-logs/inline-suggestions/2026/05/15/kiro_inline_suggestions_log.json,"## Validation Stage

The validation agent should receive only the artifacts needed to verify the implementation.
","
## Rollout Stage
",specs/orchestrator/workflow.md,,d-92675051d5.a9a3e94b-b147-4fb7-9934-f5ea941fd110,2026-05-15T12:35:00Z,"[""- Include the final diff summary and test evidence instead of the full planning history.\n- Stop and request human review when cost or scope exceeds policy thresholds.""]","- Include the final diff summary and test evidence instead of the full planning history.
- Stop and request human review when cost or scope exceeds policy thresholds.",1,req-88347ee3c597
2026-05-15,prompt-logs/inline-suggestions/2026/05/15/kiro_inline_suggestions_log.json,"describe('PaymentService', () => {
  it('retries transient failures', async () => {
    const service = createService();
    ","
  });
});
",tests/payment-service.spec.ts,,d-92675051d5.797d1e6c-6d5f-41a9-8dc7-53d2ef14e102,2026-05-15T11:38:00Z,"[""await expect(service.charge(sampleRequest)).resolves.toMatchObject({ status: 'accepted' });""]",await expect(service.charge(sampleRequest)).resolves.toMatchObject({ status: 'accepted' });,1,req-8966bd79ec13
2026-05-15,prompt-logs/inline-suggestions/2026/05/15/kiro_inline_suggestions_log.json,"describe('PaymentService', () => {
  it('retries transient failures', async () => {
    const service = createService();
    ","
  });
});
",tests/payment-service.spec.ts,,d-92675051d5.797d1e6c-6d5f-41a9-8dc7-53d2ef14e102,2026-05-15T16:47:00Z,"[""await expect(service.charge(sampleRequest)).resolves.toMatchObject({ status: 'accepted' });""]",await expect(service.charge(sampleRequest)).resolves.toMatchObject({ status: 'accepted' });,1,req-8b46bfc53ed1
2026-05-15,prompt-logs/inline-suggestions/2026/05/15/kiro_inline_suggestions_log.json,"export async function migrateLedgerEntry(entry: LegacyLedgerEntry) {
  const normalized = normalizeLedgerEntry(entry);
  ","
  return normalized;
}
",src/payments/migrate-ledger.ts,,d-92675051d5.f12818d1-8f2c-4d54-9188-4f7224a4d103,2026-05-15T13:33:00Z,"[""if (!normalized.accountId) {\n    throw new Error('Missing accountId');\n  }""]","if (!normalized.accountId) {
    throw new Error('Missing accountId');
  }",1,req-8edf0d42ae35
2026-05-15,prompt-logs/inline-suggestions/2026/05/15/kiro_inline_suggestions_log.json,"export async function migrateLedgerEntry(entry: LegacyLedgerEntry) {
  const normalized = normalizeLedgerEntry(entry);
  ","
  return normalized;
}
",src/payments/migrate-ledger.ts,,d-92675051d5.0ec463de-81c2-4f79-9d4c-029f7bb0f101,2026-05-15T18:40:00Z,"[""if (!normalized.accountId) {\n    throw new Error('Missing accountId');\n  }""]","if (!normalized.accountId) {
    throw new Error('Missing accountId');
  }",1,req-8fa41a499277
2026-05-15,prompt-logs/inline-suggestions/2026/05/15/kiro_inline_suggestions_log.json,"## Validation Stage

The validation agent should receive only the artifacts needed to verify the implementation.
","
## Rollout Stage
",specs/orchestrator/workflow.md,,d-92675051d5.59888cc4-2dac-4454-a84e-b7968ad4e112,2026-05-15T12:00:00Z,"[""- Include the final diff summary and test evidence instead of the full planning history.\n- Stop and request human review when cost or scope exceeds policy thresholds.""]","- Include the final diff summary and test evidence instead of the full planning history.
- Stop and request human review when cost or scope exceeds policy thresholds.",1,req-902bb58f6052
2026-05-15,prompt-logs/inline-suggestions/2026/05/15/kiro_inline_suggestions_log.json,"describe('PaymentService', () => {
  it('retries transient failures', async () => {
    const service = createService();
    ","
  });
});
",tests/payment-service.spec.ts,,d-92675051d5.797d1e6c-6d5f-41a9-8dc7-53d2ef14e102,2026-05-15T10:27:00Z,"[""await expect(service.charge(sampleRequest)).resolves.toMatchObject({ status: 'accepted' });""]",await expect(service.charge(sampleRequest)).resolves.toMatchObject({ status: 'accepted' });,1,req-90619e1894ee
2026-05-15,prompt-logs/inline-suggestions/2026/05/15/kiro_inline_suggestions_log.json,"describe('PaymentService', () => {
  it('retries transient failures', async () => {
    const service = createService();
    ","
  });
});
",tests/payment-service.spec.ts,,d-92675051d5.797d1e6c-6d5f-41a9-8dc7-53d2ef14e102,2026-05-15T13:40:00Z,"[""await expect(service.charge(sampleRequest)).resolves.toMatchObject({ status: 'accepted' });""]",await expect(service.charge(sampleRequest)).resolves.toMatchObject({ status: 'accepted' });,1,req-95d220d1997c
2026-05-15,prompt-logs/inline-suggestions/2026/05/15/kiro_inline_suggestions_log.json,"export async function migrateLedgerEntry(entry: LegacyLedgerEntry) {
  const normalized = normalizeLedgerEntry(entry);
  ","
  return normalized;
}
",src/payments/migrate-ledger.ts,,d-92675051d5.0ec463de-81c2-4f79-9d4c-029f7bb0f101,2026-05-15T15:58:00Z,"[""if (!normalized.accountId) {\n    throw new Error('Missing accountId');\n  }""]","if (!normalized.accountId) {
    throw new Error('Missing accountId');
  }",1,req-a74a99564a23
2026-05-15,prompt-logs/inline-suggestions/2026/05/15/kiro_inline_suggestions_log.json,"describe('PaymentService', () => {
  it('retries transient failures', async () => {
    const service = createService();
    ","
  });
});
",tests/payment-service.spec.ts,,d-92675051d5.797d1e6c-6d5f-41a9-8dc7-53d2ef14e102,2026-05-15T16:22:00Z,"[""await expect(service.charge(sampleRequest)).resolves.toMatchObject({ status: 'accepted' });""]",await expect(service.charge(sampleRequest)).resolves.toMatchObject({ status: 'accepted' });,1,req-ae9ac508f138
2026-05-15,prompt-logs/inline-suggestions/2026/05/15/kiro_inline_suggestions_log.json,"export async function migrateLedgerEntry(entry: LegacyLedgerEntry) {
  const normalized = normalizeLedgerEntry(entry);
  ","
  return normalized;
}
",src/payments/migrate-ledger.ts,,d-92675051d5.0ec463de-81c2-4f79-9d4c-029f7bb0f101,2026-05-15T16:28:00Z,"[""if (!normalized.accountId) {\n    throw new Error('Missing accountId');\n  }""]","if (!normalized.accountId) {
    throw new Error('Missing accountId');
  }",1,req-b4ded565ec1e
2026-05-15,prompt-logs/inline-suggestions/2026/05/15/kiro_inline_suggestions_log.json,"def build_daily_metrics(events: list[dict]) -> dict:
    totals = summarize_events(events)
    ","
    return totals
",analytics/build_daily_metrics.py,,d-92675051d5.7e23e16f-5eb6-49f0-8e5d-a84c5ad99106,2026-05-15T17:26:00Z,"[""totals['conversion_rate'] = safe_divide(totals['orders'], totals['sessions'])""]","totals['conversion_rate'] = safe_divide(totals['orders'], totals['sessions'])",1,req-be7f65264dee
2026-05-15,prompt-logs/inline-suggestions/2026/05/15/kiro_inline_suggestions_log.json,"export async function migrateLedgerEntry(entry: LegacyLedgerEntry) {
  const normalized = normalizeLedgerEntry(entry);
  ","
  return normalized;
}
",src/payments/migrate-ledger.ts,,d-92675051d5.0ec463de-81c2-4f79-9d4c-029f7bb0f101,2026-05-15T16:22:00Z,"[""if (!normalized.accountId) {\n    throw new Error('Missing accountId');\n  }""]","if (!normalized.accountId) {
    throw new Error('Missing accountId');
  }",1,req-c42f6f147be1
2026-05-15,prompt-logs/inline-suggestions/2026/05/15/kiro_inline_suggestions_log.json,"## Validation Stage

The validation agent should receive only the artifacts needed to verify the implementation.
","
## Rollout Stage
",specs/orchestrator/workflow.md,,d-92675051d5.a9a3e94b-b147-4fb7-9934-f5ea941fd110,2026-05-15T12:25:00Z,"[""- Include the final diff summary and test evidence instead of the full planning history.\n- Stop and request human review when cost or scope exceeds policy thresholds.""]","- Include the final diff summary and test evidence instead of the full planning history.
- Stop and request human review when cost or scope exceeds policy thresholds.",1,req-c4c7f3c42a60
2026-05-15,prompt-logs/inline-suggestions/2026/05/15/kiro_inline_suggestions_log.json,"export async function migrateLedgerEntry(entry: LegacyLedgerEntry) {
  const normalized = normalizeLedgerEntry(entry);
  ","
  return normalized;
}
",src/payments/migrate-ledger.ts,,d-92675051d5.0ec463de-81c2-4f79-9d4c-029f7bb0f101,2026-05-15T16:32:00Z,"[""if (!normalized.accountId) {\n    throw new Error('Missing accountId');\n  }""]","if (!normalized.accountId) {
    throw new Error('Missing accountId');
  }",1,req-cc875d11e380
2026-05-15,prompt-logs/inline-suggestions/2026/05/15/kiro_inline_suggestions_log.json,"const errorRateAlarm = new cloudwatch.Alarm(this, 'HighErrorRate', {
  metric: errorRateMetric,
  threshold: 0.05,
  ","
});
",infra/alarms/high_error_rate.ts,,d-92675051d5.6273ba8a-bb02-425f-b443-3d4dcb2c9108,2026-05-15T18:39:00Z,"[""evaluationPeriods: 3,\n  datapointsToAlarm: 2,""]","evaluationPeriods: 3,
  datapointsToAlarm: 2,",1,req-cf3b9f08752b
2026-05-15,prompt-logs/inline-suggestions/2026/05/15/kiro_inline_suggestions_log.json,"export async function migrateLedgerEntry(entry: LegacyLedgerEntry) {
  const normalized = normalizeLedgerEntry(entry);
  ","
  return normalized;
}
",src/payments/migrate-ledger.ts,,d-92675051d5.0ec463de-81c2-4f79-9d4c-029f7bb0f101,2026-05-15T12:28:00Z,"[""if (!normalized.accountId) {\n    throw new Error('Missing accountId');\n  }""]","if (!normalized.accountId) {
    throw new Error('Missing accountId');
  }",1,req-d04755c50c47
2026-05-15,prompt-logs/inline-suggestions/2026/05/15/kiro_inline_suggestions_log.json,"const errorRateAlarm = new cloudwatch.Alarm(this, 'HighErrorRate', {
  metric: errorRateMetric,
  threshold: 0.05,
  ","
});
",infra/alarms/high_error_rate.ts,,d-92675051d5.838f6b85-1e72-4404-a193-f1b0dc79d107,2026-05-15T15:42:00Z,"[""evaluationPeriods: 3,\n  datapointsToAlarm: 2,""]","evaluationPeriods: 3,
  datapointsToAlarm: 2,",1,req-d13f74ca35c8
2026-05-15,prompt-logs/inline-suggestions/2026/05/15/kiro_inline_suggestions_log.json,"export async function migrateLedgerEntry(entry: LegacyLedgerEntry) {
  const normalized = normalizeLedgerEntry(entry);
  ","
  return normalized;
}
",src/payments/migrate-ledger.ts,,d-92675051d5.0ec463de-81c2-4f79-9d4c-029f7bb0f101,2026-05-15T13:05:00Z,"[""if (!normalized.accountId) {\n    throw new Error('Missing accountId');\n  }""]","if (!normalized.accountId) {
    throw new Error('Missing accountId');
  }",1,req-e0e7c07db480
2026-05-15,prompt-logs/inline-suggestions/2026/05/15/kiro_inline_suggestions_log.json,"def build_daily_metrics(events: list[dict]) -> dict:
    totals = summarize_events(events)
    ","
    return totals
",analytics/build_daily_metrics.py,,d-92675051d5.33a7a52f-dbf7-4f6b-89c9-43d30a61e104,2026-05-15T17:52:00Z,"[""totals['conversion_rate'] = safe_divide(totals['orders'], totals['sessions'])""]","totals['conversion_rate'] = safe_divide(totals['orders'], totals['sessions'])",1,req-ea03835947d4
2026-05-15,prompt-logs/inline-suggestions/2026/05/15/kiro_inline_suggestions_log.json,"export async function migrateLedgerEntry(entry: LegacyLedgerEntry) {
  const normalized = normalizeLedgerEntry(entry);
  ","
  return normalized;
}
",src/payments/migrate-ledger.ts,,d-92675051d5.0ec463de-81c2-4f79-9d4c-029f7bb0f101,2026-05-15T10:45:00Z,"[""if (!normalized.accountId) {\n    throw new Error('Missing accountId');\n  }""]","if (!normalized.accountId) {
    throw new Error('Missing accountId');
  }",1,req-edb6b42e4e3e
2026-05-15,prompt-logs/inline-suggestions/2026/05/15/kiro_inline_suggestions_log.json,"## Guardrail Checklist

- Confirm the task is scoped to the current change.
","
- Record the outcome in the evaluation log.
",guardrails/prompt_review.md,,d-92675051d5.9b1ac779-7da0-470f-bfd8-fba1849ca111,2026-05-15T16:33:00Z,"[""- Remove duplicated policy text that is already enforced by hooks or system instructions.""]",- Remove duplicated policy text that is already enforced by hooks or system instructions.,1,req-ffec326bd5d2
2026-05-16,prompt-logs/inline-suggestions/2026/05/16/kiro_inline_suggestions_log.json,"## Validation Stage

The validation agent should receive only the artifacts needed to verify the implementation.
","
## Rollout Stage
",specs/orchestrator/workflow.md,,d-92675051d5.a9a3e94b-b147-4fb7-9934-f5ea941fd110,2026-05-16T17:38:00Z,"[""- Include the final diff summary and test evidence instead of the full planning history.\n- Stop and request human review when cost or scope exceeds policy thresholds.""]","- Include the final diff summary and test evidence instead of the full planning history.
- Stop and request human review when cost or scope exceeds policy thresholds.",1,req-0de247170f7b
2026-05-16,prompt-logs/inline-suggestions/2026/05/16/kiro_inline_suggestions_log.json,"def build_daily_metrics(events: list[dict]) -> dict:
    totals = summarize_events(events)
    ","
    return totals
",analytics/build_daily_metrics.py,,d-92675051d5.33a7a52f-dbf7-4f6b-89c9-43d30a61e104,2026-05-16T16:05:00Z,"[""totals['conversion_rate'] = safe_divide(totals['orders'], totals['sessions'])""]","totals['conversion_rate'] = safe_divide(totals['orders'], totals['sessions'])",1,req-59cc9986e4ca
2026-05-16,prompt-logs/inline-suggestions/2026/05/16/kiro_inline_suggestions_log.json,"def build_daily_metrics(events: list[dict]) -> dict:
    totals = summarize_events(events)
    ","
    return totals
",analytics/build_daily_metrics.py,,d-92675051d5.33a7a52f-dbf7-4f6b-89c9-43d30a61e104,2026-05-16T14:06:00Z,"[""totals['conversion_rate'] = safe_divide(totals['orders'], totals['sessions'])""]","totals['conversion_rate'] = safe_divide(totals['orders'], totals['sessions'])",1,req-85d27af4ffaf
2026-05-16,prompt-logs/inline-suggestions/2026/05/16/kiro_inline_suggestions_log.json,"export async function migrateLedgerEntry(entry: LegacyLedgerEntry) {
  const normalized = normalizeLedgerEntry(entry);
  ","
  return normalized;
}
",src/payments/migrate-ledger.ts,,d-92675051d5.0ec463de-81c2-4f79-9d4c-029f7bb0f101,2026-05-16T14:45:00Z,"[""if (!normalized.accountId) {\n    throw new Error('Missing accountId');\n  }""]","if (!normalized.accountId) {
    throw new Error('Missing accountId');
  }",1,req-be53a6e57db0
2026-05-16,prompt-logs/inline-suggestions/2026/05/16/kiro_inline_suggestions_log.json,"export async function migrateLedgerEntry(entry: LegacyLedgerEntry) {
  const normalized = normalizeLedgerEntry(entry);
  ","
  return normalized;
}
",src/payments/migrate-ledger.ts,,d-92675051d5.0ec463de-81c2-4f79-9d4c-029f7bb0f101,2026-05-16T16:12:00Z,"[""if (!normalized.accountId) {\n    throw new Error('Missing accountId');\n  }""]","if (!normalized.accountId) {
    throw new Error('Missing accountId');
  }",1,req-e784ad8f113e
2026-05-17,prompt-logs/inline-suggestions/2026/05/17/kiro_inline_suggestions_log.json,"## Validation Stage

The validation agent should receive only the artifacts needed to verify the implementation.
","
## Rollout Stage
",specs/orchestrator/workflow.md,,d-92675051d5.a9a3e94b-b147-4fb7-9934-f5ea941fd110,2026-05-17T16:04:00Z,"[""- Include the final diff summary and test evidence instead of the full planning history.\n- Stop and request human review when cost or scope exceeds policy thresholds.""]","- Include the final diff summary and test evidence instead of the full planning history.
- Stop and request human review when cost or scope exceeds policy thresholds.",1,req-b8941c303b39
2026-05-18,prompt-logs/inline-suggestions/2026/05/18/kiro_inline_suggestions_log.json,"## Guardrail Checklist

- Confirm the task is scoped to the current change.
","
- Record the outcome in the evaluation log.
",guardrails/prompt_review.md,,d-92675051d5.9b1ac779-7da0-470f-bfd8-fba1849ca111,2026-05-18T18:01:00Z,"[""- Remove duplicated policy text that is already enforced by hooks or system instructions.""]",- Remove duplicated policy text that is already enforced by hooks or system instructions.,1,req-0c034b71c612
2026-05-18,prompt-logs/inline-suggestions/2026/05/18/kiro_inline_suggestions_log.json,"const errorRateAlarm = new cloudwatch.Alarm(this, 'HighErrorRate', {
  metric: errorRateMetric,
  threshold: 0.05,
  ","
});
",infra/alarms/high_error_rate.ts,,d-92675051d5.6273ba8a-bb02-425f-b443-3d4dcb2c9108,2026-05-18T10:18:00Z,"[""evaluationPeriods: 3,\n  datapointsToAlarm: 2,""]","evaluationPeriods: 3,
  datapointsToAlarm: 2,",1,req-0d2a382ad1cd
2026-05-18,prompt-logs/inline-suggestions/2026/05/18/kiro_inline_suggestions_log.json,"## Validation Stage

The validation agent should receive only the artifacts needed to verify the implementation.
","
## Rollout Stage
",specs/orchestrator/workflow.md,,d-92675051d5.a9a3e94b-b147-4fb7-9934-f5ea941fd110,2026-05-18T12:39:00Z,"[""- Include the final diff summary and test evidence instead of the full planning history.\n- Stop and request human review when cost or scope exceeds policy thresholds.""]","- Include the final diff summary and test evidence instead of the full planning history.
- Stop and request human review when cost or scope exceeds policy thresholds.",1,req-1197840bd359
2026-05-18,prompt-logs/inline-suggestions/2026/05/18/kiro_inline_suggestions_log.json,"export async function migrateLedgerEntry(entry: LegacyLedgerEntry) {
  const normalized = normalizeLedgerEntry(entry);
  ","
  return normalized;
}
",src/payments/migrate-ledger.ts,,d-92675051d5.f12818d1-8f2c-4d54-9188-4f7224a4d103,2026-05-18T09:26:00Z,"[""if (!normalized.accountId) {\n    throw new Error('Missing accountId');\n  }""]","if (!normalized.accountId) {
    throw new Error('Missing accountId');
  }",1,req-13e49c1b273d
2026-05-18,prompt-logs/inline-suggestions/2026/05/18/kiro_inline_suggestions_log.json,"## Guardrail Checklist

- Confirm the task is scoped to the current change.
","
- Record the outcome in the evaluation log.
",guardrails/prompt_review.md,,d-92675051d5.9b1ac779-7da0-470f-bfd8-fba1849ca111,2026-05-18T12:12:00Z,"[""- Remove duplicated policy text that is already enforced by hooks or system instructions.""]",- Remove duplicated policy text that is already enforced by hooks or system instructions.,1,req-25128bec3aa8
2026-05-18,prompt-logs/inline-suggestions/2026/05/18/kiro_inline_suggestions_log.json,"export async function migrateLedgerEntry(entry: LegacyLedgerEntry) {
  const normalized = normalizeLedgerEntry(entry);
  ","
  return normalized;
}
",src/payments/migrate-ledger.ts,,d-92675051d5.0ec463de-81c2-4f79-9d4c-029f7bb0f101,2026-05-18T14:01:00Z,"[""if (!normalized.accountId) {\n    throw new Error('Missing accountId');\n  }""]","if (!normalized.accountId) {
    throw new Error('Missing accountId');
  }",1,req-41dcf9e371bc
2026-05-18,prompt-logs/inline-suggestions/2026/05/18/kiro_inline_suggestions_log.json,"## Validation Stage

The validation agent should receive only the artifacts needed to verify the implementation.
","
## Rollout Stage
",specs/orchestrator/workflow.md,,d-92675051d5.59888cc4-2dac-4454-a84e-b7968ad4e112,2026-05-18T12:24:00Z,"[""- Include the final diff summary and test evidence instead of the full planning history.\n- Stop and request human review when cost or scope exceeds policy thresholds.""]","- Include the final diff summary and test evidence instead of the full planning history.
- Stop and request human review when cost or scope exceeds policy thresholds.",1,req-5bc3a17cb9e8
2026-05-18,prompt-logs/inline-suggestions/2026/05/18/kiro_inline_suggestions_log.json,"const errorRateAlarm = new cloudwatch.Alarm(this, 'HighErrorRate', {
  metric: errorRateMetric,
  threshold: 0.05,
  ","
});
",infra/alarms/high_error_rate.ts,,d-92675051d5.838f6b85-1e72-4404-a193-f1b0dc79d107,2026-05-18T18:28:00Z,"[""evaluationPeriods: 3,\n  datapointsToAlarm: 2,""]","evaluationPeriods: 3,
  datapointsToAlarm: 2,",1,req-693722d1e557
2026-05-18,prompt-logs/inline-suggestions/2026/05/18/kiro_inline_suggestions_log.json,"## Validation Stage

The validation agent should receive only the artifacts needed to verify the implementation.
","
## Rollout Stage
",specs/orchestrator/workflow.md,,d-92675051d5.a9a3e94b-b147-4fb7-9934-f5ea941fd110,2026-05-18T11:03:00Z,"[""- Include the final diff summary and test evidence instead of the full planning history.\n- Stop and request human review when cost or scope exceeds policy thresholds.""]","- Include the final diff summary and test evidence instead of the full planning history.
- Stop and request human review when cost or scope exceeds policy thresholds.",1,req-953edaa83eca
2026-05-18,prompt-logs/inline-suggestions/2026/05/18/kiro_inline_suggestions_log.json,"export async function migrateLedgerEntry(entry: LegacyLedgerEntry) {
  const normalized = normalizeLedgerEntry(entry);
  ","
  return normalized;
}
",src/payments/migrate-ledger.ts,,d-92675051d5.0ec463de-81c2-4f79-9d4c-029f7bb0f101,2026-05-18T12:04:00Z,"[""if (!normalized.accountId) {\n    throw new Error('Missing accountId');\n  }""]","if (!normalized.accountId) {
    throw new Error('Missing accountId');
  }",1,req-a68cda567d97
2026-05-18,prompt-logs/inline-suggestions/2026/05/18/kiro_inline_suggestions_log.json,"## Guardrail Checklist

- Confirm the task is scoped to the current change.
","
- Record the outcome in the evaluation log.
",guardrails/prompt_review.md,,d-92675051d5.9b1ac779-7da0-470f-bfd8-fba1849ca111,2026-05-18T09:34:00Z,"[""- Remove duplicated policy text that is already enforced by hooks or system instructions.""]",- Remove duplicated policy text that is already enforced by hooks or system instructions.,1,req-a9069f828a57
2026-05-18,prompt-logs/inline-suggestions/2026/05/18/kiro_inline_suggestions_log.json,"## Validation Stage

The validation agent should receive only the artifacts needed to verify the implementation.
","
## Rollout Stage
",specs/orchestrator/workflow.md,,d-92675051d5.59888cc4-2dac-4454-a84e-b7968ad4e112,2026-05-18T09:22:00Z,"[""- Include the final diff summary and test evidence instead of the full planning history.\n- Stop and request human review when cost or scope exceeds policy thresholds.""]","- Include the final diff summary and test evidence instead of the full planning history.
- Stop and request human review when cost or scope exceeds policy thresholds.",1,req-ad045d80b626
2026-05-18,prompt-logs/inline-suggestions/2026/05/18/kiro_inline_suggestions_log.json,"const errorRateAlarm = new cloudwatch.Alarm(this, 'HighErrorRate', {
  metric: errorRateMetric,
  threshold: 0.05,
  ","
});
",infra/alarms/high_error_rate.ts,,d-92675051d5.6273ba8a-bb02-425f-b443-3d4dcb2c9108,2026-05-18T17:00:00Z,"[""evaluationPeriods: 3,\n  datapointsToAlarm: 2,""]","evaluationPeriods: 3,
  datapointsToAlarm: 2,",1,req-b6a78995609a
2026-05-18,prompt-logs/inline-suggestions/2026/05/18/kiro_inline_suggestions_log.json,"export async function migrateLedgerEntry(entry: LegacyLedgerEntry) {
  const normalized = normalizeLedgerEntry(entry);
  ","
  return normalized;
}
",src/payments/migrate-ledger.ts,,d-92675051d5.0ec463de-81c2-4f79-9d4c-029f7bb0f101,2026-05-18T12:09:00Z,"[""if (!normalized.accountId) {\n    throw new Error('Missing accountId');\n  }""]","if (!normalized.accountId) {
    throw new Error('Missing accountId');
  }",1,req-ba104aceea5d
2026-05-18,prompt-logs/inline-suggestions/2026/05/18/kiro_inline_suggestions_log.json,"## Guardrail Checklist

- Confirm the task is scoped to the current change.
","
- Record the outcome in the evaluation log.
",guardrails/prompt_review.md,,d-92675051d5.9b1ac779-7da0-470f-bfd8-fba1849ca111,2026-05-18T16:41:00Z,"[""- Remove duplicated policy text that is already enforced by hooks or system instructions.""]",- Remove duplicated policy text that is already enforced by hooks or system instructions.,1,req-db43b265e004
2026-05-18,prompt-logs/inline-suggestions/2026/05/18/kiro_inline_suggestions_log.json,"export async function migrateLedgerEntry(entry: LegacyLedgerEntry) {
  const normalized = normalizeLedgerEntry(entry);
  ","
  return normalized;
}
",src/payments/migrate-ledger.ts,,d-92675051d5.0ec463de-81c2-4f79-9d4c-029f7bb0f101,2026-05-18T09:48:00Z,"[""if (!normalized.accountId) {\n    throw new Error('Missing accountId');\n  }""]","if (!normalized.accountId) {
    throw new Error('Missing accountId');
  }",1,req-de2659e041eb
2026-05-18,prompt-logs/inline-suggestions/2026/05/18/kiro_inline_suggestions_log.json,"export async function migrateLedgerEntry(entry: LegacyLedgerEntry) {
  const normalized = normalizeLedgerEntry(entry);
  ","
  return normalized;
}
",src/payments/migrate-ledger.ts,,d-92675051d5.f12818d1-8f2c-4d54-9188-4f7224a4d103,2026-05-18T12:45:00Z,"[""if (!normalized.accountId) {\n    throw new Error('Missing accountId');\n  }""]","if (!normalized.accountId) {
    throw new Error('Missing accountId');
  }",1,req-f9b7fcbb2bb1
2026-05-19,prompt-logs/inline-suggestions/2026/05/19/kiro_inline_suggestions_log.json,"const errorRateAlarm = new cloudwatch.Alarm(this, 'HighErrorRate', {
  metric: errorRateMetric,
  threshold: 0.05,
  ","
});
",infra/alarms/high_error_rate.ts,,d-92675051d5.838f6b85-1e72-4404-a193-f1b0dc79d107,2026-05-19T17:31:00Z,"[""evaluationPeriods: 3,\n  datapointsToAlarm: 2,""]","evaluationPeriods: 3,
  datapointsToAlarm: 2,",1,req-09d754384e25
2026-05-19,prompt-logs/inline-suggestions/2026/05/19/kiro_inline_suggestions_log.json,"const errorRateAlarm = new cloudwatch.Alarm(this, 'HighErrorRate', {
  metric: errorRateMetric,
  threshold: 0.05,
  ","
});
",infra/alarms/high_error_rate.ts,,d-92675051d5.3b537ba7-2c3b-4a6c-aec6-61e594bd1109,2026-05-19T11:38:00Z,"[""evaluationPeriods: 3,\n  datapointsToAlarm: 2,""]","evaluationPeriods: 3,
  datapointsToAlarm: 2,",1,req-0f9742415189
2026-05-19,prompt-logs/inline-suggestions/2026/05/19/kiro_inline_suggestions_log.json,"## Validation Stage

The validation agent should receive only the artifacts needed to verify the implementation.
","
## Rollout Stage
",specs/orchestrator/workflow.md,,d-92675051d5.a9a3e94b-b147-4fb7-9934-f5ea941fd110,2026-05-19T09:20:00Z,"[""- Include the final diff summary and test evidence instead of the full planning history.\n- Stop and request human review when cost or scope exceeds policy thresholds.""]","- Include the final diff summary and test evidence instead of the full planning history.
- Stop and request human review when cost or scope exceeds policy thresholds.",1,req-115c757b975b
2026-05-19,prompt-logs/inline-suggestions/2026/05/19/kiro_inline_suggestions_log.json,"describe('PaymentService', () => {
  it('retries transient failures', async () => {
    const service = createService();
    ","
  });
});
",tests/payment-service.spec.ts,,d-92675051d5.797d1e6c-6d5f-41a9-8dc7-53d2ef14e102,2026-05-19T10:55:00Z,"[""await expect(service.charge(sampleRequest)).resolves.toMatchObject({ status: 'accepted' });""]",await expect(service.charge(sampleRequest)).resolves.toMatchObject({ status: 'accepted' });,1,req-1331aacfb3b2
2026-05-19,prompt-logs/inline-suggestions/2026/05/19/kiro_inline_suggestions_log.json,"## Validation Stage

The validation agent should receive only the artifacts needed to verify the implementation.
","
## Rollout Stage
",specs/orchestrator/workflow.md,,d-92675051d5.59888cc4-2dac-4454-a84e-b7968ad4e112,2026-05-19T18:18:00Z,"[""- Include the final diff summary and test evidence instead of the full planning history.\n- Stop and request human review when cost or scope exceeds policy thresholds.""]","- Include the final diff summary and test evidence instead of the full planning history.
- Stop and request human review when cost or scope exceeds policy thresholds.",1,req-191e2fc01aa4
2026-05-19,prompt-logs/inline-suggestions/2026/05/19/kiro_inline_suggestions_log.json,"def build_daily_metrics(events: list[dict]) -> dict:
    totals = summarize_events(events)
    ","
    return totals
",analytics/build_daily_metrics.py,,d-92675051d5.33a7a52f-dbf7-4f6b-89c9-43d30a61e104,2026-05-19T16:30:00Z,"[""totals['conversion_rate'] = safe_divide(totals['orders'], totals['sessions'])""]","totals['conversion_rate'] = safe_divide(totals['orders'], totals['sessions'])",1,req-22305476fca7
2026-05-19,prompt-logs/inline-suggestions/2026/05/19/kiro_inline_suggestions_log.json,"def build_daily_metrics(events: list[dict]) -> dict:
    totals = summarize_events(events)
    ","
    return totals
",analytics/build_daily_metrics.py,,d-92675051d5.4a0a1ddb-32de-4237-b40f-cbc81f6ae105,2026-05-19T15:10:00Z,"[""totals['conversion_rate'] = safe_divide(totals['orders'], totals['sessions'])""]","totals['conversion_rate'] = safe_divide(totals['orders'], totals['sessions'])",1,req-277262ce85f7
2026-05-19,prompt-logs/inline-suggestions/2026/05/19/kiro_inline_suggestions_log.json,"## Validation Stage

The validation agent should receive only the artifacts needed to verify the implementation.
","
## Rollout Stage
",specs/orchestrator/workflow.md,,d-92675051d5.a9a3e94b-b147-4fb7-9934-f5ea941fd110,2026-05-19T09:25:00Z,"[""- Include the final diff summary and test evidence instead of the full planning history.\n- Stop and request human review when cost or scope exceeds policy thresholds.""]","- Include the final diff summary and test evidence instead of the full planning history.
- Stop and request human review when cost or scope exceeds policy thresholds.",1,req-2db98e6a3860
2026-05-19,prompt-logs/inline-suggestions/2026/05/19/kiro_inline_suggestions_log.json,"describe('PaymentService', () => {
  it('retries transient failures', async () => {
    const service = createService();
    ","
  });
});
",tests/payment-service.spec.ts,,d-92675051d5.797d1e6c-6d5f-41a9-8dc7-53d2ef14e102,2026-05-19T12:55:00Z,"[""await expect(service.charge(sampleRequest)).resolves.toMatchObject({ status: 'accepted' });""]",await expect(service.charge(sampleRequest)).resolves.toMatchObject({ status: 'accepted' });,1,req-31b0bd61b4ce
2026-05-19,prompt-logs/inline-suggestions/2026/05/19/kiro_inline_suggestions_log.json,"describe('PaymentService', () => {
  it('retries transient failures', async () => {
    const service = createService();
    ","
  });
});
",tests/payment-service.spec.ts,,d-92675051d5.797d1e6c-6d5f-41a9-8dc7-53d2ef14e102,2026-05-19T12:57:00Z,"[""await expect(service.charge(sampleRequest)).resolves.toMatchObject({ status: 'accepted' });""]",await expect(service.charge(sampleRequest)).resolves.toMatchObject({ status: 'accepted' });,1,req-34a6e2469de5
2026-05-19,prompt-logs/inline-suggestions/2026/05/19/kiro_inline_suggestions_log.json,"## Validation Stage

The validation agent should receive only the artifacts needed to verify the implementation.
","
## Rollout Stage
",specs/orchestrator/workflow.md,,d-92675051d5.a9a3e94b-b147-4fb7-9934-f5ea941fd110,2026-05-19T15:17:00Z,"[""- Include the final diff summary and test evidence instead of the full planning history.\n- Stop and request human review when cost or scope exceeds policy thresholds.""]","- Include the final diff summary and test evidence instead of the full planning history.
- Stop and request human review when cost or scope exceeds policy thresholds.",1,req-3e41f79d4526
2026-05-19,prompt-logs/inline-suggestions/2026/05/19/kiro_inline_suggestions_log.json,"const errorRateAlarm = new cloudwatch.Alarm(this, 'HighErrorRate', {
  metric: errorRateMetric,
  threshold: 0.05,
  ","
});
",infra/alarms/high_error_rate.ts,,d-92675051d5.3b537ba7-2c3b-4a6c-aec6-61e594bd1109,2026-05-19T14:10:00Z,"[""evaluationPeriods: 3,\n  datapointsToAlarm: 2,""]","evaluationPeriods: 3,
  datapointsToAlarm: 2,",1,req-49cc177f110f
2026-05-19,prompt-logs/inline-suggestions/2026/05/19/kiro_inline_suggestions_log.json,"const errorRateAlarm = new cloudwatch.Alarm(this, 'HighErrorRate', {
  metric: errorRateMetric,
  threshold: 0.05,
  ","
});
",infra/alarms/high_error_rate.ts,,d-92675051d5.3b537ba7-2c3b-4a6c-aec6-61e594bd1109,2026-05-19T13:14:00Z,"[""evaluationPeriods: 3,\n  datapointsToAlarm: 2,""]","evaluationPeriods: 3,
  datapointsToAlarm: 2,",1,req-4b92f2b245f7
2026-05-19,prompt-logs/inline-suggestions/2026/05/19/kiro_inline_suggestions_log.json,"export async function migrateLedgerEntry(entry: LegacyLedgerEntry) {
  const normalized = normalizeLedgerEntry(entry);
  ","
  return normalized;
}
",src/payments/migrate-ledger.ts,,d-92675051d5.0ec463de-81c2-4f79-9d4c-029f7bb0f101,2026-05-19T16:17:00Z,"[""if (!normalized.accountId) {\n    throw new Error('Missing accountId');\n  }""]","if (!normalized.accountId) {
    throw new Error('Missing accountId');
  }",1,req-51392f4660b8
2026-05-19,prompt-logs/inline-suggestions/2026/05/19/kiro_inline_suggestions_log.json,"export async function migrateLedgerEntry(entry: LegacyLedgerEntry) {
  const normalized = normalizeLedgerEntry(entry);
  ","
  return normalized;
}
",src/payments/migrate-ledger.ts,,d-92675051d5.0ec463de-81c2-4f79-9d4c-029f7bb0f101,2026-05-19T13:35:00Z,"[""if (!normalized.accountId) {\n    throw new Error('Missing accountId');\n  }""]","if (!normalized.accountId) {
    throw new Error('Missing accountId');
  }",1,req-51b3119eefd6
2026-05-19,prompt-logs/inline-suggestions/2026/05/19/kiro_inline_suggestions_log.json,"export async function migrateLedgerEntry(entry: LegacyLedgerEntry) {
  const normalized = normalizeLedgerEntry(entry);
  ","
  return normalized;
}
",src/payments/migrate-ledger.ts,,d-92675051d5.0ec463de-81c2-4f79-9d4c-029f7bb0f101,2026-05-19T09:07:00Z,"[""if (!normalized.accountId) {\n    throw new Error('Missing accountId');\n  }""]","if (!normalized.accountId) {
    throw new Error('Missing accountId');
  }",1,req-6405be6e46a9
2026-05-19,prompt-logs/inline-suggestions/2026/05/19/kiro_inline_suggestions_log.json,"## Validation Stage

The validation agent should receive only the artifacts needed to verify the implementation.
","
## Rollout Stage
",specs/orchestrator/workflow.md,,d-92675051d5.a9a3e94b-b147-4fb7-9934-f5ea941fd110,2026-05-19T11:38:00Z,"[""- Include the final diff summary and test evidence instead of the full planning history.\n- Stop and request human review when cost or scope exceeds policy thresholds.""]","- Include the final diff summary and test evidence instead of the full planning history.
- Stop and request human review when cost or scope exceeds policy thresholds.",1,req-677a4779db1c
2026-05-19,prompt-logs/inline-suggestions/2026/05/19/kiro_inline_suggestions_log.json,"describe('PaymentService', () => {
  it('retries transient failures', async () => {
    const service = createService();
    ","
  });
});
",tests/payment-service.spec.ts,,d-92675051d5.797d1e6c-6d5f-41a9-8dc7-53d2ef14e102,2026-05-19T10:32:00Z,"[""await expect(service.charge(sampleRequest)).resolves.toMatchObject({ status: 'accepted' });""]",await expect(service.charge(sampleRequest)).resolves.toMatchObject({ status: 'accepted' });,1,req-6bb871d5799e
2026-05-19,prompt-logs/inline-suggestions/2026/05/19/kiro_inline_suggestions_log.json,"## Guardrail Checklist

- Confirm the task is scoped to the current change.
","
- Record the outcome in the evaluation log.
",guardrails/prompt_review.md,,d-92675051d5.9b1ac779-7da0-470f-bfd8-fba1849ca111,2026-05-19T14:48:00Z,"[""- Remove duplicated policy text that is already enforced by hooks or system instructions.""]",- Remove duplicated policy text that is already enforced by hooks or system instructions.,1,req-8054087f68d6
2026-05-19,prompt-logs/inline-suggestions/2026/05/19/kiro_inline_suggestions_log.json,"def build_daily_metrics(events: list[dict]) -> dict:
    totals = summarize_events(events)
    ","
    return totals
",analytics/build_daily_metrics.py,,d-92675051d5.4a0a1ddb-32de-4237-b40f-cbc81f6ae105,2026-05-19T14:53:00Z,"[""totals['conversion_rate'] = safe_divide(totals['orders'], totals['sessions'])""]","totals['conversion_rate'] = safe_divide(totals['orders'], totals['sessions'])",1,req-8f53155d072c
2026-05-19,prompt-logs/inline-suggestions/2026/05/19/kiro_inline_suggestions_log.json,"describe('PaymentService', () => {
  it('retries transient failures', async () => {
    const service = createService();
    ","
  });
});
",tests/payment-service.spec.ts,,d-92675051d5.797d1e6c-6d5f-41a9-8dc7-53d2ef14e102,2026-05-19T15:14:00Z,"[""await expect(service.charge(sampleRequest)).resolves.toMatchObject({ status: 'accepted' });""]",await expect(service.charge(sampleRequest)).resolves.toMatchObject({ status: 'accepted' });,1,req-97f95f34d329
2026-05-19,prompt-logs/inline-suggestions/2026/05/19/kiro_inline_suggestions_log.json,"describe('PaymentService', () => {
  it('retries transient failures', async () => {
    const service = createService();
    ","
  });
});
",tests/payment-service.spec.ts,,d-92675051d5.797d1e6c-6d5f-41a9-8dc7-53d2ef14e102,2026-05-19T10:23:00Z,"[""await expect(service.charge(sampleRequest)).resolves.toMatchObject({ status: 'accepted' });""]",await expect(service.charge(sampleRequest)).resolves.toMatchObject({ status: 'accepted' });,1,req-9ba932361c3d
2026-05-19,prompt-logs/inline-suggestions/2026/05/19/kiro_inline_suggestions_log.json,"const errorRateAlarm = new cloudwatch.Alarm(this, 'HighErrorRate', {
  metric: errorRateMetric,
  threshold: 0.05,
  ","
});
",infra/alarms/high_error_rate.ts,,d-92675051d5.838f6b85-1e72-4404-a193-f1b0dc79d107,2026-05-19T15:05:00Z,"[""evaluationPeriods: 3,\n  datapointsToAlarm: 2,""]","evaluationPeriods: 3,
  datapointsToAlarm: 2,",1,req-9e194da3092a
2026-05-19,prompt-logs/inline-suggestions/2026/05/19/kiro_inline_suggestions_log.json,"export async function migrateLedgerEntry(entry: LegacyLedgerEntry) {
  const normalized = normalizeLedgerEntry(entry);
  ","
  return normalized;
}
",src/payments/migrate-ledger.ts,,d-92675051d5.0ec463de-81c2-4f79-9d4c-029f7bb0f101,2026-05-19T11:40:00Z,"[""if (!normalized.accountId) {\n    throw new Error('Missing accountId');\n  }""]","if (!normalized.accountId) {
    throw new Error('Missing accountId');
  }",1,req-a0659633841b
2026-05-19,prompt-logs/inline-suggestions/2026/05/19/kiro_inline_suggestions_log.json,"describe('PaymentService', () => {
  it('retries transient failures', async () => {
    const service = createService();
    ","
  });
});
",tests/payment-service.spec.ts,,d-92675051d5.797d1e6c-6d5f-41a9-8dc7-53d2ef14e102,2026-05-19T10:12:00Z,"[""await expect(service.charge(sampleRequest)).resolves.toMatchObject({ status: 'accepted' });""]",await expect(service.charge(sampleRequest)).resolves.toMatchObject({ status: 'accepted' });,1,req-c477140ef27e
2026-05-19,prompt-logs/inline-suggestions/2026/05/19/kiro_inline_suggestions_log.json,"describe('PaymentService', () => {
  it('retries transient failures', async () => {
    const service = createService();
    ","
  });
});
",tests/payment-service.spec.ts,,d-92675051d5.797d1e6c-6d5f-41a9-8dc7-53d2ef14e102,2026-05-19T16:52:00Z,"[""await expect(service.charge(sampleRequest)).resolves.toMatchObject({ status: 'accepted' });""]",await expect(service.charge(sampleRequest)).resolves.toMatchObject({ status: 'accepted' });,1,req-c6e366dd3556
2026-05-19,prompt-logs/inline-suggestions/2026/05/19/kiro_inline_suggestions_log.json,"## Validation Stage

The validation agent should receive only the artifacts needed to verify the implementation.
","
## Rollout Stage
",specs/orchestrator/workflow.md,,d-92675051d5.a9a3e94b-b147-4fb7-9934-f5ea941fd110,2026-05-19T14:57:00Z,"[""- Include the final diff summary and test evidence instead of the full planning history.\n- Stop and request human review when cost or scope exceeds policy thresholds.""]","- Include the final diff summary and test evidence instead of the full planning history.
- Stop and request human review when cost or scope exceeds policy thresholds.",1,req-cdd9aa835088
2026-05-19,prompt-logs/inline-suggestions/2026/05/19/kiro_inline_suggestions_log.json,"export async function migrateLedgerEntry(entry: LegacyLedgerEntry) {
  const normalized = normalizeLedgerEntry(entry);
  ","
  return normalized;
}
",src/payments/migrate-ledger.ts,,d-92675051d5.0ec463de-81c2-4f79-9d4c-029f7bb0f101,2026-05-19T12:06:00Z,"[""if (!normalized.accountId) {\n    throw new Error('Missing accountId');\n  }""]","if (!normalized.accountId) {
    throw new Error('Missing accountId');
  }",1,req-e2f1ee7295f5
2026-05-19,prompt-logs/inline-suggestions/2026/05/19/kiro_inline_suggestions_log.json,"def build_daily_metrics(events: list[dict]) -> dict:
    totals = summarize_events(events)
    ","
    return totals
",analytics/build_daily_metrics.py,,d-92675051d5.33a7a52f-dbf7-4f6b-89c9-43d30a61e104,2026-05-19T12:34:00Z,"[""totals['conversion_rate'] = safe_divide(totals['orders'], totals['sessions'])""]","totals['conversion_rate'] = safe_divide(totals['orders'], totals['sessions'])",1,req-e65d988faaa5
2026-05-19,prompt-logs/inline-suggestions/2026/05/19/kiro_inline_suggestions_log.json,"export async function migrateLedgerEntry(entry: LegacyLedgerEntry) {
  const normalized = normalizeLedgerEntry(entry);
  ","
  return normalized;
}
",src/payments/migrate-ledger.ts,,d-92675051d5.0ec463de-81c2-4f79-9d4c-029f7bb0f101,2026-05-19T18:11:00Z,"[""if (!normalized.accountId) {\n    throw new Error('Missing accountId');\n  }""]","if (!normalized.accountId) {
    throw new Error('Missing accountId');
  }",1,req-f1e0fa52b3b4
2026-05-19,prompt-logs/inline-suggestions/2026/05/19/kiro_inline_suggestions_log.json,"## Validation Stage

The validation agent should receive only the artifacts needed to verify the implementation.
","
## Rollout Stage
",specs/orchestrator/workflow.md,,d-92675051d5.a9a3e94b-b147-4fb7-9934-f5ea941fd110,2026-05-19T13:29:00Z,"[""- Include the final diff summary and test evidence instead of the full planning history.\n- Stop and request human review when cost or scope exceeds policy thresholds.""]","- Include the final diff summary and test evidence instead of the full planning history.
- Stop and request human review when cost or scope exceeds policy thresholds.",1,req-fbb11d5dea02
2026-05-20,prompt-logs/inline-suggestions/2026/05/20/kiro_inline_suggestions_log.json,"const errorRateAlarm = new cloudwatch.Alarm(this, 'HighErrorRate', {
  metric: errorRateMetric,
  threshold: 0.05,
  ","
});
",infra/alarms/high_error_rate.ts,,d-92675051d5.6273ba8a-bb02-425f-b443-3d4dcb2c9108,2026-05-20T09:10:00Z,"[""evaluationPeriods: 3,\n  datapointsToAlarm: 2,""]","evaluationPeriods: 3,
  datapointsToAlarm: 2,",1,req-067f5d590c51
2026-05-20,prompt-logs/inline-suggestions/2026/05/20/kiro_inline_suggestions_log.json,"## Validation Stage

The validation agent should receive only the artifacts needed to verify the implementation.
","
## Rollout Stage
",specs/orchestrator/workflow.md,,d-92675051d5.a9a3e94b-b147-4fb7-9934-f5ea941fd110,2026-05-20T10:46:00Z,"[""- Include the final diff summary and test evidence instead of the full planning history.\n- Stop and request human review when cost or scope exceeds policy thresholds.""]","- Include the final diff summary and test evidence instead of the full planning history.
- Stop and request human review when cost or scope exceeds policy thresholds.",1,req-0bbd2d0dbf58
2026-05-20,prompt-logs/inline-suggestions/2026/05/20/kiro_inline_suggestions_log.json,"describe('PaymentService', () => {
  it('retries transient failures', async () => {
    const service = createService();
    ","
  });
});
",tests/payment-service.spec.ts,,d-92675051d5.797d1e6c-6d5f-41a9-8dc7-53d2ef14e102,2026-05-20T18:04:00Z,"[""await expect(service.charge(sampleRequest)).resolves.toMatchObject({ status: 'accepted' });""]",await expect(service.charge(sampleRequest)).resolves.toMatchObject({ status: 'accepted' });,1,req-12142bb7402a
2026-05-20,prompt-logs/inline-suggestions/2026/05/20/kiro_inline_suggestions_log.json,"def build_daily_metrics(events: list[dict]) -> dict:
    totals = summarize_events(events)
    ","
    return totals
",analytics/build_daily_metrics.py,,d-92675051d5.33a7a52f-dbf7-4f6b-89c9-43d30a61e104,2026-05-20T09:09:00Z,"[""totals['conversion_rate'] = safe_divide(totals['orders'], totals['sessions'])""]","totals['conversion_rate'] = safe_divide(totals['orders'], totals['sessions'])",1,req-1fe7f9737985
2026-05-20,prompt-logs/inline-suggestions/2026/05/20/kiro_inline_suggestions_log.json,"def build_daily_metrics(events: list[dict]) -> dict:
    totals = summarize_events(events)
    ","
    return totals
",analytics/build_daily_metrics.py,,d-92675051d5.33a7a52f-dbf7-4f6b-89c9-43d30a61e104,2026-05-20T15:59:00Z,"[""totals['conversion_rate'] = safe_divide(totals['orders'], totals['sessions'])""]","totals['conversion_rate'] = safe_divide(totals['orders'], totals['sessions'])",1,req-26bcc751b05b
2026-05-20,prompt-logs/inline-suggestions/2026/05/20/kiro_inline_suggestions_log.json,"const errorRateAlarm = new cloudwatch.Alarm(this, 'HighErrorRate', {
  metric: errorRateMetric,
  threshold: 0.05,
  ","
});
",infra/alarms/high_error_rate.ts,,d-92675051d5.838f6b85-1e72-4404-a193-f1b0dc79d107,2026-05-20T12:34:00Z,"[""evaluationPeriods: 3,\n  datapointsToAlarm: 2,""]","evaluationPeriods: 3,
  datapointsToAlarm: 2,",1,req-2d01d92d1205
2026-05-20,prompt-logs/inline-suggestions/2026/05/20/kiro_inline_suggestions_log.json,"const errorRateAlarm = new cloudwatch.Alarm(this, 'HighErrorRate', {
  metric: errorRateMetric,
  threshold: 0.05,
  ","
});
",infra/alarms/high_error_rate.ts,,d-92675051d5.838f6b85-1e72-4404-a193-f1b0dc79d107,2026-05-20T12:30:00Z,"[""evaluationPeriods: 3,\n  datapointsToAlarm: 2,""]","evaluationPeriods: 3,
  datapointsToAlarm: 2,",1,req-2d9a25adb2e6
2026-05-20,prompt-logs/inline-suggestions/2026/05/20/kiro_inline_suggestions_log.json,"## Validation Stage

The validation agent should receive only the artifacts needed to verify the implementation.
","
## Rollout Stage
",specs/orchestrator/workflow.md,,d-92675051d5.a9a3e94b-b147-4fb7-9934-f5ea941fd110,2026-05-20T15:00:00Z,"[""- Include the final diff summary and test evidence instead of the full planning history.\n- Stop and request human review when cost or scope exceeds policy thresholds.""]","- Include the final diff summary and test evidence instead of the full planning history.
- Stop and request human review when cost or scope exceeds policy thresholds.",1,req-32b791d02776
2026-05-20,prompt-logs/inline-suggestions/2026/05/20/kiro_inline_suggestions_log.json,"def build_daily_metrics(events: list[dict]) -> dict:
    totals = summarize_events(events)
    ","
    return totals
",analytics/build_daily_metrics.py,,d-92675051d5.4a0a1ddb-32de-4237-b40f-cbc81f6ae105,2026-05-20T17:22:00Z,"[""totals['conversion_rate'] = safe_divide(totals['orders'], totals['sessions'])""]","totals['conversion_rate'] = safe_divide(totals['orders'], totals['sessions'])",1,req-4de11f8c3f71
2026-05-20,prompt-logs/inline-suggestions/2026/05/20/kiro_inline_suggestions_log.json,"export async function migrateLedgerEntry(entry: LegacyLedgerEntry) {
  const normalized = normalizeLedgerEntry(entry);
  ","
  return normalized;
}
",src/payments/migrate-ledger.ts,,d-92675051d5.0ec463de-81c2-4f79-9d4c-029f7bb0f101,2026-05-20T14:10:00Z,"[""if (!normalized.accountId) {\n    throw new Error('Missing accountId');\n  }""]","if (!normalized.accountId) {
    throw new Error('Missing accountId');
  }",1,req-52467c663348
2026-05-20,prompt-logs/inline-suggestions/2026/05/20/kiro_inline_suggestions_log.json,"def build_daily_metrics(events: list[dict]) -> dict:
    totals = summarize_events(events)
    ","
    return totals
",analytics/build_daily_metrics.py,,d-92675051d5.4a0a1ddb-32de-4237-b40f-cbc81f6ae105,2026-05-20T15:05:00Z,"[""totals['conversion_rate'] = safe_divide(totals['orders'], totals['sessions'])""]","totals['conversion_rate'] = safe_divide(totals['orders'], totals['sessions'])",1,req-685b6e45c240
2026-05-20,prompt-logs/inline-suggestions/2026/05/20/kiro_inline_suggestions_log.json,"## Guardrail Checklist

- Confirm the task is scoped to the current change.
","
- Record the outcome in the evaluation log.
",guardrails/prompt_review.md,,d-92675051d5.9b1ac779-7da0-470f-bfd8-fba1849ca111,2026-05-20T10:02:00Z,"[""- Remove duplicated policy text that is already enforced by hooks or system instructions.""]",- Remove duplicated policy text that is already enforced by hooks or system instructions.,1,req-6aa01075c58b
2026-05-20,prompt-logs/inline-suggestions/2026/05/20/kiro_inline_suggestions_log.json,"describe('PaymentService', () => {
  it('retries transient failures', async () => {
    const service = createService();
    ","
  });
});
",tests/payment-service.spec.ts,,d-92675051d5.797d1e6c-6d5f-41a9-8dc7-53d2ef14e102,2026-05-20T15:36:00Z,"[""await expect(service.charge(sampleRequest)).resolves.toMatchObject({ status: 'accepted' });""]",await expect(service.charge(sampleRequest)).resolves.toMatchObject({ status: 'accepted' });,1,req-6d1b96a1d772
2026-05-20,prompt-logs/inline-suggestions/2026/05/20/kiro_inline_suggestions_log.json,"## Guardrail Checklist

- Confirm the task is scoped to the current change.
","
- Record the outcome in the evaluation log.
",guardrails/prompt_review.md,,d-92675051d5.9b1ac779-7da0-470f-bfd8-fba1849ca111,2026-05-20T17:20:00Z,"[""- Remove duplicated policy text that is already enforced by hooks or system instructions.""]",- Remove duplicated policy text that is already enforced by hooks or system instructions.,1,req-7d79a1ed5082
2026-05-20,prompt-logs/inline-suggestions/2026/05/20/kiro_inline_suggestions_log.json,"def build_daily_metrics(events: list[dict]) -> dict:
    totals = summarize_events(events)
    ","
    return totals
",analytics/build_daily_metrics.py,,d-92675051d5.7e23e16f-5eb6-49f0-8e5d-a84c5ad99106,2026-05-20T13:53:00Z,"[""totals['conversion_rate'] = safe_divide(totals['orders'], totals['sessions'])""]","totals['conversion_rate'] = safe_divide(totals['orders'], totals['sessions'])",1,req-7e4f18eb2a0f
2026-05-20,prompt-logs/inline-suggestions/2026/05/20/kiro_inline_suggestions_log.json,"def build_daily_metrics(events: list[dict]) -> dict:
    totals = summarize_events(events)
    ","
    return totals
",analytics/build_daily_metrics.py,,d-92675051d5.4a0a1ddb-32de-4237-b40f-cbc81f6ae105,2026-05-20T16:59:00Z,"[""totals['conversion_rate'] = safe_divide(totals['orders'], totals['sessions'])""]","totals['conversion_rate'] = safe_divide(totals['orders'], totals['sessions'])",1,req-803680c54bee
2026-05-20,prompt-logs/inline-suggestions/2026/05/20/kiro_inline_suggestions_log.json,"## Validation Stage

The validation agent should receive only the artifacts needed to verify the implementation.
","
## Rollout Stage
",specs/orchestrator/workflow.md,,d-92675051d5.a9a3e94b-b147-4fb7-9934-f5ea941fd110,2026-05-20T09:16:00Z,"[""- Include the final diff summary and test evidence instead of the full planning history.\n- Stop and request human review when cost or scope exceeds policy thresholds.""]","- Include the final diff summary and test evidence instead of the full planning history.
- Stop and request human review when cost or scope exceeds policy thresholds.",1,req-85af91c9e0ef
2026-05-20,prompt-logs/inline-suggestions/2026/05/20/kiro_inline_suggestions_log.json,"## Validation Stage

The validation agent should receive only the artifacts needed to verify the implementation.
","
## Rollout Stage
",specs/orchestrator/workflow.md,,d-92675051d5.a9a3e94b-b147-4fb7-9934-f5ea941fd110,2026-05-20T10:44:00Z,"[""- Include the final diff summary and test evidence instead of the full planning history.\n- Stop and request human review when cost or scope exceeds policy thresholds.""]","- Include the final diff summary and test evidence instead of the full planning history.
- Stop and request human review when cost or scope exceeds policy thresholds.",1,req-95d5d64c4e9c
2026-05-20,prompt-logs/inline-suggestions/2026/05/20/kiro_inline_suggestions_log.json,"const errorRateAlarm = new cloudwatch.Alarm(this, 'HighErrorRate', {
  metric: errorRateMetric,
  threshold: 0.05,
  ","
});
",infra/alarms/high_error_rate.ts,,d-92675051d5.6273ba8a-bb02-425f-b443-3d4dcb2c9108,2026-05-20T13:51:00Z,"[""evaluationPeriods: 3,\n  datapointsToAlarm: 2,""]","evaluationPeriods: 3,
  datapointsToAlarm: 2,",1,req-96220636ba04
2026-05-20,prompt-logs/inline-suggestions/2026/05/20/kiro_inline_suggestions_log.json,"## Validation Stage

The validation agent should receive only the artifacts needed to verify the implementation.
","
## Rollout Stage
",specs/orchestrator/workflow.md,,d-92675051d5.a9a3e94b-b147-4fb7-9934-f5ea941fd110,2026-05-20T18:08:00Z,"[""- Include the final diff summary and test evidence instead of the full planning history.\n- Stop and request human review when cost or scope exceeds policy thresholds.""]","- Include the final diff summary and test evidence instead of the full planning history.
- Stop and request human review when cost or scope exceeds policy thresholds.",1,req-9985bd5d1ed3
2026-05-20,prompt-logs/inline-suggestions/2026/05/20/kiro_inline_suggestions_log.json,"const errorRateAlarm = new cloudwatch.Alarm(this, 'HighErrorRate', {
  metric: errorRateMetric,
  threshold: 0.05,
  ","
});
",infra/alarms/high_error_rate.ts,,d-92675051d5.838f6b85-1e72-4404-a193-f1b0dc79d107,2026-05-20T18:04:00Z,"[""evaluationPeriods: 3,\n  datapointsToAlarm: 2,""]","evaluationPeriods: 3,
  datapointsToAlarm: 2,",1,req-99951ac953ef
2026-05-20,prompt-logs/inline-suggestions/2026/05/20/kiro_inline_suggestions_log.json,"## Validation Stage

The validation agent should receive only the artifacts needed to verify the implementation.
","
## Rollout Stage
",specs/orchestrator/workflow.md,,d-92675051d5.a9a3e94b-b147-4fb7-9934-f5ea941fd110,2026-05-20T12:06:00Z,"[""- Include the final diff summary and test evidence instead of the full planning history.\n- Stop and request human review when cost or scope exceeds policy thresholds.""]","- Include the final diff summary and test evidence instead of the full planning history.
- Stop and request human review when cost or scope exceeds policy thresholds.",1,req-9be4ad4414a2
2026-05-20,prompt-logs/inline-suggestions/2026/05/20/kiro_inline_suggestions_log.json,"const errorRateAlarm = new cloudwatch.Alarm(this, 'HighErrorRate', {
  metric: errorRateMetric,
  threshold: 0.05,
  ","
});
",infra/alarms/high_error_rate.ts,,d-92675051d5.6273ba8a-bb02-425f-b443-3d4dcb2c9108,2026-05-20T11:22:00Z,"[""evaluationPeriods: 3,\n  datapointsToAlarm: 2,""]","evaluationPeriods: 3,
  datapointsToAlarm: 2,",1,req-a0f9c76e353e
2026-05-20,prompt-logs/inline-suggestions/2026/05/20/kiro_inline_suggestions_log.json,"export async function migrateLedgerEntry(entry: LegacyLedgerEntry) {
  const normalized = normalizeLedgerEntry(entry);
  ","
  return normalized;
}
",src/payments/migrate-ledger.ts,,d-92675051d5.0ec463de-81c2-4f79-9d4c-029f7bb0f101,2026-05-20T09:43:00Z,"[""if (!normalized.accountId) {\n    throw new Error('Missing accountId');\n  }""]","if (!normalized.accountId) {
    throw new Error('Missing accountId');
  }",1,req-b2b319681454
2026-05-20,prompt-logs/inline-suggestions/2026/05/20/kiro_inline_suggestions_log.json,"describe('PaymentService', () => {
  it('retries transient failures', async () => {
    const service = createService();
    ","
  });
});
",tests/payment-service.spec.ts,,d-92675051d5.797d1e6c-6d5f-41a9-8dc7-53d2ef14e102,2026-05-20T10:36:00Z,"[""await expect(service.charge(sampleRequest)).resolves.toMatchObject({ status: 'accepted' });""]",await expect(service.charge(sampleRequest)).resolves.toMatchObject({ status: 'accepted' });,1,req-b9cc94d56857
2026-05-20,prompt-logs/inline-suggestions/2026/05/20/kiro_inline_suggestions_log.json,"export async function migrateLedgerEntry(entry: LegacyLedgerEntry) {
  const normalized = normalizeLedgerEntry(entry);
  ","
  return normalized;
}
",src/payments/migrate-ledger.ts,,d-92675051d5.0ec463de-81c2-4f79-9d4c-029f7bb0f101,2026-05-20T16:46:00Z,"[""if (!normalized.accountId) {\n    throw new Error('Missing accountId');\n  }""]","if (!normalized.accountId) {
    throw new Error('Missing accountId');
  }",1,req-c030a4ed2690
2026-05-20,prompt-logs/inline-suggestions/2026/05/20/kiro_inline_suggestions_log.json,"def build_daily_metrics(events: list[dict]) -> dict:
    totals = summarize_events(events)
    ","
    return totals
",analytics/build_daily_metrics.py,,d-92675051d5.33a7a52f-dbf7-4f6b-89c9-43d30a61e104,2026-05-20T11:07:00Z,"[""totals['conversion_rate'] = safe_divide(totals['orders'], totals['sessions'])""]","totals['conversion_rate'] = safe_divide(totals['orders'], totals['sessions'])",1,req-c04243b1a57f
2026-05-20,prompt-logs/inline-suggestions/2026/05/20/kiro_inline_suggestions_log.json,"def build_daily_metrics(events: list[dict]) -> dict:
    totals = summarize_events(events)
    ","
    return totals
",analytics/build_daily_metrics.py,,d-92675051d5.33a7a52f-dbf7-4f6b-89c9-43d30a61e104,2026-05-20T13:09:00Z,"[""totals['conversion_rate'] = safe_divide(totals['orders'], totals['sessions'])""]","totals['conversion_rate'] = safe_divide(totals['orders'], totals['sessions'])",1,req-c43cee4f1d62
2026-05-20,prompt-logs/inline-suggestions/2026/05/20/kiro_inline_suggestions_log.json,"export async function migrateLedgerEntry(entry: LegacyLedgerEntry) {
  const normalized = normalizeLedgerEntry(entry);
  ","
  return normalized;
}
",src/payments/migrate-ledger.ts,,d-92675051d5.0ec463de-81c2-4f79-9d4c-029f7bb0f101,2026-05-20T15:50:00Z,"[""if (!normalized.accountId) {\n    throw new Error('Missing accountId');\n  }""]","if (!normalized.accountId) {
    throw new Error('Missing accountId');
  }",1,req-c59879692e17
2026-05-20,prompt-logs/inline-suggestions/2026/05/20/kiro_inline_suggestions_log.json,"describe('PaymentService', () => {
  it('retries transient failures', async () => {
    const service = createService();
    ","
  });
});
",tests/payment-service.spec.ts,,d-92675051d5.797d1e6c-6d5f-41a9-8dc7-53d2ef14e102,2026-05-20T13:21:00Z,"[""await expect(service.charge(sampleRequest)).resolves.toMatchObject({ status: 'accepted' });""]",await expect(service.charge(sampleRequest)).resolves.toMatchObject({ status: 'accepted' });,1,req-c7b42b59708c
2026-05-20,prompt-logs/inline-suggestions/2026/05/20/kiro_inline_suggestions_log.json,"const errorRateAlarm = new cloudwatch.Alarm(this, 'HighErrorRate', {
  metric: errorRateMetric,
  threshold: 0.05,
  ","
});
",infra/alarms/high_error_rate.ts,,d-92675051d5.838f6b85-1e72-4404-a193-f1b0dc79d107,2026-05-20T16:53:00Z,"[""evaluationPeriods: 3,\n  datapointsToAlarm: 2,""]","evaluationPeriods: 3,
  datapointsToAlarm: 2,",1,req-cae22c8850b4
2026-05-20,prompt-logs/inline-suggestions/2026/05/20/kiro_inline_suggestions_log.json,"def build_daily_metrics(events: list[dict]) -> dict:
    totals = summarize_events(events)
    ","
    return totals
",analytics/build_daily_metrics.py,,d-92675051d5.33a7a52f-dbf7-4f6b-89c9-43d30a61e104,2026-05-20T16:41:00Z,"[""totals['conversion_rate'] = safe_divide(totals['orders'], totals['sessions'])""]","totals['conversion_rate'] = safe_divide(totals['orders'], totals['sessions'])",1,req-ce78e88bc80e
2026-05-20,prompt-logs/inline-suggestions/2026/05/20/kiro_inline_suggestions_log.json,"const errorRateAlarm = new cloudwatch.Alarm(this, 'HighErrorRate', {
  metric: errorRateMetric,
  threshold: 0.05,
  ","
});
",infra/alarms/high_error_rate.ts,,d-92675051d5.6273ba8a-bb02-425f-b443-3d4dcb2c9108,2026-05-20T09:40:00Z,"[""evaluationPeriods: 3,\n  datapointsToAlarm: 2,""]","evaluationPeriods: 3,
  datapointsToAlarm: 2,",1,req-db3410bbaf2d
2026-05-20,prompt-logs/inline-suggestions/2026/05/20/kiro_inline_suggestions_log.json,"const errorRateAlarm = new cloudwatch.Alarm(this, 'HighErrorRate', {
  metric: errorRateMetric,
  threshold: 0.05,
  ","
});
",infra/alarms/high_error_rate.ts,,d-92675051d5.838f6b85-1e72-4404-a193-f1b0dc79d107,2026-05-20T12:21:00Z,"[""evaluationPeriods: 3,\n  datapointsToAlarm: 2,""]","evaluationPeriods: 3,
  datapointsToAlarm: 2,",1,req-db6622fdfc51
2026-05-20,prompt-logs/inline-suggestions/2026/05/20/kiro_inline_suggestions_log.json,"def build_daily_metrics(events: list[dict]) -> dict:
    totals = summarize_events(events)
    ","
    return totals
",analytics/build_daily_metrics.py,,d-92675051d5.33a7a52f-dbf7-4f6b-89c9-43d30a61e104,2026-05-20T11:44:00Z,"[""totals['conversion_rate'] = safe_divide(totals['orders'], totals['sessions'])""]","totals['conversion_rate'] = safe_divide(totals['orders'], totals['sessions'])",1,req-dcf916d98af1
2026-05-20,prompt-logs/inline-suggestions/2026/05/20/kiro_inline_suggestions_log.json,"def build_daily_metrics(events: list[dict]) -> dict:
    totals = summarize_events(events)
    ","
    return totals
",analytics/build_daily_metrics.py,,d-92675051d5.33a7a52f-dbf7-4f6b-89c9-43d30a61e104,2026-05-20T09:47:00Z,"[""totals['conversion_rate'] = safe_divide(totals['orders'], totals['sessions'])""]","totals['conversion_rate'] = safe_divide(totals['orders'], totals['sessions'])",1,req-dde61b37f27b
2026-05-20,prompt-logs/inline-suggestions/2026/05/20/kiro_inline_suggestions_log.json,"describe('PaymentService', () => {
  it('retries transient failures', async () => {
    const service = createService();
    ","
  });
});
",tests/payment-service.spec.ts,,d-92675051d5.797d1e6c-6d5f-41a9-8dc7-53d2ef14e102,2026-05-20T09:52:00Z,"[""await expect(service.charge(sampleRequest)).resolves.toMatchObject({ status: 'accepted' });""]",await expect(service.charge(sampleRequest)).resolves.toMatchObject({ status: 'accepted' });,1,req-e2d9b71a83a6
2026-05-20,prompt-logs/inline-suggestions/2026/05/20/kiro_inline_suggestions_log.json,"const errorRateAlarm = new cloudwatch.Alarm(this, 'HighErrorRate', {
  metric: errorRateMetric,
  threshold: 0.05,
  ","
});
",infra/alarms/high_error_rate.ts,,d-92675051d5.6273ba8a-bb02-425f-b443-3d4dcb2c9108,2026-05-20T12:04:00Z,"[""evaluationPeriods: 3,\n  datapointsToAlarm: 2,""]","evaluationPeriods: 3,
  datapointsToAlarm: 2,",1,req-e308fe5e9f3e
2026-05-20,prompt-logs/inline-suggestions/2026/05/20/kiro_inline_suggestions_log.json,"def build_daily_metrics(events: list[dict]) -> dict:
    totals = summarize_events(events)
    ","
    return totals
",analytics/build_daily_metrics.py,,d-92675051d5.4a0a1ddb-32de-4237-b40f-cbc81f6ae105,2026-05-20T13:26:00Z,"[""totals['conversion_rate'] = safe_divide(totals['orders'], totals['sessions'])""]","totals['conversion_rate'] = safe_divide(totals['orders'], totals['sessions'])",1,req-e70eae36e0aa
2026-05-20,prompt-logs/inline-suggestions/2026/05/20/kiro_inline_suggestions_log.json,"def build_daily_metrics(events: list[dict]) -> dict:
    totals = summarize_events(events)
    ","
    return totals
",analytics/build_daily_metrics.py,,d-92675051d5.4a0a1ddb-32de-4237-b40f-cbc81f6ae105,2026-05-20T16:31:00Z,"[""totals['conversion_rate'] = safe_divide(totals['orders'], totals['sessions'])""]","totals['conversion_rate'] = safe_divide(totals['orders'], totals['sessions'])",1,req-ea9ea279581f
2026-05-20,prompt-logs/inline-suggestions/2026/05/20/kiro_inline_suggestions_log.json,"export async function migrateLedgerEntry(entry: LegacyLedgerEntry) {
  const normalized = normalizeLedgerEntry(entry);
  ","
  return normalized;
}
",src/payments/migrate-ledger.ts,,d-92675051d5.f12818d1-8f2c-4d54-9188-4f7224a4d103,2026-05-20T18:13:00Z,"[""if (!normalized.accountId) {\n    throw new Error('Missing accountId');\n  }""]","if (!normalized.accountId) {
    throw new Error('Missing accountId');
  }",1,req-f1e0636520ba
2026-05-20,prompt-logs/inline-suggestions/2026/05/20/kiro_inline_suggestions_log.json,"export async function migrateLedgerEntry(entry: LegacyLedgerEntry) {
  const normalized = normalizeLedgerEntry(entry);
  ","
  return normalized;
}
",src/payments/migrate-ledger.ts,,d-92675051d5.0ec463de-81c2-4f79-9d4c-029f7bb0f101,2026-05-20T13:30:00Z,"[""if (!normalized.accountId) {\n    throw new Error('Missing accountId');\n  }""]","if (!normalized.accountId) {
    throw new Error('Missing accountId');
  }",1,req-f720128d962e
2026-05-20,prompt-logs/inline-suggestions/2026/05/20/kiro_inline_suggestions_log.json,"export async function migrateLedgerEntry(entry: LegacyLedgerEntry) {
  const normalized = normalizeLedgerEntry(entry);
  ","
  return normalized;
}
",src/payments/migrate-ledger.ts,,d-92675051d5.0ec463de-81c2-4f79-9d4c-029f7bb0f101,2026-05-20T10:08:00Z,"[""if (!normalized.accountId) {\n    throw new Error('Missing accountId');\n  }""]","if (!normalized.accountId) {
    throw new Error('Missing accountId');
  }",1,req-f8c6acd0954a
2026-05-20,prompt-logs/inline-suggestions/2026/05/20/kiro_inline_suggestions_log.json,"export async function migrateLedgerEntry(entry: LegacyLedgerEntry) {
  const normalized = normalizeLedgerEntry(entry);
  ","
  return normalized;
}
",src/payments/migrate-ledger.ts,,d-92675051d5.f12818d1-8f2c-4d54-9188-4f7224a4d103,2026-05-20T15:32:00Z,"[""if (!normalized.accountId) {\n    throw new Error('Missing accountId');\n  }""]","if (!normalized.accountId) {
    throw new Error('Missing accountId');
  }",1,req-fde36aeab963
2026-05-21,prompt-logs/inline-suggestions/2026/05/21/kiro_inline_suggestions_log.json,"const errorRateAlarm = new cloudwatch.Alarm(this, 'HighErrorRate', {
  metric: errorRateMetric,
  threshold: 0.05,
  ","
});
",infra/alarms/high_error_rate.ts,,d-92675051d5.838f6b85-1e72-4404-a193-f1b0dc79d107,2026-05-21T18:20:00Z,"[""evaluationPeriods: 3,\n  datapointsToAlarm: 2,""]","evaluationPeriods: 3,
  datapointsToAlarm: 2,",1,req-0530abaa9a1b
2026-05-21,prompt-logs/inline-suggestions/2026/05/21/kiro_inline_suggestions_log.json,"export async function migrateLedgerEntry(entry: LegacyLedgerEntry) {
  const normalized = normalizeLedgerEntry(entry);
  ","
  return normalized;
}
",src/payments/migrate-ledger.ts,,d-92675051d5.0ec463de-81c2-4f79-9d4c-029f7bb0f101,2026-05-21T10:31:00Z,"[""if (!normalized.accountId) {\n    throw new Error('Missing accountId');\n  }""]","if (!normalized.accountId) {
    throw new Error('Missing accountId');
  }",1,req-05ca81d6cef3
2026-05-21,prompt-logs/inline-suggestions/2026/05/21/kiro_inline_suggestions_log.json,"export async function migrateLedgerEntry(entry: LegacyLedgerEntry) {
  const normalized = normalizeLedgerEntry(entry);
  ","
  return normalized;
}
",src/payments/migrate-ledger.ts,,d-92675051d5.f12818d1-8f2c-4d54-9188-4f7224a4d103,2026-05-21T16:41:00Z,"[""if (!normalized.accountId) {\n    throw new Error('Missing accountId');\n  }""]","if (!normalized.accountId) {
    throw new Error('Missing accountId');
  }",1,req-0cc99befca8d
2026-05-21,prompt-logs/inline-suggestions/2026/05/21/kiro_inline_suggestions_log.json,"describe('PaymentService', () => {
  it('retries transient failures', async () => {
    const service = createService();
    ","
  });
});
",tests/payment-service.spec.ts,,d-92675051d5.797d1e6c-6d5f-41a9-8dc7-53d2ef14e102,2026-05-21T09:41:00Z,"[""await expect(service.charge(sampleRequest)).resolves.toMatchObject({ status: 'accepted' });""]",await expect(service.charge(sampleRequest)).resolves.toMatchObject({ status: 'accepted' });,1,req-131db1847623
2026-05-21,prompt-logs/inline-suggestions/2026/05/21/kiro_inline_suggestions_log.json,"const errorRateAlarm = new cloudwatch.Alarm(this, 'HighErrorRate', {
  metric: errorRateMetric,
  threshold: 0.05,
  ","
});
",infra/alarms/high_error_rate.ts,,d-92675051d5.838f6b85-1e72-4404-a193-f1b0dc79d107,2026-05-21T09:52:00Z,"[""evaluationPeriods: 3,\n  datapointsToAlarm: 2,""]","evaluationPeriods: 3,
  datapointsToAlarm: 2,",1,req-14ef8b14311a
2026-05-21,prompt-logs/inline-suggestions/2026/05/21/kiro_inline_suggestions_log.json,"## Validation Stage

The validation agent should receive only the artifacts needed to verify the implementation.
","
## Rollout Stage
",specs/orchestrator/workflow.md,,d-92675051d5.a9a3e94b-b147-4fb7-9934-f5ea941fd110,2026-05-21T14:48:00Z,"[""- Include the final diff summary and test evidence instead of the full planning history.\n- Stop and request human review when cost or scope exceeds policy thresholds.""]","- Include the final diff summary and test evidence instead of the full planning history.
- Stop and request human review when cost or scope exceeds policy thresholds.",1,req-25746b0efb48
2026-05-21,prompt-logs/inline-suggestions/2026/05/21/kiro_inline_suggestions_log.json,"## Guardrail Checklist

- Confirm the task is scoped to the current change.
","
- Record the outcome in the evaluation log.
",guardrails/prompt_review.md,,d-92675051d5.9b1ac779-7da0-470f-bfd8-fba1849ca111,2026-05-21T10:12:00Z,"[""- Remove duplicated policy text that is already enforced by hooks or system instructions.""]",- Remove duplicated policy text that is already enforced by hooks or system instructions.,1,req-309a4457afde
2026-05-21,prompt-logs/inline-suggestions/2026/05/21/kiro_inline_suggestions_log.json,"export async function migrateLedgerEntry(entry: LegacyLedgerEntry) {
  const normalized = normalizeLedgerEntry(entry);
  ","
  return normalized;
}
",src/payments/migrate-ledger.ts,,d-92675051d5.0ec463de-81c2-4f79-9d4c-029f7bb0f101,2026-05-21T12:55:00Z,"[""if (!normalized.accountId) {\n    throw new Error('Missing accountId');\n  }""]","if (!normalized.accountId) {
    throw new Error('Missing accountId');
  }",1,req-367791aaee79
2026-05-21,prompt-logs/inline-suggestions/2026/05/21/kiro_inline_suggestions_log.json,"describe('PaymentService', () => {
  it('retries transient failures', async () => {
    const service = createService();
    ","
  });
});
",tests/payment-service.spec.ts,,d-92675051d5.797d1e6c-6d5f-41a9-8dc7-53d2ef14e102,2026-05-21T13:52:00Z,"[""await expect(service.charge(sampleRequest)).resolves.toMatchObject({ status: 'accepted' });""]",await expect(service.charge(sampleRequest)).resolves.toMatchObject({ status: 'accepted' });,1,req-38a7049184fa
2026-05-21,prompt-logs/inline-suggestions/2026/05/21/kiro_inline_suggestions_log.json,"const errorRateAlarm = new cloudwatch.Alarm(this, 'HighErrorRate', {
  metric: errorRateMetric,
  threshold: 0.05,
  ","
});
",infra/alarms/high_error_rate.ts,,d-92675051d5.6273ba8a-bb02-425f-b443-3d4dcb2c9108,2026-05-21T16:57:00Z,"[""evaluationPeriods: 3,\n  datapointsToAlarm: 2,""]","evaluationPeriods: 3,
  datapointsToAlarm: 2,",1,req-3cc81fbd9e81
2026-05-21,prompt-logs/inline-suggestions/2026/05/21/kiro_inline_suggestions_log.json,"const errorRateAlarm = new cloudwatch.Alarm(this, 'HighErrorRate', {
  metric: errorRateMetric,
  threshold: 0.05,
  ","
});
",infra/alarms/high_error_rate.ts,,d-92675051d5.6273ba8a-bb02-425f-b443-3d4dcb2c9108,2026-05-21T11:41:00Z,"[""evaluationPeriods: 3,\n  datapointsToAlarm: 2,""]","evaluationPeriods: 3,
  datapointsToAlarm: 2,",1,req-3f36f021855d
2026-05-21,prompt-logs/inline-suggestions/2026/05/21/kiro_inline_suggestions_log.json,"## Validation Stage

The validation agent should receive only the artifacts needed to verify the implementation.
","
## Rollout Stage
",specs/orchestrator/workflow.md,,d-92675051d5.a9a3e94b-b147-4fb7-9934-f5ea941fd110,2026-05-21T10:48:00Z,"[""- Include the final diff summary and test evidence instead of the full planning history.\n- Stop and request human review when cost or scope exceeds policy thresholds.""]","- Include the final diff summary and test evidence instead of the full planning history.
- Stop and request human review when cost or scope exceeds policy thresholds.",1,req-491490a639f5
2026-05-21,prompt-logs/inline-suggestions/2026/05/21/kiro_inline_suggestions_log.json,"export async function migrateLedgerEntry(entry: LegacyLedgerEntry) {
  const normalized = normalizeLedgerEntry(entry);
  ","
  return normalized;
}
",src/payments/migrate-ledger.ts,,d-92675051d5.0ec463de-81c2-4f79-9d4c-029f7bb0f101,2026-05-21T16:12:00Z,"[""if (!normalized.accountId) {\n    throw new Error('Missing accountId');\n  }""]","if (!normalized.accountId) {
    throw new Error('Missing accountId');
  }",1,req-4bd3b2bc401a
2026-05-21,prompt-logs/inline-suggestions/2026/05/21/kiro_inline_suggestions_log.json,"export async function migrateLedgerEntry(entry: LegacyLedgerEntry) {
  const normalized = normalizeLedgerEntry(entry);
  ","
  return normalized;
}
",src/payments/migrate-ledger.ts,,d-92675051d5.0ec463de-81c2-4f79-9d4c-029f7bb0f101,2026-05-21T15:13:00Z,"[""if (!normalized.accountId) {\n    throw new Error('Missing accountId');\n  }""]","if (!normalized.accountId) {
    throw new Error('Missing accountId');
  }",1,req-4fc4991edeb0
2026-05-21,prompt-logs/inline-suggestions/2026/05/21/kiro_inline_suggestions_log.json,"## Guardrail Checklist

- Confirm the task is scoped to the current change.
","
- Record the outcome in the evaluation log.
",guardrails/prompt_review.md,,d-92675051d5.9b1ac779-7da0-470f-bfd8-fba1849ca111,2026-05-21T16:33:00Z,"[""- Remove duplicated policy text that is already enforced by hooks or system instructions.""]",- Remove duplicated policy text that is already enforced by hooks or system instructions.,1,req-52160c7bbaa4
2026-05-21,prompt-logs/inline-suggestions/2026/05/21/kiro_inline_suggestions_log.json,"def build_daily_metrics(events: list[dict]) -> dict:
    totals = summarize_events(events)
    ","
    return totals
",analytics/build_daily_metrics.py,,d-92675051d5.33a7a52f-dbf7-4f6b-89c9-43d30a61e104,2026-05-21T10:38:00Z,"[""totals['conversion_rate'] = safe_divide(totals['orders'], totals['sessions'])""]","totals['conversion_rate'] = safe_divide(totals['orders'], totals['sessions'])",1,req-539f90b885e9
2026-05-21,prompt-logs/inline-suggestions/2026/05/21/kiro_inline_suggestions_log.json,"def build_daily_metrics(events: list[dict]) -> dict:
    totals = summarize_events(events)
    ","
    return totals
",analytics/build_daily_metrics.py,,d-92675051d5.4a0a1ddb-32de-4237-b40f-cbc81f6ae105,2026-05-21T09:48:00Z,"[""totals['conversion_rate'] = safe_divide(totals['orders'], totals['sessions'])""]","totals['conversion_rate'] = safe_divide(totals['orders'], totals['sessions'])",1,req-5735acc279b1
2026-05-21,prompt-logs/inline-suggestions/2026/05/21/kiro_inline_suggestions_log.json,"export async function migrateLedgerEntry(entry: LegacyLedgerEntry) {
  const normalized = normalizeLedgerEntry(entry);
  ","
  return normalized;
}
",src/payments/migrate-ledger.ts,,d-92675051d5.0ec463de-81c2-4f79-9d4c-029f7bb0f101,2026-05-21T12:04:00Z,"[""if (!normalized.accountId) {\n    throw new Error('Missing accountId');\n  }""]","if (!normalized.accountId) {
    throw new Error('Missing accountId');
  }",1,req-5862e47b7f73
2026-05-21,prompt-logs/inline-suggestions/2026/05/21/kiro_inline_suggestions_log.json,"## Guardrail Checklist

- Confirm the task is scoped to the current change.
","
- Record the outcome in the evaluation log.
",guardrails/prompt_review.md,,d-92675051d5.9b1ac779-7da0-470f-bfd8-fba1849ca111,2026-05-21T16:19:00Z,"[""- Remove duplicated policy text that is already enforced by hooks or system instructions.""]",- Remove duplicated policy text that is already enforced by hooks or system instructions.,1,req-5cdc59317b3d
2026-05-21,prompt-logs/inline-suggestions/2026/05/21/kiro_inline_suggestions_log.json,"export async function migrateLedgerEntry(entry: LegacyLedgerEntry) {
  const normalized = normalizeLedgerEntry(entry);
  ","
  return normalized;
}
",src/payments/migrate-ledger.ts,,d-92675051d5.0ec463de-81c2-4f79-9d4c-029f7bb0f101,2026-05-21T12:37:00Z,"[""if (!normalized.accountId) {\n    throw new Error('Missing accountId');\n  }""]","if (!normalized.accountId) {
    throw new Error('Missing accountId');
  }",1,req-5d131658f7f3
2026-05-21,prompt-logs/inline-suggestions/2026/05/21/kiro_inline_suggestions_log.json,"export async function migrateLedgerEntry(entry: LegacyLedgerEntry) {
  const normalized = normalizeLedgerEntry(entry);
  ","
  return normalized;
}
",src/payments/migrate-ledger.ts,,d-92675051d5.0ec463de-81c2-4f79-9d4c-029f7bb0f101,2026-05-21T16:57:00Z,"[""if (!normalized.accountId) {\n    throw new Error('Missing accountId');\n  }""]","if (!normalized.accountId) {
    throw new Error('Missing accountId');
  }",1,req-63ffbb7bf8e4
2026-05-21,prompt-logs/inline-suggestions/2026/05/21/kiro_inline_suggestions_log.json,"def build_daily_metrics(events: list[dict]) -> dict:
    totals = summarize_events(events)
    ","
    return totals
",analytics/build_daily_metrics.py,,d-92675051d5.33a7a52f-dbf7-4f6b-89c9-43d30a61e104,2026-05-21T12:48:00Z,"[""totals['conversion_rate'] = safe_divide(totals['orders'], totals['sessions'])""]","totals['conversion_rate'] = safe_divide(totals['orders'], totals['sessions'])",1,req-6fe821b3e634
2026-05-21,prompt-logs/inline-suggestions/2026/05/21/kiro_inline_suggestions_log.json,"export async function migrateLedgerEntry(entry: LegacyLedgerEntry) {
  const normalized = normalizeLedgerEntry(entry);
  ","
  return normalized;
}
",src/payments/migrate-ledger.ts,,d-92675051d5.0ec463de-81c2-4f79-9d4c-029f7bb0f101,2026-05-21T13:10:00Z,"[""if (!normalized.accountId) {\n    throw new Error('Missing accountId');\n  }""]","if (!normalized.accountId) {
    throw new Error('Missing accountId');
  }",1,req-701f08537cab
2026-05-21,prompt-logs/inline-suggestions/2026/05/21/kiro_inline_suggestions_log.json,"export async function migrateLedgerEntry(entry: LegacyLedgerEntry) {
  const normalized = normalizeLedgerEntry(entry);
  ","
  return normalized;
}
",src/payments/migrate-ledger.ts,,d-92675051d5.f12818d1-8f2c-4d54-9188-4f7224a4d103,2026-05-21T13:25:00Z,"[""if (!normalized.accountId) {\n    throw new Error('Missing accountId');\n  }""]","if (!normalized.accountId) {
    throw new Error('Missing accountId');
  }",1,req-7249fe13da70
2026-05-21,prompt-logs/inline-suggestions/2026/05/21/kiro_inline_suggestions_log.json,"describe('PaymentService', () => {
  it('retries transient failures', async () => {
    const service = createService();
    ","
  });
});
",tests/payment-service.spec.ts,,d-92675051d5.797d1e6c-6d5f-41a9-8dc7-53d2ef14e102,2026-05-21T11:20:00Z,"[""await expect(service.charge(sampleRequest)).resolves.toMatchObject({ status: 'accepted' });""]",await expect(service.charge(sampleRequest)).resolves.toMatchObject({ status: 'accepted' });,1,req-7278e3c77af1
2026-05-21,prompt-logs/inline-suggestions/2026/05/21/kiro_inline_suggestions_log.json,"describe('PaymentService', () => {
  it('retries transient failures', async () => {
    const service = createService();
    ","
  });
});
",tests/payment-service.spec.ts,,d-92675051d5.797d1e6c-6d5f-41a9-8dc7-53d2ef14e102,2026-05-21T17:37:00Z,"[""await expect(service.charge(sampleRequest)).resolves.toMatchObject({ status: 'accepted' });""]",await expect(service.charge(sampleRequest)).resolves.toMatchObject({ status: 'accepted' });,1,req-757e202a1212
2026-05-21,prompt-logs/inline-suggestions/2026/05/21/kiro_inline_suggestions_log.json,"export async function migrateLedgerEntry(entry: LegacyLedgerEntry) {
  const normalized = normalizeLedgerEntry(entry);
  ","
  return normalized;
}
",src/payments/migrate-ledger.ts,,d-92675051d5.f12818d1-8f2c-4d54-9188-4f7224a4d103,2026-05-21T12:37:00Z,"[""if (!normalized.accountId) {\n    throw new Error('Missing accountId');\n  }""]","if (!normalized.accountId) {
    throw new Error('Missing accountId');
  }",1,req-8c213358d9ba
2026-05-21,prompt-logs/inline-suggestions/2026/05/21/kiro_inline_suggestions_log.json,"## Validation Stage

The validation agent should receive only the artifacts needed to verify the implementation.
","
## Rollout Stage
",specs/orchestrator/workflow.md,,d-92675051d5.59888cc4-2dac-4454-a84e-b7968ad4e112,2026-05-21T18:33:00Z,"[""- Include the final diff summary and test evidence instead of the full planning history.\n- Stop and request human review when cost or scope exceeds policy thresholds.""]","- Include the final diff summary and test evidence instead of the full planning history.
- Stop and request human review when cost or scope exceeds policy thresholds.",1,req-8dad1bd5a789
2026-05-21,prompt-logs/inline-suggestions/2026/05/21/kiro_inline_suggestions_log.json,"const errorRateAlarm = new cloudwatch.Alarm(this, 'HighErrorRate', {
  metric: errorRateMetric,
  threshold: 0.05,
  ","
});
",infra/alarms/high_error_rate.ts,,d-92675051d5.6273ba8a-bb02-425f-b443-3d4dcb2c9108,2026-05-21T15:03:00Z,"[""evaluationPeriods: 3,\n  datapointsToAlarm: 2,""]","evaluationPeriods: 3,
  datapointsToAlarm: 2,",1,req-9fba8f08bf9d
2026-05-21,prompt-logs/inline-suggestions/2026/05/21/kiro_inline_suggestions_log.json,"export async function migrateLedgerEntry(entry: LegacyLedgerEntry) {
  const normalized = normalizeLedgerEntry(entry);
  ","
  return normalized;
}
",src/payments/migrate-ledger.ts,,d-92675051d5.0ec463de-81c2-4f79-9d4c-029f7bb0f101,2026-05-21T14:54:00Z,"[""if (!normalized.accountId) {\n    throw new Error('Missing accountId');\n  }""]","if (!normalized.accountId) {
    throw new Error('Missing accountId');
  }",1,req-a1f779f8988f
2026-05-21,prompt-logs/inline-suggestions/2026/05/21/kiro_inline_suggestions_log.json,"describe('PaymentService', () => {
  it('retries transient failures', async () => {
    const service = createService();
    ","
  });
});
",tests/payment-service.spec.ts,,d-92675051d5.797d1e6c-6d5f-41a9-8dc7-53d2ef14e102,2026-05-21T12:31:00Z,"[""await expect(service.charge(sampleRequest)).resolves.toMatchObject({ status: 'accepted' });""]",await expect(service.charge(sampleRequest)).resolves.toMatchObject({ status: 'accepted' });,1,req-a4b90d7e5fab
2026-05-21,prompt-logs/inline-suggestions/2026/05/21/kiro_inline_suggestions_log.json,"export async function migrateLedgerEntry(entry: LegacyLedgerEntry) {
  const normalized = normalizeLedgerEntry(entry);
  ","
  return normalized;
}
",src/payments/migrate-ledger.ts,,d-92675051d5.0ec463de-81c2-4f79-9d4c-029f7bb0f101,2026-05-21T09:57:00Z,"[""if (!normalized.accountId) {\n    throw new Error('Missing accountId');\n  }""]","if (!normalized.accountId) {
    throw new Error('Missing accountId');
  }",1,req-ad23de5929d5
2026-05-21,prompt-logs/inline-suggestions/2026/05/21/kiro_inline_suggestions_log.json,"export async function migrateLedgerEntry(entry: LegacyLedgerEntry) {
  const normalized = normalizeLedgerEntry(entry);
  ","
  return normalized;
}
",src/payments/migrate-ledger.ts,,d-92675051d5.0ec463de-81c2-4f79-9d4c-029f7bb0f101,2026-05-21T10:35:00Z,"[""if (!normalized.accountId) {\n    throw new Error('Missing accountId');\n  }""]","if (!normalized.accountId) {
    throw new Error('Missing accountId');
  }",1,req-af4a13c75bdf
2026-05-21,prompt-logs/inline-suggestions/2026/05/21/kiro_inline_suggestions_log.json,"def build_daily_metrics(events: list[dict]) -> dict:
    totals = summarize_events(events)
    ","
    return totals
",analytics/build_daily_metrics.py,,d-92675051d5.4a0a1ddb-32de-4237-b40f-cbc81f6ae105,2026-05-21T09:20:00Z,"[""totals['conversion_rate'] = safe_divide(totals['orders'], totals['sessions'])""]","totals['conversion_rate'] = safe_divide(totals['orders'], totals['sessions'])",1,req-c7c765d04ee6
2026-05-21,prompt-logs/inline-suggestions/2026/05/21/kiro_inline_suggestions_log.json,"def build_daily_metrics(events: list[dict]) -> dict:
    totals = summarize_events(events)
    ","
    return totals
",analytics/build_daily_metrics.py,,d-92675051d5.4a0a1ddb-32de-4237-b40f-cbc81f6ae105,2026-05-21T14:58:00Z,"[""totals['conversion_rate'] = safe_divide(totals['orders'], totals['sessions'])""]","totals['conversion_rate'] = safe_divide(totals['orders'], totals['sessions'])",1,req-cb4d8658a650
2026-05-21,prompt-logs/inline-suggestions/2026/05/21/kiro_inline_suggestions_log.json,"const errorRateAlarm = new cloudwatch.Alarm(this, 'HighErrorRate', {
  metric: errorRateMetric,
  threshold: 0.05,
  ","
});
",infra/alarms/high_error_rate.ts,,d-92675051d5.838f6b85-1e72-4404-a193-f1b0dc79d107,2026-05-21T18:38:00Z,"[""evaluationPeriods: 3,\n  datapointsToAlarm: 2,""]","evaluationPeriods: 3,
  datapointsToAlarm: 2,",1,req-e173ee38a8f2
2026-05-21,prompt-logs/inline-suggestions/2026/05/21/kiro_inline_suggestions_log.json,"## Guardrail Checklist

- Confirm the task is scoped to the current change.
","
- Record the outcome in the evaluation log.
",guardrails/prompt_review.md,,d-92675051d5.9b1ac779-7da0-470f-bfd8-fba1849ca111,2026-05-21T15:31:00Z,"[""- Remove duplicated policy text that is already enforced by hooks or system instructions.""]",- Remove duplicated policy text that is already enforced by hooks or system instructions.,1,req-e3654600ec80
2026-05-21,prompt-logs/inline-suggestions/2026/05/21/kiro_inline_suggestions_log.json,"export async function migrateLedgerEntry(entry: LegacyLedgerEntry) {
  const normalized = normalizeLedgerEntry(entry);
  ","
  return normalized;
}
",src/payments/migrate-ledger.ts,,d-92675051d5.0ec463de-81c2-4f79-9d4c-029f7bb0f101,2026-05-21T11:19:00Z,"[""if (!normalized.accountId) {\n    throw new Error('Missing accountId');\n  }""]","if (!normalized.accountId) {
    throw new Error('Missing accountId');
  }",1,req-f07d6d4d4196
2026-05-21,prompt-logs/inline-suggestions/2026/05/21/kiro_inline_suggestions_log.json,"## Validation Stage

The validation agent should receive only the artifacts needed to verify the implementation.
","
## Rollout Stage
",specs/orchestrator/workflow.md,,d-92675051d5.a9a3e94b-b147-4fb7-9934-f5ea941fd110,2026-05-21T13:03:00Z,"[""- Include the final diff summary and test evidence instead of the full planning history.\n- Stop and request human review when cost or scope exceeds policy thresholds.""]","- Include the final diff summary and test evidence instead of the full planning history.
- Stop and request human review when cost or scope exceeds policy thresholds.",1,req-ff65f3b6ae57
2026-05-22,prompt-logs/inline-suggestions/2026/05/22/kiro_inline_suggestions_log.json,"const errorRateAlarm = new cloudwatch.Alarm(this, 'HighErrorRate', {
  metric: errorRateMetric,
  threshold: 0.05,
  ","
});
",infra/alarms/high_error_rate.ts,,d-92675051d5.838f6b85-1e72-4404-a193-f1b0dc79d107,2026-05-22T12:40:00Z,"[""evaluationPeriods: 3,\n  datapointsToAlarm: 2,""]","evaluationPeriods: 3,
  datapointsToAlarm: 2,",1,req-27258ce77bc0
2026-05-22,prompt-logs/inline-suggestions/2026/05/22/kiro_inline_suggestions_log.json,"def build_daily_metrics(events: list[dict]) -> dict:
    totals = summarize_events(events)
    ","
    return totals
",analytics/build_daily_metrics.py,,d-92675051d5.7e23e16f-5eb6-49f0-8e5d-a84c5ad99106,2026-05-22T16:56:00Z,"[""totals['conversion_rate'] = safe_divide(totals['orders'], totals['sessions'])""]","totals['conversion_rate'] = safe_divide(totals['orders'], totals['sessions'])",1,req-290f1554cb0c
2026-05-22,prompt-logs/inline-suggestions/2026/05/22/kiro_inline_suggestions_log.json,"const errorRateAlarm = new cloudwatch.Alarm(this, 'HighErrorRate', {
  metric: errorRateMetric,
  threshold: 0.05,
  ","
});
",infra/alarms/high_error_rate.ts,,d-92675051d5.838f6b85-1e72-4404-a193-f1b0dc79d107,2026-05-22T17:12:00Z,"[""evaluationPeriods: 3,\n  datapointsToAlarm: 2,""]","evaluationPeriods: 3,
  datapointsToAlarm: 2,",1,req-3763a6bca71e
2026-05-22,prompt-logs/inline-suggestions/2026/05/22/kiro_inline_suggestions_log.json,"export async function migrateLedgerEntry(entry: LegacyLedgerEntry) {
  const normalized = normalizeLedgerEntry(entry);
  ","
  return normalized;
}
",src/payments/migrate-ledger.ts,,d-92675051d5.0ec463de-81c2-4f79-9d4c-029f7bb0f101,2026-05-22T10:06:00Z,"[""if (!normalized.accountId) {\n    throw new Error('Missing accountId');\n  }""]","if (!normalized.accountId) {
    throw new Error('Missing accountId');
  }",1,req-3dbb63ee44a6
2026-05-22,prompt-logs/inline-suggestions/2026/05/22/kiro_inline_suggestions_log.json,"def build_daily_metrics(events: list[dict]) -> dict:
    totals = summarize_events(events)
    ","
    return totals
",analytics/build_daily_metrics.py,,d-92675051d5.4a0a1ddb-32de-4237-b40f-cbc81f6ae105,2026-05-22T09:04:00Z,"[""totals['conversion_rate'] = safe_divide(totals['orders'], totals['sessions'])""]","totals['conversion_rate'] = safe_divide(totals['orders'], totals['sessions'])",1,req-412e92f098d0
2026-05-22,prompt-logs/inline-suggestions/2026/05/22/kiro_inline_suggestions_log.json,"def build_daily_metrics(events: list[dict]) -> dict:
    totals = summarize_events(events)
    ","
    return totals
",analytics/build_daily_metrics.py,,d-92675051d5.33a7a52f-dbf7-4f6b-89c9-43d30a61e104,2026-05-22T11:54:00Z,"[""totals['conversion_rate'] = safe_divide(totals['orders'], totals['sessions'])""]","totals['conversion_rate'] = safe_divide(totals['orders'], totals['sessions'])",1,req-41b4eb9e677c
2026-05-22,prompt-logs/inline-suggestions/2026/05/22/kiro_inline_suggestions_log.json,"export async function migrateLedgerEntry(entry: LegacyLedgerEntry) {
  const normalized = normalizeLedgerEntry(entry);
  ","
  return normalized;
}
",src/payments/migrate-ledger.ts,,d-92675051d5.0ec463de-81c2-4f79-9d4c-029f7bb0f101,2026-05-22T14:41:00Z,"[""if (!normalized.accountId) {\n    throw new Error('Missing accountId');\n  }""]","if (!normalized.accountId) {
    throw new Error('Missing accountId');
  }",1,req-447eea47b534
2026-05-22,prompt-logs/inline-suggestions/2026/05/22/kiro_inline_suggestions_log.json,"export async function migrateLedgerEntry(entry: LegacyLedgerEntry) {
  const normalized = normalizeLedgerEntry(entry);
  ","
  return normalized;
}
",src/payments/migrate-ledger.ts,,d-92675051d5.0ec463de-81c2-4f79-9d4c-029f7bb0f101,2026-05-22T09:13:00Z,"[""if (!normalized.accountId) {\n    throw new Error('Missing accountId');\n  }""]","if (!normalized.accountId) {
    throw new Error('Missing accountId');
  }",1,req-44e44dae2ea8
2026-05-22,prompt-logs/inline-suggestions/2026/05/22/kiro_inline_suggestions_log.json,"export async function migrateLedgerEntry(entry: LegacyLedgerEntry) {
  const normalized = normalizeLedgerEntry(entry);
  ","
  return normalized;
}
",src/payments/migrate-ledger.ts,,d-92675051d5.0ec463de-81c2-4f79-9d4c-029f7bb0f101,2026-05-22T10:58:00Z,"[""if (!normalized.accountId) {\n    throw new Error('Missing accountId');\n  }""]","if (!normalized.accountId) {
    throw new Error('Missing accountId');
  }",1,req-54b88c695bbb
2026-05-22,prompt-logs/inline-suggestions/2026/05/22/kiro_inline_suggestions_log.json,"## Validation Stage

The validation agent should receive only the artifacts needed to verify the implementation.
","
## Rollout Stage
",specs/orchestrator/workflow.md,,d-92675051d5.59888cc4-2dac-4454-a84e-b7968ad4e112,2026-05-22T17:31:00Z,"[""- Include the final diff summary and test evidence instead of the full planning history.\n- Stop and request human review when cost or scope exceeds policy thresholds.""]","- Include the final diff summary and test evidence instead of the full planning history.
- Stop and request human review when cost or scope exceeds policy thresholds.",1,req-570a2724e05b
2026-05-22,prompt-logs/inline-suggestions/2026/05/22/kiro_inline_suggestions_log.json,"## Validation Stage

The validation agent should receive only the artifacts needed to verify the implementation.
","
## Rollout Stage
",specs/orchestrator/workflow.md,,d-92675051d5.a9a3e94b-b147-4fb7-9934-f5ea941fd110,2026-05-22T17:22:00Z,"[""- Include the final diff summary and test evidence instead of the full planning history.\n- Stop and request human review when cost or scope exceeds policy thresholds.""]","- Include the final diff summary and test evidence instead of the full planning history.
- Stop and request human review when cost or scope exceeds policy thresholds.",1,req-587c27a1f463
2026-05-22,prompt-logs/inline-suggestions/2026/05/22/kiro_inline_suggestions_log.json,"export async function migrateLedgerEntry(entry: LegacyLedgerEntry) {
  const normalized = normalizeLedgerEntry(entry);
  ","
  return normalized;
}
",src/payments/migrate-ledger.ts,,d-92675051d5.f12818d1-8f2c-4d54-9188-4f7224a4d103,2026-05-22T13:22:00Z,"[""if (!normalized.accountId) {\n    throw new Error('Missing accountId');\n  }""]","if (!normalized.accountId) {
    throw new Error('Missing accountId');
  }",1,req-58e7f6420b6b
2026-05-22,prompt-logs/inline-suggestions/2026/05/22/kiro_inline_suggestions_log.json,"export async function migrateLedgerEntry(entry: LegacyLedgerEntry) {
  const normalized = normalizeLedgerEntry(entry);
  ","
  return normalized;
}
",src/payments/migrate-ledger.ts,,d-92675051d5.0ec463de-81c2-4f79-9d4c-029f7bb0f101,2026-05-22T09:03:00Z,"[""if (!normalized.accountId) {\n    throw new Error('Missing accountId');\n  }""]","if (!normalized.accountId) {
    throw new Error('Missing accountId');
  }",1,req-5a10d6aa90e4
2026-05-22,prompt-logs/inline-suggestions/2026/05/22/kiro_inline_suggestions_log.json,"def build_daily_metrics(events: list[dict]) -> dict:
    totals = summarize_events(events)
    ","
    return totals
",analytics/build_daily_metrics.py,,d-92675051d5.33a7a52f-dbf7-4f6b-89c9-43d30a61e104,2026-05-22T11:50:00Z,"[""totals['conversion_rate'] = safe_divide(totals['orders'], totals['sessions'])""]","totals['conversion_rate'] = safe_divide(totals['orders'], totals['sessions'])",1,req-5cc3bd8ab46c
2026-05-22,prompt-logs/inline-suggestions/2026/05/22/kiro_inline_suggestions_log.json,"const errorRateAlarm = new cloudwatch.Alarm(this, 'HighErrorRate', {
  metric: errorRateMetric,
  threshold: 0.05,
  ","
});
",infra/alarms/high_error_rate.ts,,d-92675051d5.838f6b85-1e72-4404-a193-f1b0dc79d107,2026-05-22T12:25:00Z,"[""evaluationPeriods: 3,\n  datapointsToAlarm: 2,""]","evaluationPeriods: 3,
  datapointsToAlarm: 2,",1,req-5d7bd5685d46
2026-05-22,prompt-logs/inline-suggestions/2026/05/22/kiro_inline_suggestions_log.json,"const errorRateAlarm = new cloudwatch.Alarm(this, 'HighErrorRate', {
  metric: errorRateMetric,
  threshold: 0.05,
  ","
});
",infra/alarms/high_error_rate.ts,,d-92675051d5.6273ba8a-bb02-425f-b443-3d4dcb2c9108,2026-05-22T10:48:00Z,"[""evaluationPeriods: 3,\n  datapointsToAlarm: 2,""]","evaluationPeriods: 3,
  datapointsToAlarm: 2,",1,req-64eb42ae7294
2026-05-22,prompt-logs/inline-suggestions/2026/05/22/kiro_inline_suggestions_log.json,"def build_daily_metrics(events: list[dict]) -> dict:
    totals = summarize_events(events)
    ","
    return totals
",analytics/build_daily_metrics.py,,d-92675051d5.4a0a1ddb-32de-4237-b40f-cbc81f6ae105,2026-05-22T11:56:00Z,"[""totals['conversion_rate'] = safe_divide(totals['orders'], totals['sessions'])""]","totals['conversion_rate'] = safe_divide(totals['orders'], totals['sessions'])",1,req-6a0a44cd1f6e
2026-05-22,prompt-logs/inline-suggestions/2026/05/22/kiro_inline_suggestions_log.json,"export async function migrateLedgerEntry(entry: LegacyLedgerEntry) {
  const normalized = normalizeLedgerEntry(entry);
  ","
  return normalized;
}
",src/payments/migrate-ledger.ts,,d-92675051d5.0ec463de-81c2-4f79-9d4c-029f7bb0f101,2026-05-22T15:45:00Z,"[""if (!normalized.accountId) {\n    throw new Error('Missing accountId');\n  }""]","if (!normalized.accountId) {
    throw new Error('Missing accountId');
  }",1,req-7445f56075e1
2026-05-22,prompt-logs/inline-suggestions/2026/05/22/kiro_inline_suggestions_log.json,"def build_daily_metrics(events: list[dict]) -> dict:
    totals = summarize_events(events)
    ","
    return totals
",analytics/build_daily_metrics.py,,d-92675051d5.4a0a1ddb-32de-4237-b40f-cbc81f6ae105,2026-05-22T15:52:00Z,"[""totals['conversion_rate'] = safe_divide(totals['orders'], totals['sessions'])""]","totals['conversion_rate'] = safe_divide(totals['orders'], totals['sessions'])",1,req-82a6049baded
2026-05-22,prompt-logs/inline-suggestions/2026/05/22/kiro_inline_suggestions_log.json,"## Validation Stage

The validation agent should receive only the artifacts needed to verify the implementation.
","
## Rollout Stage
",specs/orchestrator/workflow.md,,d-92675051d5.a9a3e94b-b147-4fb7-9934-f5ea941fd110,2026-05-22T18:24:00Z,"[""- Include the final diff summary and test evidence instead of the full planning history.\n- Stop and request human review when cost or scope exceeds policy thresholds.""]","- Include the final diff summary and test evidence instead of the full planning history.
- Stop and request human review when cost or scope exceeds policy thresholds.",1,req-893af4bf5d74
2026-05-22,prompt-logs/inline-suggestions/2026/05/22/kiro_inline_suggestions_log.json,"export async function migrateLedgerEntry(entry: LegacyLedgerEntry) {
  const normalized = normalizeLedgerEntry(entry);
  ","
  return normalized;
}
",src/payments/migrate-ledger.ts,,d-92675051d5.0ec463de-81c2-4f79-9d4c-029f7bb0f101,2026-05-22T18:42:00Z,"[""if (!normalized.accountId) {\n    throw new Error('Missing accountId');\n  }""]","if (!normalized.accountId) {
    throw new Error('Missing accountId');
  }",1,req-8cf0517d0b63
2026-05-22,prompt-logs/inline-suggestions/2026/05/22/kiro_inline_suggestions_log.json,"export async function migrateLedgerEntry(entry: LegacyLedgerEntry) {
  const normalized = normalizeLedgerEntry(entry);
  ","
  return normalized;
}
",src/payments/migrate-ledger.ts,,d-92675051d5.0ec463de-81c2-4f79-9d4c-029f7bb0f101,2026-05-22T11:50:00Z,"[""if (!normalized.accountId) {\n    throw new Error('Missing accountId');\n  }""]","if (!normalized.accountId) {
    throw new Error('Missing accountId');
  }",1,req-99866ac214a1
2026-05-22,prompt-logs/inline-suggestions/2026/05/22/kiro_inline_suggestions_log.json,"export async function migrateLedgerEntry(entry: LegacyLedgerEntry) {
  const normalized = normalizeLedgerEntry(entry);
  ","
  return normalized;
}
",src/payments/migrate-ledger.ts,,d-92675051d5.f12818d1-8f2c-4d54-9188-4f7224a4d103,2026-05-22T14:53:00Z,"[""if (!normalized.accountId) {\n    throw new Error('Missing accountId');\n  }""]","if (!normalized.accountId) {
    throw new Error('Missing accountId');
  }",1,req-a0e189234866
2026-05-22,prompt-logs/inline-suggestions/2026/05/22/kiro_inline_suggestions_log.json,"def build_daily_metrics(events: list[dict]) -> dict:
    totals = summarize_events(events)
    ","
    return totals
",analytics/build_daily_metrics.py,,d-92675051d5.33a7a52f-dbf7-4f6b-89c9-43d30a61e104,2026-05-22T17:45:00Z,"[""totals['conversion_rate'] = safe_divide(totals['orders'], totals['sessions'])""]","totals['conversion_rate'] = safe_divide(totals['orders'], totals['sessions'])",1,req-a5d4f1672ed1
2026-05-22,prompt-logs/inline-suggestions/2026/05/22/kiro_inline_suggestions_log.json,"## Validation Stage

The validation agent should receive only the artifacts needed to verify the implementation.
","
## Rollout Stage
",specs/orchestrator/workflow.md,,d-92675051d5.59888cc4-2dac-4454-a84e-b7968ad4e112,2026-05-22T18:23:00Z,"[""- Include the final diff summary and test evidence instead of the full planning history.\n- Stop and request human review when cost or scope exceeds policy thresholds.""]","- Include the final diff summary and test evidence instead of the full planning history.
- Stop and request human review when cost or scope exceeds policy thresholds.",1,req-ab2e74f0a6ce
2026-05-22,prompt-logs/inline-suggestions/2026/05/22/kiro_inline_suggestions_log.json,"## Validation Stage

The validation agent should receive only the artifacts needed to verify the implementation.
","
## Rollout Stage
",specs/orchestrator/workflow.md,,d-92675051d5.59888cc4-2dac-4454-a84e-b7968ad4e112,2026-05-22T18:31:00Z,"[""- Include the final diff summary and test evidence instead of the full planning history.\n- Stop and request human review when cost or scope exceeds policy thresholds.""]","- Include the final diff summary and test evidence instead of the full planning history.
- Stop and request human review when cost or scope exceeds policy thresholds.",1,req-d1aa0ef49fa1
2026-05-22,prompt-logs/inline-suggestions/2026/05/22/kiro_inline_suggestions_log.json,"const errorRateAlarm = new cloudwatch.Alarm(this, 'HighErrorRate', {
  metric: errorRateMetric,
  threshold: 0.05,
  ","
});
",infra/alarms/high_error_rate.ts,,d-92675051d5.838f6b85-1e72-4404-a193-f1b0dc79d107,2026-05-22T14:51:00Z,"[""evaluationPeriods: 3,\n  datapointsToAlarm: 2,""]","evaluationPeriods: 3,
  datapointsToAlarm: 2,",1,req-d7a62317ed90
2026-05-22,prompt-logs/inline-suggestions/2026/05/22/kiro_inline_suggestions_log.json,"## Validation Stage

The validation agent should receive only the artifacts needed to verify the implementation.
","
## Rollout Stage
",specs/orchestrator/workflow.md,,d-92675051d5.a9a3e94b-b147-4fb7-9934-f5ea941fd110,2026-05-22T11:03:00Z,"[""- Include the final diff summary and test evidence instead of the full planning history.\n- Stop and request human review when cost or scope exceeds policy thresholds.""]","- Include the final diff summary and test evidence instead of the full planning history.
- Stop and request human review when cost or scope exceeds policy thresholds.",1,req-daaccb14905d
2026-05-22,prompt-logs/inline-suggestions/2026/05/22/kiro_inline_suggestions_log.json,"const errorRateAlarm = new cloudwatch.Alarm(this, 'HighErrorRate', {
  metric: errorRateMetric,
  threshold: 0.05,
  ","
});
",infra/alarms/high_error_rate.ts,,d-92675051d5.6273ba8a-bb02-425f-b443-3d4dcb2c9108,2026-05-22T13:32:00Z,"[""evaluationPeriods: 3,\n  datapointsToAlarm: 2,""]","evaluationPeriods: 3,
  datapointsToAlarm: 2,",1,req-dca940cb0c4c
2026-05-22,prompt-logs/inline-suggestions/2026/05/22/kiro_inline_suggestions_log.json,"def build_daily_metrics(events: list[dict]) -> dict:
    totals = summarize_events(events)
    ","
    return totals
",analytics/build_daily_metrics.py,,d-92675051d5.4a0a1ddb-32de-4237-b40f-cbc81f6ae105,2026-05-22T16:01:00Z,"[""totals['conversion_rate'] = safe_divide(totals['orders'], totals['sessions'])""]","totals['conversion_rate'] = safe_divide(totals['orders'], totals['sessions'])",1,req-e5abf5b94c07
2026-05-22,prompt-logs/inline-suggestions/2026/05/22/kiro_inline_suggestions_log.json,"const errorRateAlarm = new cloudwatch.Alarm(this, 'HighErrorRate', {
  metric: errorRateMetric,
  threshold: 0.05,
  ","
});
",infra/alarms/high_error_rate.ts,,d-92675051d5.838f6b85-1e72-4404-a193-f1b0dc79d107,2026-05-22T13:07:00Z,"[""evaluationPeriods: 3,\n  datapointsToAlarm: 2,""]","evaluationPeriods: 3,
  datapointsToAlarm: 2,",1,req-eb6538da9228
2026-05-22,prompt-logs/inline-suggestions/2026/05/22/kiro_inline_suggestions_log.json,"export async function migrateLedgerEntry(entry: LegacyLedgerEntry) {
  const normalized = normalizeLedgerEntry(entry);
  ","
  return normalized;
}
",src/payments/migrate-ledger.ts,,d-92675051d5.f12818d1-8f2c-4d54-9188-4f7224a4d103,2026-05-22T09:13:00Z,"[""if (!normalized.accountId) {\n    throw new Error('Missing accountId');\n  }""]","if (!normalized.accountId) {
    throw new Error('Missing accountId');
  }",1,req-fae0d7e797e2
2026-05-22,prompt-logs/inline-suggestions/2026/05/22/kiro_inline_suggestions_log.json,"export async function migrateLedgerEntry(entry: LegacyLedgerEntry) {
  const normalized = normalizeLedgerEntry(entry);
  ","
  return normalized;
}
",src/payments/migrate-ledger.ts,,d-92675051d5.0ec463de-81c2-4f79-9d4c-029f7bb0f101,2026-05-22T14:43:00Z,"[""if (!normalized.accountId) {\n    throw new Error('Missing accountId');\n  }""]","if (!normalized.accountId) {
    throw new Error('Missing accountId');
  }",1,req-fec343fb0c0f
2026-05-23,prompt-logs/inline-suggestions/2026/05/23/kiro_inline_suggestions_log.json,"export async function migrateLedgerEntry(entry: LegacyLedgerEntry) {
  const normalized = normalizeLedgerEntry(entry);
  ","
  return normalized;
}
",src/payments/migrate-ledger.ts,,d-92675051d5.0ec463de-81c2-4f79-9d4c-029f7bb0f101,2026-05-23T13:28:00Z,"[""if (!normalized.accountId) {\n    throw new Error('Missing accountId');\n  }""]","if (!normalized.accountId) {
    throw new Error('Missing accountId');
  }",1,req-09a60fdbafec
2026-05-23,prompt-logs/inline-suggestions/2026/05/23/kiro_inline_suggestions_log.json,"export async function migrateLedgerEntry(entry: LegacyLedgerEntry) {
  const normalized = normalizeLedgerEntry(entry);
  ","
  return normalized;
}
",src/payments/migrate-ledger.ts,,d-92675051d5.0ec463de-81c2-4f79-9d4c-029f7bb0f101,2026-05-23T13:50:00Z,"[""if (!normalized.accountId) {\n    throw new Error('Missing accountId');\n  }""]","if (!normalized.accountId) {
    throw new Error('Missing accountId');
  }",1,req-52053a2a4639
2026-05-23,prompt-logs/inline-suggestions/2026/05/23/kiro_inline_suggestions_log.json,"## Validation Stage

The validation agent should receive only the artifacts needed to verify the implementation.
","
## Rollout Stage
",specs/orchestrator/workflow.md,,d-92675051d5.59888cc4-2dac-4454-a84e-b7968ad4e112,2026-05-23T18:41:00Z,"[""- Include the final diff summary and test evidence instead of the full planning history.\n- Stop and request human review when cost or scope exceeds policy thresholds.""]","- Include the final diff summary and test evidence instead of the full planning history.
- Stop and request human review when cost or scope exceeds policy thresholds.",1,req-56751bc963a9
2026-05-23,prompt-logs/inline-suggestions/2026/05/23/kiro_inline_suggestions_log.json,"describe('PaymentService', () => {
  it('retries transient failures', async () => {
    const service = createService();
    ","
  });
});
",tests/payment-service.spec.ts,,d-92675051d5.797d1e6c-6d5f-41a9-8dc7-53d2ef14e102,2026-05-23T12:12:00Z,"[""await expect(service.charge(sampleRequest)).resolves.toMatchObject({ status: 'accepted' });""]",await expect(service.charge(sampleRequest)).resolves.toMatchObject({ status: 'accepted' });,1,req-65844fa67cf0
2026-05-23,prompt-logs/inline-suggestions/2026/05/23/kiro_inline_suggestions_log.json,"export async function migrateLedgerEntry(entry: LegacyLedgerEntry) {
  const normalized = normalizeLedgerEntry(entry);
  ","
  return normalized;
}
",src/payments/migrate-ledger.ts,,d-92675051d5.0ec463de-81c2-4f79-9d4c-029f7bb0f101,2026-05-23T17:01:00Z,"[""if (!normalized.accountId) {\n    throw new Error('Missing accountId');\n  }""]","if (!normalized.accountId) {
    throw new Error('Missing accountId');
  }",1,req-671fbc69abb7
2026-05-23,prompt-logs/inline-suggestions/2026/05/23/kiro_inline_suggestions_log.json,"export async function migrateLedgerEntry(entry: LegacyLedgerEntry) {
  const normalized = normalizeLedgerEntry(entry);
  ","
  return normalized;
}
",src/payments/migrate-ledger.ts,,d-92675051d5.0ec463de-81c2-4f79-9d4c-029f7bb0f101,2026-05-23T12:02:00Z,"[""if (!normalized.accountId) {\n    throw new Error('Missing accountId');\n  }""]","if (!normalized.accountId) {
    throw new Error('Missing accountId');
  }",1,req-977d2f39a855
2026-05-23,prompt-logs/inline-suggestions/2026/05/23/kiro_inline_suggestions_log.json,"export async function migrateLedgerEntry(entry: LegacyLedgerEntry) {
  const normalized = normalizeLedgerEntry(entry);
  ","
  return normalized;
}
",src/payments/migrate-ledger.ts,,d-92675051d5.0ec463de-81c2-4f79-9d4c-029f7bb0f101,2026-05-23T11:08:00Z,"[""if (!normalized.accountId) {\n    throw new Error('Missing accountId');\n  }""]","if (!normalized.accountId) {
    throw new Error('Missing accountId');
  }",1,req-aa37fe8da372
2026-05-23,prompt-logs/inline-suggestions/2026/05/23/kiro_inline_suggestions_log.json,"const errorRateAlarm = new cloudwatch.Alarm(this, 'HighErrorRate', {
  metric: errorRateMetric,
  threshold: 0.05,
  ","
});
",infra/alarms/high_error_rate.ts,,d-92675051d5.3b537ba7-2c3b-4a6c-aec6-61e594bd1109,2026-05-23T14:20:00Z,"[""evaluationPeriods: 3,\n  datapointsToAlarm: 2,""]","evaluationPeriods: 3,
  datapointsToAlarm: 2,",1,req-e596840cf019
2026-05-23,prompt-logs/inline-suggestions/2026/05/23/kiro_inline_suggestions_log.json,"export async function migrateLedgerEntry(entry: LegacyLedgerEntry) {
  const normalized = normalizeLedgerEntry(entry);
  ","
  return normalized;
}
",src/payments/migrate-ledger.ts,,d-92675051d5.0ec463de-81c2-4f79-9d4c-029f7bb0f101,2026-05-23T11:52:00Z,"[""if (!normalized.accountId) {\n    throw new Error('Missing accountId');\n  }""]","if (!normalized.accountId) {
    throw new Error('Missing accountId');
  }",1,req-ed751cc01da9
2026-05-24,prompt-logs/inline-suggestions/2026/05/24/kiro_inline_suggestions_log.json,"## Validation Stage

The validation agent should receive only the artifacts needed to verify the implementation.
","
## Rollout Stage
",specs/orchestrator/workflow.md,,d-92675051d5.59888cc4-2dac-4454-a84e-b7968ad4e112,2026-05-24T14:53:00Z,"[""- Include the final diff summary and test evidence instead of the full planning history.\n- Stop and request human review when cost or scope exceeds policy thresholds.""]","- Include the final diff summary and test evidence instead of the full planning history.
- Stop and request human review when cost or scope exceeds policy thresholds.",1,req-114f5df8051c
2026-05-24,prompt-logs/inline-suggestions/2026/05/24/kiro_inline_suggestions_log.json,"## Validation Stage

The validation agent should receive only the artifacts needed to verify the implementation.
","
## Rollout Stage
",specs/orchestrator/workflow.md,,d-92675051d5.a9a3e94b-b147-4fb7-9934-f5ea941fd110,2026-05-24T16:46:00Z,"[""- Include the final diff summary and test evidence instead of the full planning history.\n- Stop and request human review when cost or scope exceeds policy thresholds.""]","- Include the final diff summary and test evidence instead of the full planning history.
- Stop and request human review when cost or scope exceeds policy thresholds.",1,req-855262aa9f85
2026-05-24,prompt-logs/inline-suggestions/2026/05/24/kiro_inline_suggestions_log.json,"const errorRateAlarm = new cloudwatch.Alarm(this, 'HighErrorRate', {
  metric: errorRateMetric,
  threshold: 0.05,
  ","
});
",infra/alarms/high_error_rate.ts,,d-92675051d5.838f6b85-1e72-4404-a193-f1b0dc79d107,2026-05-24T11:01:00Z,"[""evaluationPeriods: 3,\n  datapointsToAlarm: 2,""]","evaluationPeriods: 3,
  datapointsToAlarm: 2,",1,req-bc8f35af2b41
2026-05-25,prompt-logs/inline-suggestions/2026/05/25/kiro_inline_suggestions_log.json,"export async function migrateLedgerEntry(entry: LegacyLedgerEntry) {
  const normalized = normalizeLedgerEntry(entry);
  ","
  return normalized;
}
",src/payments/migrate-ledger.ts,,d-92675051d5.0ec463de-81c2-4f79-9d4c-029f7bb0f101,2026-05-25T16:55:00Z,"[""if (!normalized.accountId) {\n    throw new Error('Missing accountId');\n  }""]","if (!normalized.accountId) {
    throw new Error('Missing accountId');
  }",1,req-0265307050c9
2026-05-25,prompt-logs/inline-suggestions/2026/05/25/kiro_inline_suggestions_log.json,"describe('PaymentService', () => {
  it('retries transient failures', async () => {
    const service = createService();
    ","
  });
});
",tests/payment-service.spec.ts,,d-92675051d5.797d1e6c-6d5f-41a9-8dc7-53d2ef14e102,2026-05-25T17:19:00Z,"[""await expect(service.charge(sampleRequest)).resolves.toMatchObject({ status: 'accepted' });""]",await expect(service.charge(sampleRequest)).resolves.toMatchObject({ status: 'accepted' });,1,req-0fd32af56f17
2026-05-25,prompt-logs/inline-suggestions/2026/05/25/kiro_inline_suggestions_log.json,"export async function migrateLedgerEntry(entry: LegacyLedgerEntry) {
  const normalized = normalizeLedgerEntry(entry);
  ","
  return normalized;
}
",src/payments/migrate-ledger.ts,,d-92675051d5.0ec463de-81c2-4f79-9d4c-029f7bb0f101,2026-05-25T14:15:00Z,"[""if (!normalized.accountId) {\n    throw new Error('Missing accountId');\n  }""]","if (!normalized.accountId) {
    throw new Error('Missing accountId');
  }",1,req-11e009c9e62f
2026-05-25,prompt-logs/inline-suggestions/2026/05/25/kiro_inline_suggestions_log.json,"describe('PaymentService', () => {
  it('retries transient failures', async () => {
    const service = createService();
    ","
  });
});
",tests/payment-service.spec.ts,,d-92675051d5.797d1e6c-6d5f-41a9-8dc7-53d2ef14e102,2026-05-25T09:02:00Z,"[""await expect(service.charge(sampleRequest)).resolves.toMatchObject({ status: 'accepted' });""]",await expect(service.charge(sampleRequest)).resolves.toMatchObject({ status: 'accepted' });,1,req-1f4aebb5b80b
2026-05-25,prompt-logs/inline-suggestions/2026/05/25/kiro_inline_suggestions_log.json,"## Guardrail Checklist

- Confirm the task is scoped to the current change.
","
- Record the outcome in the evaluation log.
",guardrails/prompt_review.md,,d-92675051d5.9b1ac779-7da0-470f-bfd8-fba1849ca111,2026-05-25T17:41:00Z,"[""- Remove duplicated policy text that is already enforced by hooks or system instructions.""]",- Remove duplicated policy text that is already enforced by hooks or system instructions.,1,req-269b86b53929
2026-05-25,prompt-logs/inline-suggestions/2026/05/25/kiro_inline_suggestions_log.json,"const errorRateAlarm = new cloudwatch.Alarm(this, 'HighErrorRate', {
  metric: errorRateMetric,
  threshold: 0.05,
  ","
});
",infra/alarms/high_error_rate.ts,,d-92675051d5.6273ba8a-bb02-425f-b443-3d4dcb2c9108,2026-05-25T13:41:00Z,"[""evaluationPeriods: 3,\n  datapointsToAlarm: 2,""]","evaluationPeriods: 3,
  datapointsToAlarm: 2,",1,req-37abf03c889c
2026-05-25,prompt-logs/inline-suggestions/2026/05/25/kiro_inline_suggestions_log.json,"## Validation Stage

The validation agent should receive only the artifacts needed to verify the implementation.
","
## Rollout Stage
",specs/orchestrator/workflow.md,,d-92675051d5.a9a3e94b-b147-4fb7-9934-f5ea941fd110,2026-05-25T13:48:00Z,"[""- Include the final diff summary and test evidence instead of the full planning history.\n- Stop and request human review when cost or scope exceeds policy thresholds.""]","- Include the final diff summary and test evidence instead of the full planning history.
- Stop and request human review when cost or scope exceeds policy thresholds.",1,req-3c1175aa6b9e
2026-05-25,prompt-logs/inline-suggestions/2026/05/25/kiro_inline_suggestions_log.json,"def build_daily_metrics(events: list[dict]) -> dict:
    totals = summarize_events(events)
    ","
    return totals
",analytics/build_daily_metrics.py,,d-92675051d5.33a7a52f-dbf7-4f6b-89c9-43d30a61e104,2026-05-25T13:26:00Z,"[""totals['conversion_rate'] = safe_divide(totals['orders'], totals['sessions'])""]","totals['conversion_rate'] = safe_divide(totals['orders'], totals['sessions'])",1,req-4535c078353c
2026-05-25,prompt-logs/inline-suggestions/2026/05/25/kiro_inline_suggestions_log.json,"export async function migrateLedgerEntry(entry: LegacyLedgerEntry) {
  const normalized = normalizeLedgerEntry(entry);
  ","
  return normalized;
}
",src/payments/migrate-ledger.ts,,d-92675051d5.0ec463de-81c2-4f79-9d4c-029f7bb0f101,2026-05-25T15:17:00Z,"[""if (!normalized.accountId) {\n    throw new Error('Missing accountId');\n  }""]","if (!normalized.accountId) {
    throw new Error('Missing accountId');
  }",1,req-49b7c2825650
2026-05-25,prompt-logs/inline-suggestions/2026/05/25/kiro_inline_suggestions_log.json,"def build_daily_metrics(events: list[dict]) -> dict:
    totals = summarize_events(events)
    ","
    return totals
",analytics/build_daily_metrics.py,,d-92675051d5.33a7a52f-dbf7-4f6b-89c9-43d30a61e104,2026-05-25T12:47:00Z,"[""totals['conversion_rate'] = safe_divide(totals['orders'], totals['sessions'])""]","totals['conversion_rate'] = safe_divide(totals['orders'], totals['sessions'])",1,req-5145cee024ce
2026-05-25,prompt-logs/inline-suggestions/2026/05/25/kiro_inline_suggestions_log.json,"const errorRateAlarm = new cloudwatch.Alarm(this, 'HighErrorRate', {
  metric: errorRateMetric,
  threshold: 0.05,
  ","
});
",infra/alarms/high_error_rate.ts,,d-92675051d5.838f6b85-1e72-4404-a193-f1b0dc79d107,2026-05-25T09:57:00Z,"[""evaluationPeriods: 3,\n  datapointsToAlarm: 2,""]","evaluationPeriods: 3,
  datapointsToAlarm: 2,",1,req-5f066fdbcda6
2026-05-25,prompt-logs/inline-suggestions/2026/05/25/kiro_inline_suggestions_log.json,"## Validation Stage

The validation agent should receive only the artifacts needed to verify the implementation.
","
## Rollout Stage
",specs/orchestrator/workflow.md,,d-92675051d5.a9a3e94b-b147-4fb7-9934-f5ea941fd110,2026-05-25T16:40:00Z,"[""- Include the final diff summary and test evidence instead of the full planning history.\n- Stop and request human review when cost or scope exceeds policy thresholds.""]","- Include the final diff summary and test evidence instead of the full planning history.
- Stop and request human review when cost or scope exceeds policy thresholds.",1,req-64949332cd0b
2026-05-25,prompt-logs/inline-suggestions/2026/05/25/kiro_inline_suggestions_log.json,"def build_daily_metrics(events: list[dict]) -> dict:
    totals = summarize_events(events)
    ","
    return totals
",analytics/build_daily_metrics.py,,d-92675051d5.33a7a52f-dbf7-4f6b-89c9-43d30a61e104,2026-05-25T10:20:00Z,"[""totals['conversion_rate'] = safe_divide(totals['orders'], totals['sessions'])""]","totals['conversion_rate'] = safe_divide(totals['orders'], totals['sessions'])",1,req-7641e2a047ae
2026-05-25,prompt-logs/inline-suggestions/2026/05/25/kiro_inline_suggestions_log.json,"export async function migrateLedgerEntry(entry: LegacyLedgerEntry) {
  const normalized = normalizeLedgerEntry(entry);
  ","
  return normalized;
}
",src/payments/migrate-ledger.ts,,d-92675051d5.0ec463de-81c2-4f79-9d4c-029f7bb0f101,2026-05-25T16:10:00Z,"[""if (!normalized.accountId) {\n    throw new Error('Missing accountId');\n  }""]","if (!normalized.accountId) {
    throw new Error('Missing accountId');
  }",1,req-79a94d3a6432
2026-05-25,prompt-logs/inline-suggestions/2026/05/25/kiro_inline_suggestions_log.json,"describe('PaymentService', () => {
  it('retries transient failures', async () => {
    const service = createService();
    ","
  });
});
",tests/payment-service.spec.ts,,d-92675051d5.797d1e6c-6d5f-41a9-8dc7-53d2ef14e102,2026-05-25T11:32:00Z,"[""await expect(service.charge(sampleRequest)).resolves.toMatchObject({ status: 'accepted' });""]",await expect(service.charge(sampleRequest)).resolves.toMatchObject({ status: 'accepted' });,1,req-89d8de4b16bf
2026-05-25,prompt-logs/inline-suggestions/2026/05/25/kiro_inline_suggestions_log.json,"export async function migrateLedgerEntry(entry: LegacyLedgerEntry) {
  const normalized = normalizeLedgerEntry(entry);
  ","
  return normalized;
}
",src/payments/migrate-ledger.ts,,d-92675051d5.0ec463de-81c2-4f79-9d4c-029f7bb0f101,2026-05-25T13:19:00Z,"[""if (!normalized.accountId) {\n    throw new Error('Missing accountId');\n  }""]","if (!normalized.accountId) {
    throw new Error('Missing accountId');
  }",1,req-90c489424cc9
2026-05-25,prompt-logs/inline-suggestions/2026/05/25/kiro_inline_suggestions_log.json,"export async function migrateLedgerEntry(entry: LegacyLedgerEntry) {
  const normalized = normalizeLedgerEntry(entry);
  ","
  return normalized;
}
",src/payments/migrate-ledger.ts,,d-92675051d5.0ec463de-81c2-4f79-9d4c-029f7bb0f101,2026-05-25T09:26:00Z,"[""if (!normalized.accountId) {\n    throw new Error('Missing accountId');\n  }""]","if (!normalized.accountId) {
    throw new Error('Missing accountId');
  }",1,req-abacf40bbf89
2026-05-25,prompt-logs/inline-suggestions/2026/05/25/kiro_inline_suggestions_log.json,"export async function migrateLedgerEntry(entry: LegacyLedgerEntry) {
  const normalized = normalizeLedgerEntry(entry);
  ","
  return normalized;
}
",src/payments/migrate-ledger.ts,,d-92675051d5.0ec463de-81c2-4f79-9d4c-029f7bb0f101,2026-05-25T17:15:00Z,"[""if (!normalized.accountId) {\n    throw new Error('Missing accountId');\n  }""]","if (!normalized.accountId) {
    throw new Error('Missing accountId');
  }",1,req-af86e359cb80
2026-05-25,prompt-logs/inline-suggestions/2026/05/25/kiro_inline_suggestions_log.json,"describe('PaymentService', () => {
  it('retries transient failures', async () => {
    const service = createService();
    ","
  });
});
",tests/payment-service.spec.ts,,d-92675051d5.797d1e6c-6d5f-41a9-8dc7-53d2ef14e102,2026-05-25T16:43:00Z,"[""await expect(service.charge(sampleRequest)).resolves.toMatchObject({ status: 'accepted' });""]",await expect(service.charge(sampleRequest)).resolves.toMatchObject({ status: 'accepted' });,1,req-b5c56d3f2f63
2026-05-25,prompt-logs/inline-suggestions/2026/05/25/kiro_inline_suggestions_log.json,"## Validation Stage

The validation agent should receive only the artifacts needed to verify the implementation.
","
## Rollout Stage
",specs/orchestrator/workflow.md,,d-92675051d5.a9a3e94b-b147-4fb7-9934-f5ea941fd110,2026-05-25T09:04:00Z,"[""- Include the final diff summary and test evidence instead of the full planning history.\n- Stop and request human review when cost or scope exceeds policy thresholds.""]","- Include the final diff summary and test evidence instead of the full planning history.
- Stop and request human review when cost or scope exceeds policy thresholds.",1,req-cc2d9d79d050
2026-05-25,prompt-logs/inline-suggestions/2026/05/25/kiro_inline_suggestions_log.json,"export async function migrateLedgerEntry(entry: LegacyLedgerEntry) {
  const normalized = normalizeLedgerEntry(entry);
  ","
  return normalized;
}
",src/payments/migrate-ledger.ts,,d-92675051d5.0ec463de-81c2-4f79-9d4c-029f7bb0f101,2026-05-25T12:55:00Z,"[""if (!normalized.accountId) {\n    throw new Error('Missing accountId');\n  }""]","if (!normalized.accountId) {
    throw new Error('Missing accountId');
  }",1,req-d01bb206a4ee
2026-05-25,prompt-logs/inline-suggestions/2026/05/25/kiro_inline_suggestions_log.json,"def build_daily_metrics(events: list[dict]) -> dict:
    totals = summarize_events(events)
    ","
    return totals
",analytics/build_daily_metrics.py,,d-92675051d5.7e23e16f-5eb6-49f0-8e5d-a84c5ad99106,2026-05-25T10:16:00Z,"[""totals['conversion_rate'] = safe_divide(totals['orders'], totals['sessions'])""]","totals['conversion_rate'] = safe_divide(totals['orders'], totals['sessions'])",1,req-d311f8b7c6f6
2026-05-25,prompt-logs/inline-suggestions/2026/05/25/kiro_inline_suggestions_log.json,"## Guardrail Checklist

- Confirm the task is scoped to the current change.
","
- Record the outcome in the evaluation log.
",guardrails/prompt_review.md,,d-92675051d5.9b1ac779-7da0-470f-bfd8-fba1849ca111,2026-05-25T09:22:00Z,"[""- Remove duplicated policy text that is already enforced by hooks or system instructions.""]",- Remove duplicated policy text that is already enforced by hooks or system instructions.,1,req-e042e1a59f23
2026-05-25,prompt-logs/inline-suggestions/2026/05/25/kiro_inline_suggestions_log.json,"const errorRateAlarm = new cloudwatch.Alarm(this, 'HighErrorRate', {
  metric: errorRateMetric,
  threshold: 0.05,
  ","
});
",infra/alarms/high_error_rate.ts,,d-92675051d5.6273ba8a-bb02-425f-b443-3d4dcb2c9108,2026-05-25T15:54:00Z,"[""evaluationPeriods: 3,\n  datapointsToAlarm: 2,""]","evaluationPeriods: 3,
  datapointsToAlarm: 2,",1,req-e20dcd96aab8
2026-05-25,prompt-logs/inline-suggestions/2026/05/25/kiro_inline_suggestions_log.json,"## Validation Stage

The validation agent should receive only the artifacts needed to verify the implementation.
","
## Rollout Stage
",specs/orchestrator/workflow.md,,d-92675051d5.59888cc4-2dac-4454-a84e-b7968ad4e112,2026-05-25T10:35:00Z,"[""- Include the final diff summary and test evidence instead of the full planning history.\n- Stop and request human review when cost or scope exceeds policy thresholds.""]","- Include the final diff summary and test evidence instead of the full planning history.
- Stop and request human review when cost or scope exceeds policy thresholds.",1,req-f013f5fc100c
2026-05-25,prompt-logs/inline-suggestions/2026/05/25/kiro_inline_suggestions_log.json,"## Validation Stage

The validation agent should receive only the artifacts needed to verify the implementation.
","
## Rollout Stage
",specs/orchestrator/workflow.md,,d-92675051d5.59888cc4-2dac-4454-a84e-b7968ad4e112,2026-05-25T11:47:00Z,"[""- Include the final diff summary and test evidence instead of the full planning history.\n- Stop and request human review when cost or scope exceeds policy thresholds.""]","- Include the final diff summary and test evidence instead of the full planning history.
- Stop and request human review when cost or scope exceeds policy thresholds.",1,req-f85fa3b98894
2026-05-25,prompt-logs/inline-suggestions/2026/05/25/kiro_inline_suggestions_log.json,"describe('PaymentService', () => {
  it('retries transient failures', async () => {
    const service = createService();
    ","
  });
});
",tests/payment-service.spec.ts,,d-92675051d5.797d1e6c-6d5f-41a9-8dc7-53d2ef14e102,2026-05-25T14:59:00Z,"[""await expect(service.charge(sampleRequest)).resolves.toMatchObject({ status: 'accepted' });""]",await expect(service.charge(sampleRequest)).resolves.toMatchObject({ status: 'accepted' });,1,req-fa46664b3946
2026-05-26,prompt-logs/inline-suggestions/2026/05/26/kiro_inline_suggestions_log.json,"## Validation Stage

The validation agent should receive only the artifacts needed to verify the implementation.
","
## Rollout Stage
",specs/orchestrator/workflow.md,,d-92675051d5.a9a3e94b-b147-4fb7-9934-f5ea941fd110,2026-05-26T13:12:00Z,"[""- Include the final diff summary and test evidence instead of the full planning history.\n- Stop and request human review when cost or scope exceeds policy thresholds.""]","- Include the final diff summary and test evidence instead of the full planning history.
- Stop and request human review when cost or scope exceeds policy thresholds.",1,req-198e05d6bc98
2026-05-26,prompt-logs/inline-suggestions/2026/05/26/kiro_inline_suggestions_log.json,"export async function migrateLedgerEntry(entry: LegacyLedgerEntry) {
  const normalized = normalizeLedgerEntry(entry);
  ","
  return normalized;
}
",src/payments/migrate-ledger.ts,,d-92675051d5.0ec463de-81c2-4f79-9d4c-029f7bb0f101,2026-05-26T16:29:00Z,"[""if (!normalized.accountId) {\n    throw new Error('Missing accountId');\n  }""]","if (!normalized.accountId) {
    throw new Error('Missing accountId');
  }",1,req-1a886719ac92
2026-05-26,prompt-logs/inline-suggestions/2026/05/26/kiro_inline_suggestions_log.json,"def build_daily_metrics(events: list[dict]) -> dict:
    totals = summarize_events(events)
    ","
    return totals
",analytics/build_daily_metrics.py,,d-92675051d5.33a7a52f-dbf7-4f6b-89c9-43d30a61e104,2026-05-26T09:19:00Z,"[""totals['conversion_rate'] = safe_divide(totals['orders'], totals['sessions'])""]","totals['conversion_rate'] = safe_divide(totals['orders'], totals['sessions'])",1,req-1d10e2fe21e5
2026-05-26,prompt-logs/inline-suggestions/2026/05/26/kiro_inline_suggestions_log.json,"## Guardrail Checklist

- Confirm the task is scoped to the current change.
","
- Record the outcome in the evaluation log.
",guardrails/prompt_review.md,,d-92675051d5.9b1ac779-7da0-470f-bfd8-fba1849ca111,2026-05-26T16:50:00Z,"[""- Remove duplicated policy text that is already enforced by hooks or system instructions.""]",- Remove duplicated policy text that is already enforced by hooks or system instructions.,1,req-22515fc96566
2026-05-26,prompt-logs/inline-suggestions/2026/05/26/kiro_inline_suggestions_log.json,"def build_daily_metrics(events: list[dict]) -> dict:
    totals = summarize_events(events)
    ","
    return totals
",analytics/build_daily_metrics.py,,d-92675051d5.33a7a52f-dbf7-4f6b-89c9-43d30a61e104,2026-05-26T12:52:00Z,"[""totals['conversion_rate'] = safe_divide(totals['orders'], totals['sessions'])""]","totals['conversion_rate'] = safe_divide(totals['orders'], totals['sessions'])",1,req-2479b719109d
2026-05-26,prompt-logs/inline-suggestions/2026/05/26/kiro_inline_suggestions_log.json,"const errorRateAlarm = new cloudwatch.Alarm(this, 'HighErrorRate', {
  metric: errorRateMetric,
  threshold: 0.05,
  ","
});
",infra/alarms/high_error_rate.ts,,d-92675051d5.838f6b85-1e72-4404-a193-f1b0dc79d107,2026-05-26T15:38:00Z,"[""evaluationPeriods: 3,\n  datapointsToAlarm: 2,""]","evaluationPeriods: 3,
  datapointsToAlarm: 2,",1,req-249f02d5e908
2026-05-26,prompt-logs/inline-suggestions/2026/05/26/kiro_inline_suggestions_log.json,"## Validation Stage

The validation agent should receive only the artifacts needed to verify the implementation.
","
## Rollout Stage
",specs/orchestrator/workflow.md,,d-92675051d5.a9a3e94b-b147-4fb7-9934-f5ea941fd110,2026-05-26T09:56:00Z,"[""- Include the final diff summary and test evidence instead of the full planning history.\n- Stop and request human review when cost or scope exceeds policy thresholds.""]","- Include the final diff summary and test evidence instead of the full planning history.
- Stop and request human review when cost or scope exceeds policy thresholds.",1,req-3468014d0a60
2026-05-26,prompt-logs/inline-suggestions/2026/05/26/kiro_inline_suggestions_log.json,"const errorRateAlarm = new cloudwatch.Alarm(this, 'HighErrorRate', {
  metric: errorRateMetric,
  threshold: 0.05,
  ","
});
",infra/alarms/high_error_rate.ts,,d-92675051d5.838f6b85-1e72-4404-a193-f1b0dc79d107,2026-05-26T17:52:00Z,"[""evaluationPeriods: 3,\n  datapointsToAlarm: 2,""]","evaluationPeriods: 3,
  datapointsToAlarm: 2,",1,req-53ef0900b249
2026-05-26,prompt-logs/inline-suggestions/2026/05/26/kiro_inline_suggestions_log.json,"## Validation Stage

The validation agent should receive only the artifacts needed to verify the implementation.
","
## Rollout Stage
",specs/orchestrator/workflow.md,,d-92675051d5.a9a3e94b-b147-4fb7-9934-f5ea941fd110,2026-05-26T10:36:00Z,"[""- Include the final diff summary and test evidence instead of the full planning history.\n- Stop and request human review when cost or scope exceeds policy thresholds.""]","- Include the final diff summary and test evidence instead of the full planning history.
- Stop and request human review when cost or scope exceeds policy thresholds.",1,req-5609a27c7acd
2026-05-26,prompt-logs/inline-suggestions/2026/05/26/kiro_inline_suggestions_log.json,"## Guardrail Checklist

- Confirm the task is scoped to the current change.
","
- Record the outcome in the evaluation log.
",guardrails/prompt_review.md,,d-92675051d5.9b1ac779-7da0-470f-bfd8-fba1849ca111,2026-05-26T15:22:00Z,"[""- Remove duplicated policy text that is already enforced by hooks or system instructions.""]",- Remove duplicated policy text that is already enforced by hooks or system instructions.,1,req-583731e58a14
2026-05-26,prompt-logs/inline-suggestions/2026/05/26/kiro_inline_suggestions_log.json,"export async function migrateLedgerEntry(entry: LegacyLedgerEntry) {
  const normalized = normalizeLedgerEntry(entry);
  ","
  return normalized;
}
",src/payments/migrate-ledger.ts,,d-92675051d5.0ec463de-81c2-4f79-9d4c-029f7bb0f101,2026-05-26T13:42:00Z,"[""if (!normalized.accountId) {\n    throw new Error('Missing accountId');\n  }""]","if (!normalized.accountId) {
    throw new Error('Missing accountId');
  }",1,req-5cfa3308ce11
2026-05-26,prompt-logs/inline-suggestions/2026/05/26/kiro_inline_suggestions_log.json,"export async function migrateLedgerEntry(entry: LegacyLedgerEntry) {
  const normalized = normalizeLedgerEntry(entry);
  ","
  return normalized;
}
",src/payments/migrate-ledger.ts,,d-92675051d5.0ec463de-81c2-4f79-9d4c-029f7bb0f101,2026-05-26T12:17:00Z,"[""if (!normalized.accountId) {\n    throw new Error('Missing accountId');\n  }""]","if (!normalized.accountId) {
    throw new Error('Missing accountId');
  }",1,req-62490ca38a49
2026-05-26,prompt-logs/inline-suggestions/2026/05/26/kiro_inline_suggestions_log.json,"export async function migrateLedgerEntry(entry: LegacyLedgerEntry) {
  const normalized = normalizeLedgerEntry(entry);
  ","
  return normalized;
}
",src/payments/migrate-ledger.ts,,d-92675051d5.0ec463de-81c2-4f79-9d4c-029f7bb0f101,2026-05-26T16:00:00Z,"[""if (!normalized.accountId) {\n    throw new Error('Missing accountId');\n  }""]","if (!normalized.accountId) {
    throw new Error('Missing accountId');
  }",1,req-6edac5cb925d
2026-05-26,prompt-logs/inline-suggestions/2026/05/26/kiro_inline_suggestions_log.json,"describe('PaymentService', () => {
  it('retries transient failures', async () => {
    const service = createService();
    ","
  });
});
",tests/payment-service.spec.ts,,d-92675051d5.797d1e6c-6d5f-41a9-8dc7-53d2ef14e102,2026-05-26T13:02:00Z,"[""await expect(service.charge(sampleRequest)).resolves.toMatchObject({ status: 'accepted' });""]",await expect(service.charge(sampleRequest)).resolves.toMatchObject({ status: 'accepted' });,1,req-767aee65b1a8
2026-05-26,prompt-logs/inline-suggestions/2026/05/26/kiro_inline_suggestions_log.json,"## Guardrail Checklist

- Confirm the task is scoped to the current change.
","
- Record the outcome in the evaluation log.
",guardrails/prompt_review.md,,d-92675051d5.9b1ac779-7da0-470f-bfd8-fba1849ca111,2026-05-26T16:06:00Z,"[""- Remove duplicated policy text that is already enforced by hooks or system instructions.""]",- Remove duplicated policy text that is already enforced by hooks or system instructions.,1,req-767e0709ee00
2026-05-26,prompt-logs/inline-suggestions/2026/05/26/kiro_inline_suggestions_log.json,"export async function migrateLedgerEntry(entry: LegacyLedgerEntry) {
  const normalized = normalizeLedgerEntry(entry);
  ","
  return normalized;
}
",src/payments/migrate-ledger.ts,,d-92675051d5.0ec463de-81c2-4f79-9d4c-029f7bb0f101,2026-05-26T13:33:00Z,"[""if (!normalized.accountId) {\n    throw new Error('Missing accountId');\n  }""]","if (!normalized.accountId) {
    throw new Error('Missing accountId');
  }",1,req-7af5aa37c355
2026-05-26,prompt-logs/inline-suggestions/2026/05/26/kiro_inline_suggestions_log.json,"export async function migrateLedgerEntry(entry: LegacyLedgerEntry) {
  const normalized = normalizeLedgerEntry(entry);
  ","
  return normalized;
}
",src/payments/migrate-ledger.ts,,d-92675051d5.0ec463de-81c2-4f79-9d4c-029f7bb0f101,2026-05-26T09:16:00Z,"[""if (!normalized.accountId) {\n    throw new Error('Missing accountId');\n  }""]","if (!normalized.accountId) {
    throw new Error('Missing accountId');
  }",1,req-851eb9710824
2026-05-26,prompt-logs/inline-suggestions/2026/05/26/kiro_inline_suggestions_log.json,"## Validation Stage

The validation agent should receive only the artifacts needed to verify the implementation.
","
## Rollout Stage
",specs/orchestrator/workflow.md,,d-92675051d5.59888cc4-2dac-4454-a84e-b7968ad4e112,2026-05-26T15:29:00Z,"[""- Include the final diff summary and test evidence instead of the full planning history.\n- Stop and request human review when cost or scope exceeds policy thresholds.""]","- Include the final diff summary and test evidence instead of the full planning history.
- Stop and request human review when cost or scope exceeds policy thresholds.",1,req-8a0ce3c3d6ce
2026-05-26,prompt-logs/inline-suggestions/2026/05/26/kiro_inline_suggestions_log.json,"const errorRateAlarm = new cloudwatch.Alarm(this, 'HighErrorRate', {
  metric: errorRateMetric,
  threshold: 0.05,
  ","
});
",infra/alarms/high_error_rate.ts,,d-92675051d5.838f6b85-1e72-4404-a193-f1b0dc79d107,2026-05-26T15:35:00Z,"[""evaluationPeriods: 3,\n  datapointsToAlarm: 2,""]","evaluationPeriods: 3,
  datapointsToAlarm: 2,",1,req-9d00a114e066
2026-05-26,prompt-logs/inline-suggestions/2026/05/26/kiro_inline_suggestions_log.json,"describe('PaymentService', () => {
  it('retries transient failures', async () => {
    const service = createService();
    ","
  });
});
",tests/payment-service.spec.ts,,d-92675051d5.797d1e6c-6d5f-41a9-8dc7-53d2ef14e102,2026-05-26T17:58:00Z,"[""await expect(service.charge(sampleRequest)).resolves.toMatchObject({ status: 'accepted' });""]",await expect(service.charge(sampleRequest)).resolves.toMatchObject({ status: 'accepted' });,1,req-a2776cf478b0
2026-05-26,prompt-logs/inline-suggestions/2026/05/26/kiro_inline_suggestions_log.json,"## Guardrail Checklist

- Confirm the task is scoped to the current change.
","
- Record the outcome in the evaluation log.
",guardrails/prompt_review.md,,d-92675051d5.9b1ac779-7da0-470f-bfd8-fba1849ca111,2026-05-26T18:38:00Z,"[""- Remove duplicated policy text that is already enforced by hooks or system instructions.""]",- Remove duplicated policy text that is already enforced by hooks or system instructions.,1,req-b28222c0cbad
2026-05-26,prompt-logs/inline-suggestions/2026/05/26/kiro_inline_suggestions_log.json,"def build_daily_metrics(events: list[dict]) -> dict:
    totals = summarize_events(events)
    ","
    return totals
",analytics/build_daily_metrics.py,,d-92675051d5.4a0a1ddb-32de-4237-b40f-cbc81f6ae105,2026-05-26T15:15:00Z,"[""totals['conversion_rate'] = safe_divide(totals['orders'], totals['sessions'])""]","totals['conversion_rate'] = safe_divide(totals['orders'], totals['sessions'])",1,req-bd51858e82b4
2026-05-26,prompt-logs/inline-suggestions/2026/05/26/kiro_inline_suggestions_log.json,"def build_daily_metrics(events: list[dict]) -> dict:
    totals = summarize_events(events)
    ","
    return totals
",analytics/build_daily_metrics.py,,d-92675051d5.33a7a52f-dbf7-4f6b-89c9-43d30a61e104,2026-05-26T13:20:00Z,"[""totals['conversion_rate'] = safe_divide(totals['orders'], totals['sessions'])""]","totals['conversion_rate'] = safe_divide(totals['orders'], totals['sessions'])",1,req-c791628e8a18
2026-05-26,prompt-logs/inline-suggestions/2026/05/26/kiro_inline_suggestions_log.json,"export async function migrateLedgerEntry(entry: LegacyLedgerEntry) {
  const normalized = normalizeLedgerEntry(entry);
  ","
  return normalized;
}
",src/payments/migrate-ledger.ts,,d-92675051d5.0ec463de-81c2-4f79-9d4c-029f7bb0f101,2026-05-26T09:14:00Z,"[""if (!normalized.accountId) {\n    throw new Error('Missing accountId');\n  }""]","if (!normalized.accountId) {
    throw new Error('Missing accountId');
  }",1,req-c936c78436c4
2026-05-26,prompt-logs/inline-suggestions/2026/05/26/kiro_inline_suggestions_log.json,"## Validation Stage

The validation agent should receive only the artifacts needed to verify the implementation.
","
## Rollout Stage
",specs/orchestrator/workflow.md,,d-92675051d5.a9a3e94b-b147-4fb7-9934-f5ea941fd110,2026-05-26T10:47:00Z,"[""- Include the final diff summary and test evidence instead of the full planning history.\n- Stop and request human review when cost or scope exceeds policy thresholds.""]","- Include the final diff summary and test evidence instead of the full planning history.
- Stop and request human review when cost or scope exceeds policy thresholds.",1,req-c9619d6f6836
2026-05-26,prompt-logs/inline-suggestions/2026/05/26/kiro_inline_suggestions_log.json,"## Validation Stage

The validation agent should receive only the artifacts needed to verify the implementation.
","
## Rollout Stage
",specs/orchestrator/workflow.md,,d-92675051d5.59888cc4-2dac-4454-a84e-b7968ad4e112,2026-05-26T15:24:00Z,"[""- Include the final diff summary and test evidence instead of the full planning history.\n- Stop and request human review when cost or scope exceeds policy thresholds.""]","- Include the final diff summary and test evidence instead of the full planning history.
- Stop and request human review when cost or scope exceeds policy thresholds.",1,req-c9fa8d4c6679
2026-05-26,prompt-logs/inline-suggestions/2026/05/26/kiro_inline_suggestions_log.json,"const errorRateAlarm = new cloudwatch.Alarm(this, 'HighErrorRate', {
  metric: errorRateMetric,
  threshold: 0.05,
  ","
});
",infra/alarms/high_error_rate.ts,,d-92675051d5.838f6b85-1e72-4404-a193-f1b0dc79d107,2026-05-26T12:47:00Z,"[""evaluationPeriods: 3,\n  datapointsToAlarm: 2,""]","evaluationPeriods: 3,
  datapointsToAlarm: 2,",1,req-d2639399690c
2026-05-26,prompt-logs/inline-suggestions/2026/05/26/kiro_inline_suggestions_log.json,"export async function migrateLedgerEntry(entry: LegacyLedgerEntry) {
  const normalized = normalizeLedgerEntry(entry);
  ","
  return normalized;
}
",src/payments/migrate-ledger.ts,,d-92675051d5.0ec463de-81c2-4f79-9d4c-029f7bb0f101,2026-05-26T17:56:00Z,"[""if (!normalized.accountId) {\n    throw new Error('Missing accountId');\n  }""]","if (!normalized.accountId) {
    throw new Error('Missing accountId');
  }",1,req-d39691dc3df9
2026-05-26,prompt-logs/inline-suggestions/2026/05/26/kiro_inline_suggestions_log.json,"## Guardrail Checklist

- Confirm the task is scoped to the current change.
","
- Record the outcome in the evaluation log.
",guardrails/prompt_review.md,,d-92675051d5.9b1ac779-7da0-470f-bfd8-fba1849ca111,2026-05-26T18:54:00Z,"[""- Remove duplicated policy text that is already enforced by hooks or system instructions.""]",- Remove duplicated policy text that is already enforced by hooks or system instructions.,1,req-e1b0e2af533d
2026-05-26,prompt-logs/inline-suggestions/2026/05/26/kiro_inline_suggestions_log.json,"## Validation Stage

The validation agent should receive only the artifacts needed to verify the implementation.
","
## Rollout Stage
",specs/orchestrator/workflow.md,,d-92675051d5.a9a3e94b-b147-4fb7-9934-f5ea941fd110,2026-05-26T10:36:00Z,"[""- Include the final diff summary and test evidence instead of the full planning history.\n- Stop and request human review when cost or scope exceeds policy thresholds.""]","- Include the final diff summary and test evidence instead of the full planning history.
- Stop and request human review when cost or scope exceeds policy thresholds.",1,req-e2eac83838b1
2026-05-26,prompt-logs/inline-suggestions/2026/05/26/kiro_inline_suggestions_log.json,"## Guardrail Checklist

- Confirm the task is scoped to the current change.
","
- Record the outcome in the evaluation log.
",guardrails/prompt_review.md,,d-92675051d5.9b1ac779-7da0-470f-bfd8-fba1849ca111,2026-05-26T12:20:00Z,"[""- Remove duplicated policy text that is already enforced by hooks or system instructions.""]",- Remove duplicated policy text that is already enforced by hooks or system instructions.,1,req-e877c17d4e58
